product_id,product_name,product_brand,product_category,product_rating,product_review_count,product_stock,product_return_rate,product_size,product_weight,product_color,product_material,product_manufacture_date,product_expiry_date,product_shelf_life,unit_price
1480,Product D,Brand Y,Electronics,2.5,560,48,0.4,Small,4.61,Red,Metal,2019-08-04 01:47:01,2022-05-28 14:54:02,250,49.72
1597,Product C,Brand X,Groceries,4.7,413,80,0.3,Medium,0.84,Blue,Metal,2019-10-23 19:59:17,2022-12-19 08:04:41,180,817.76
5142,Product B,,Toys,4.6,312,14,0.08,Medium,0.23,Green,Plastic,2018-05-12 08:00:29,2023-02-01 12:15:07,131,270.3
8447,Product A,Brand Z,Toys,1.1,110,69,0.09,Large,4.37,Blue,Wood,2019-11-15 16:17:29,2023-02-05 11:46:57,16,547.84
6025,Product C,Brand X,Clothing,3.8,172,25,0.39,Small,1.68,Red,Metal,2019-08-27 02:58:19,2023-10-05 08:13:07,57,785.29
1883,Product A,Brand Y,Clothing,3.3,678,74,0.38,Large,0.26,,Glass,2019-02-09 22:23:36,2022-10-31 01:48:25,89,751.17
7781,Product D,Brand Y,Toys,2.4,434,20,0.09,Medium,9.12,White,Plastic,2018-12-14 12:35:24,2023-11-04 17:03:25,316,340.07
8642,Product B,Brand Y,Groceries,2.4,868,60,0.26,Medium,0.58,Blue,Wood,2018-01-06 22:13:14,2022-01-24 05:50:56,360,17.7
7193,Product B,Brand Z,Groceries,,392,45,0.28,Medium,6.52,Blue,Wood,2018-12-25 09:49:50,2022-10-04 03:00:26,77,458.85
7739,Product A,Brand X,Clothing,3.6,356,61,0.03,Large,8.38,Red,Plastic,2018-02-27 19:00:28,2022-02-20 12:19:26,10,612.28
1804,Product B,Brand Y,Furniture,3.8,303,22,0.44,Small,8.99,Green,Plastic,2018-08-09 08:43:14,2022-03-12 11:30:26,359,192.98
6986,Product B,Brand X,Electronics,1.4,88,15,0.3,Medium,3.07,Blue,Glass,2019-12-02 11:35:43,2022-12-11 20:03:58,70,875.65
568,Product C,Brand Y,Clothing,4.2,141,47,0.36,Large,7.57,Black,Plastic,2019-07-24 18:30:24,2023-10-31 08:14:56,319,
1376,Product B,Brand X,Clothing,3.8,501,40,0.11,Medium,0.91,Black,Glass,2018-06-02 00:12:15,2022-10-24 23:49:44,234,81.02
7339,Product A,Brand Z,Groceries,2.8,981,49,0.18,Large,0.88,Green,Plastic,2018-03-31 01:41:59,2022-05-10 12:47:26,307,815.2
1149,Product D,Brand Y,Clothing,1.6,704,43,0.05,Medium,1.49,Red,Glass,2018-06-19 14:24:53,2022-02-12 12:43:22,133,87.71
3009,Product C,Brand Z,Groceries,1.6,939,28,0.23,Small,0.76,Blue,Wood,2019-12-20 23:34:21,2023-03-19 12:07:32,120,390.82
7414,Product C,Brand Y,Groceries,3.5,327,6,0.11,Small,4.4,Blue,Wood,2019-09-07 19:12:06,2023-12-08 00:14:04,330,241.98
5266,Product B,Brand Y,Toys,3.1,705,79,0.03,Large,2.22,Blue,Plastic,2018-08-12 00:04:32,2023-10-31 23:17:59,350,182.88
3281,Product B,Brand Z,Furniture,2.5,933,56,0.34,Large,4.64,Blue,Metal,2019-05-06 15:48:59,2023-07-07 02:17:40,349,417.57
2012,Product C,Brand Y,Furniture,1.9,78,90,0.38,Large,8.13,Blue,Metal,2019-11-06 23:13:17,2022-10-20 15:44:46,54,422.93
668,Product C,Brand X,Clothing,2.7,704,67,0.3,Large,4.37,White,Wood,2018-02-26 11:46:49,2022-07-15 00:30:04,218,542.14
8715,Product C,Brand X,Toys,4.9,48,10,0.33,Small,2.68,Green,Plastic,2018-07-29 16:14:37,2023-07-14 05:35:27,150,512.97
3445,Product A,Brand Y,Furniture,2.4,585,17,0.43,Medium,2.81,Black,Glass,2018-08-05 17:57:25,2022-07-26 17:22:44,140,211.15
3311,Product A,Brand X,Electronics,4.1,884,80,0.47,Medium,7.43,White,Glass,2019-03-20 21:07:59,2022-07-30 21:11:18,345,951.92
414,Product C,Brand Z,Toys,3.0,32,66,0.43,Medium,0.88,Black,Plastic,2018-10-03 19:03:23,2022-06-09 13:43:36,18,687.35
5367,Product A,Brand Y,Electronics,4.9,329,26,0.08,Large,1.63,Red,Wood,2018-11-04 09:09:44,2023-03-01 18:35:45,276,825.54
2614,Product C,Brand Y,Groceries,4.4,351,93,0.29,Small,7.76,Blue,Metal,2019-06-30 04:56:40,2022-04-09 02:59:43,280,446.15
4642,Product C,Brand Y,Clothing,2.9,992,81,0.17,Large,6.75,Black,Glass,2018-05-27 19:33:06,2023-05-16 01:43:05,148,833.11
3121,Product A,Brand X,Toys,4.2,486,53,0.48,Medium,3.39,Green,Wood,2018-05-24 10:35:11,2023-01-22 09:39:31,293,101.91
2843,Product D,Brand X,Toys,4.5,312,45,0.03,Large,5.97,Green,Wood,2018-12-20 18:32:16,2023-12-19 17:14:59,157,338.22
3338,Product A,Brand Y,Electronics,1.4,385,84,0.06,Large,4.75,White,Glass,2019-03-26 14:34:28,2022-05-07 17:07:47,265,15.89
4854,Product D,Brand Y,Groceries,4.3,838,13,0.3,Medium,9.59,Green,Plastic,2019-09-13 07:55:07,2023-03-11 19:06:32,252,134.44
8507,Product A,Brand X,Furniture,1.0,330,2,0.22,Medium,6.75,Green,Plastic,2019-09-19 10:14:11,2022-12-02 10:27:26,28,728.02
1067,Product A,Brand X,Electronics,3.5,354,72,0.34,Medium,8.85,Red,Plastic,2018-01-07 03:47:49,2023-05-29 07:17:37,30,129.03
8037,Product B,Brand X,Furniture,3.1,913,43,0.39,Medium,0.99,Green,Metal,2018-07-11 19:10:01,2022-03-11 22:32:34,23,422.37
3340,Product D,Brand X,Groceries,4.5,31,48,0.35,Medium,4.81,Red,Wood,2018-02-27 15:56:22,2022-02-03 04:00:14,25,113.69
4404,Product B,Brand Z,Electronics,1.5,528,4,0.25,Medium,6.79,Red,Plastic,2019-02-20 17:40:52,2023-09-07 20:22:20,121,821.95
8280,Product D,Brand X,Electronics,3.2,133,48,0.34,Large,2.86,Red,Wood,2018-07-03 20:43:56,2022-11-02 11:57:01,209,685.73
7704,Product C,Brand Z,Clothing,4.7,595,99,0.06,Small,6.88,Blue,Wood,2019-01-06 00:16:51,2022-10-08 16:08:43,84,597.0
8199,Product D,Brand X,Electronics,3.2,690,6,0.17,Large,2.79,Red,Metal,2018-06-29 03:11:43,2023-10-12 10:23:19,323,172.07
1992,Product A,Brand X,Groceries,4.3,932,77,0.08,Small,7.53,Black,Metal,2019-01-11 20:28:46,2023-04-16 07:13:00,364,632.41
2761,Product A,Brand Y,Furniture,4.5,960,64,0.41,Large,8.51,White,Wood,2019-10-14 21:37:20,2023-08-22 06:59:56,30,52.47
2771,Product C,Brand Y,Furniture,4.8,147,9,0.16,Large,8.77,Blue,Metal,2019-10-09 07:39:21,2022-05-31 12:52:43,99,175.74
9134,Product B,Brand Y,Electronics,4.6,314,68,0.45,Medium,2.46,Red,Metal,2019-04-22 06:09:12,2022-03-29 01:19:13,171,67.87
9560,Product D,Brand X,Clothing,1.2,626,6,0.28,Small,0.53,Green,Glass,2018-05-28 06:29:21,2023-01-18 19:48:23,189,377.62
8917,Product D,Brand Y,Furniture,1.3,412,34,0.04,Small,1.52,Blue,Metal,2019-10-23 12:53:32,2022-04-24 01:46:09,142,797.62
8087,Product B,Brand Z,Groceries,1.5,928,95,0.38,Small,4.46,Black,Glass,2019-12-24 23:09:39,2023-03-21 03:35:15,234,719.79
6803,Product B,Brand Z,Groceries,3.5,101,17,0.06,Small,1.18,White,Wood,2018-09-20 04:21:49,2022-08-22 01:19:22,211,807.22
7111,Product A,Brand Z,Toys,1.9,187,69,0.1,Medium,2.08,Blue,Metal,2018-04-16 01:08:44,2023-05-11 01:01:12,180,810.19
3603,Product D,Brand Y,Toys,4.0,37,12,0.22,Medium,7.22,Green,Glass,2019-01-11 22:49:41,2022-03-08 15:45:10,274,646.55
8618,Product C,Brand X,Electronics,1.7,823,59,0.2,Large,7.19,Red,Wood,2018-11-06 04:59:01,2022-02-08 23:58:49,63,422.91
8973,Product B,Brand Y,Furniture,4.6,123,70,0.32,Small,0.8,Blue,Metal,2018-12-22 07:01:16,2022-07-09 03:15:11,35,850.68
2834,Product D,Brand Y,Clothing,1.6,77,38,0.26,Small,4.7,Red,Wood,2018-08-09 05:00:39,2023-09-27 13:13:43,334,561.83
6664,Product D,Brand X,Clothing,2.4,639,98,0.15,Medium,8.07,White,Wood,2019-04-20 11:06:10,2022-05-03 00:18:00,99,226.54
1095,Product A,Brand X,Toys,2.5,909,18,0.06,Large,2.99,Black,Wood,2019-04-10 15:46:37,2023-06-12 02:28:32,112,528.3
4573,Product D,Brand Y,Electronics,3.3,592,88,0.21,Large,1.0,Black,Glass,2018-10-02 12:17:59,2023-11-26 10:51:52,216,520.44
4078,Product C,Brand Y,Furniture,1.3,187,24,0.28,Small,3.86,Green,Metal,2018-10-11 23:29:13,2023-08-01 14:41:53,9,293.39
6108,Product A,Brand Z,Groceries,3.3,395,42,0.42,Medium,1.03,Red,Glass,2019-08-21 09:37:26,2022-01-27 16:11:06,35,376.96
83,Product D,Brand Y,Clothing,5.0,768,1,0.03,Large,3.73,White,Glass,2019-11-27 05:03:40,2022-05-18 21:30:59,196,399.04
9609,Product D,Brand X,Toys,2.3,195,74,0.4,Large,4.66,Red,Plastic,2018-07-28 04:44:14,2022-08-23 06:46:35,6,328.0
3188,Product C,Brand X,Toys,1.6,490,78,0.46,Medium,2.43,Red,Plastic,2018-04-16 09:00:38,2022-02-17 22:29:44,224,190.8
7581,Product B,Brand Y,Groceries,1.2,753,54,0.05,Small,9.17,Red,Glass,2019-01-27 22:26:05,2022-09-25 06:10:07,233,656.4
921,Product A,Brand X,Clothing,4.5,196,4,0.05,Small,5.66,White,Glass,2019-10-24 08:21:43,2023-03-12 10:01:43,276,796.37
7151,Product A,Brand Y,Groceries,1.0,673,14,0.43,Medium,0.32,Green,Wood,2019-01-03 18:56:12,2023-06-05 18:01:16,326,282.33
6224,Product A,Brand X,Groceries,3.6,19,14,0.09,Medium,9.57,Black,Wood,2018-09-01 06:37:20,2023-09-13 02:08:30,223,992.41
5134,Product B,Brand Z,Toys,3.1,165,3,0.4,Small,4.55,White,Metal,2019-02-04 10:47:41,2022-11-25 00:36:25,177,885.04
288,Product D,Brand Z,Clothing,4.1,90,11,0.17,Medium,1.47,Red,Plastic,2018-02-06 11:03:38,2022-08-06 08:16:23,335,714.73
5934,Product D,Brand Z,Toys,1.5,755,17,0.09,Medium,6.13,Green,Plastic,2019-09-03 12:10:10,2022-04-01 07:54:21,11,115.54
5166,Product C,Brand Y,Groceries,3.5,630,56,0.35,Large,0.76,Green,Plastic,2018-04-02 06:09:07,2023-12-04 16:54:31,254,24.05
616,Product D,Brand X,Electronics,3.1,67,73,0.26,Large,4.69,White,Metal,2019-11-10 16:44:03,2022-04-16 04:16:38,67,418.45
7791,Product C,Brand Z,Groceries,2.9,979,30,0.22,Small,1.81,Red,Plastic,2019-07-03 08:17:45,2022-07-19 14:09:45,94,643.99
8727,Product B,Brand Z,Groceries,4.4,740,82,0.12,Medium,9.56,Black,Wood,2019-07-14 21:11:00,2022-12-19 18:23:27,203,629.13
4881,Product D,Brand Y,Toys,2.3,771,27,0.28,Medium,2.16,Green,Glass,2018-04-10 20:04:47,2023-06-28 23:51:17,255,10.18
4186,Product C,Brand Z,Clothing,4.7,359,48,0.15,Small,9.77,Red,Plastic,2019-08-10 23:29:10,2022-09-28 05:26:41,264,839.66
6054,Product A,Brand Y,Furniture,4.6,171,68,0.17,Large,8.32,White,Glass,2019-02-12 11:48:28,2022-09-16 15:09:35,260,210.56
1675,Product A,Brand Z,Toys,4.4,686,84,0.23,Small,3.31,White,Metal,2019-08-05 10:54:38,2023-11-19 04:55:04,69,778.71
6825,Product B,Brand Y,Furniture,4.8,128,17,0.27,Large,5.51,White,Wood,2019-03-22 12:25:47,2022-07-15 04:18:05,252,204.16
5553,Product C,Brand Z,Furniture,2.2,527,44,0.33,Small,2.38,Red,Wood,2019-01-05 07:27:25,2022-05-05 05:39:08,349,875.72
931,Product B,Brand X,Groceries,1.5,364,75,0.02,Small,9.38,White,Metal,2018-07-04 12:47:25,2022-05-16 23:54:03,263,565.83
3064,Product C,Brand X,Groceries,1.6,193,73,0.36,Large,7.07,White,Metal,2019-10-19 03:34:10,2023-03-01 21:44:00,75,641.25
9549,Product A,Brand Y,Furniture,1.5,674,32,0.28,Small,2.89,Black,Wood,2019-01-25 05:08:37,2023-08-15 12:41:12,180,700.06
856,Product A,Brand Z,Furniture,3.1,287,81,0.12,Medium,3.57,Green,Plastic,2019-05-06 08:33:06,2023-01-06 00:05:02,232,573.09
8854,Product B,Brand Y,Toys,1.8,775,50,0.0,Medium,5.25,Blue,Plastic,2018-06-09 05:21:04,2023-01-21 09:09:52,264,416.13
7035,Product D,Brand Z,Furniture,3.0,113,20,0.46,Small,8.42,Red,Glass,2018-02-14 15:40:27,2022-03-07 10:32:34,250,839.22
6919,Product B,Brand Z,Furniture,1.7,811,85,0.1,Large,1.07,Red,Wood,2019-07-20 04:49:21,2022-03-07 18:17:30,353,859.96
2216,Product C,Brand Y,Electronics,1.3,293,79,0.33,Large,3.37,White,Metal,2018-07-26 19:32:23,2023-10-13 10:08:13,242,28.36
5306,Product B,Brand Y,Groceries,1.9,849,0,0.13,Large,4.04,Green,Plastic,2019-08-20 02:16:28,2022-12-06 00:36:42,203,276.04
9299,Product D,Brand Y,Electronics,1.6,968,15,0.15,Large,8.0,Green,Wood,2018-04-25 13:05:57,2023-09-07 02:59:53,302,853.54
3249,Product B,Brand Y,Electronics,4.7,336,24,0.07,Medium,2.4,White,Glass,2019-01-04 14:45:50,2023-02-21 02:11:22,110,908.65
5253,Product D,Brand Y,Groceries,2.3,748,70,0.04,Large,6.58,Blue,Metal,2019-06-06 22:40:05,2023-06-14 01:45:46,199,80.12
8534,Product B,Brand X,Toys,2.1,541,5,0.12,Medium,0.8,Red,Glass,2018-09-10 09:41:15,2022-07-10 20:02:31,36,607.74
642,Product A,Brand Z,Electronics,1.9,429,48,0.09,Small,4.31,Red,Plastic,2019-05-24 14:38:31,2023-05-15 22:15:34,114,314.24
3653,Product D,Brand Y,Furniture,4.9,750,10,0.33,Large,3.29,Blue,Plastic,2018-04-17 16:11:48,2023-04-12 14:43:03,310,972.47
460,Product C,Brand Z,Electronics,2.0,65,75,0.4,Medium,2.25,Green,Wood,2018-07-11 11:37:58,2023-01-11 12:57:57,347,679.18
9847,Product B,Brand Y,Clothing,1.9,205,19,0.38,Medium,3.57,Green,Metal,2019-09-22 14:58:45,2023-03-02 11:40:00,73,622.24
9870,Product C,Brand X,Furniture,3.4,808,21,0.49,Medium,9.7,Black,Metal,2019-04-24 10:47:27,2023-01-24 18:48:58,151,573.26
8929,Product A,Brand Y,Clothing,3.7,123,67,0.12,Small,6.93,Green,Glass,2018-08-08 11:24:58,2022-11-02 13:56:37,119,518.11
9862,Product B,Brand X,Groceries,1.7,214,6,0.39,Small,7.73,White,Wood,2018-08-27 02:36:10,2023-07-18 11:17:57,256,463.11
2213,Product B,Brand Y,Toys,1.4,332,68,0.22,Small,1.38,White,Metal,2019-01-04 09:40:43,2023-04-21 18:13:36,143,570.42
8141,Product C,Brand Z,Clothing,3.2,603,40,0.29,Medium,1.61,Blue,Plastic,2019-02-25 16:16:04,2022-06-16 17:34:32,22,963.53
8947,Product B,Brand Y,Groceries,3.4,751,32,0.08,Large,0.35,Black,Metal,2018-10-26 04:09:41,2023-04-15 14:22:59,362,350.12
5859,Product B,Brand Z,Furniture,1.7,837,40,0.28,Large,8.61,Black,Metal,2019-05-11 09:53:33,2023-04-23 09:34:40,236,163.01
735,Product D,Brand X,Furniture,3.6,177,32,0.45,Large,0.41,Blue,Glass,2018-06-16 22:23:46,2022-11-09 02:14:33,232,859.73
881,Product B,Brand Y,Electronics,2.5,15,41,0.41,Small,0.51,Green,Wood,2019-10-02 22:29:30,2023-01-10 15:56:01,86,725.8
1044,Product C,Brand X,Groceries,4.6,558,91,0.27,Medium,0.24,Green,Glass,2018-09-16 21:54:31,2022-11-24 09:50:40,167,505.65
6049,Product A,Brand Y,Clothing,5.0,839,84,0.22,Large,5.51,White,Glass,2018-07-02 20:56:33,2022-11-14 02:03:19,313,100.26
3833,Product A,Brand Z,Groceries,4.3,88,74,0.1,Small,2.09,Black,Plastic,2018-05-10 23:03:29,2023-11-28 18:40:35,1,384.25
5806,Product C,Brand Y,Groceries,3.7,610,61,0.44,Large,9.23,Red,Wood,2019-11-09 05:55:35,2022-11-13 06:40:12,77,427.34
2457,Product A,Brand Y,Electronics,2.6,588,91,0.32,Medium,0.86,White,Metal,2018-07-05 08:09:22,2022-11-17 16:33:10,86,663.36
7291,Product C,Brand Z,Clothing,3.3,490,62,0.29,Large,2.67,Black,Wood,2018-09-21 21:19:07,2022-06-27 07:25:17,232,392.31
8010,Product C,Brand X,Electronics,4.5,523,91,0.33,Large,2.13,Red,Wood,2019-04-01 07:15:13,2023-11-25 11:31:12,7,299.7
6486,Product A,Brand X,Toys,3.0,202,27,0.17,Small,0.69,Blue,Metal,2018-02-05 20:27:44,2023-02-09 01:43:21,158,409.93
2593,Product D,Brand Z,Toys,2.7,762,74,0.38,Large,1.02,Green,Metal,2018-11-30 14:20:56,2023-09-17 00:03:58,160,100.86
7307,Product D,Brand Z,Toys,1.9,355,45,0.02,Medium,3.56,Green,Wood,2019-01-02 22:21:40,2023-02-10 22:47:23,199,62.47
4103,Product C,Brand Y,Electronics,3.0,596,90,0.45,Large,7.44,Red,Wood,2019-10-15 05:40:16,2022-07-29 04:01:14,270,718.62
7077,Product A,Brand Z,Groceries,3.3,502,84,0.2,Small,9.95,Blue,Wood,2018-10-05 09:11:35,2022-04-06 07:49:49,112,589.1
3767,Product A,Brand Y,Furniture,3.8,700,67,0.06,Small,6.96,Green,Glass,2018-11-30 10:54:27,2023-05-15 00:45:08,137,237.01
258,Product A,Brand Z,Toys,3.2,205,95,0.03,Medium,2.13,Black,Metal,2019-04-22 10:30:03,2022-10-21 10:46:51,137,272.0
5052,Product D,Brand X,Groceries,1.9,103,87,0.33,Medium,3.8,Red,Plastic,2019-07-08 13:14:45,2022-10-29 22:08:51,250,590.66
6295,Product B,Brand X,Clothing,3.7,820,23,0.31,Small,4.02,Blue,Plastic,2019-10-02 01:53:46,2023-03-30 14:35:48,150,672.36
7392,Product D,Brand X,Toys,1.3,13,5,0.5,Small,2.26,Black,Plastic,2019-08-08 17:44:20,2022-08-04 20:08:35,154,178.54
5392,Product D,Brand Y,Clothing,3.3,928,78,0.43,Small,8.09,Black,Plastic,2018-08-29 10:18:02,2022-11-04 10:27:38,276,305.23
7113,Product A,Brand X,Toys,3.2,649,40,0.26,Medium,3.56,White,Glass,2018-06-21 21:58:32,2023-10-16 13:59:11,59,173.8
8757,Product B,Brand Y,Groceries,1.7,474,6,0.19,Small,7.88,Green,Metal,2018-05-12 03:58:44,2023-08-18 17:38:42,360,573.35
7061,Product D,Brand Z,Furniture,4.4,679,83,0.18,Large,6.02,Red,Glass,2018-09-07 07:10:55,2023-01-06 08:10:33,359,272.17
8348,Product B,Brand Z,Toys,4.3,253,54,0.02,Medium,9.4,Black,Metal,2018-08-23 00:56:23,2023-06-19 08:30:42,110,915.09
2900,Product D,Brand Y,Clothing,4.5,223,65,0.42,Medium,6.02,Blue,Glass,2019-10-30 08:37:32,2023-04-23 09:13:09,242,816.23
8378,Product C,Brand Y,Clothing,4.7,203,60,0.18,Medium,4.52,Blue,Plastic,2018-06-28 15:10:09,2023-06-15 00:51:37,52,569.78
2913,Product D,Brand X,Toys,2.8,122,11,0.2,Small,6.08,Green,Wood,2019-02-04 18:57:38,2023-10-07 18:15:05,319,632.12
8768,Product B,Brand X,Clothing,4.3,469,86,0.28,Large,4.1,Black,Glass,2018-12-05 00:50:50,2022-06-03 12:44:42,312,800.59
2574,Product D,Brand X,Groceries,1.5,622,92,0.02,Small,6.7,White,Wood,2018-01-21 06:53:32,2022-02-08 23:43:50,275,709.52
7152,Product A,Brand X,Groceries,2.2,969,70,0.23,Medium,1.66,White,Metal,2019-05-27 11:21:51,2023-03-09 01:20:13,323,132.28
100,Product D,Brand Y,Toys,2.4,521,87,0.35,Large,6.68,Red,Wood,2018-09-23 05:24:09,2023-02-17 15:50:47,210,629.45
5647,Product A,Brand Z,Toys,1.7,675,75,0.3,Large,1.78,Black,Wood,2018-12-03 15:51:03,2023-02-12 18:14:51,341,175.27
6698,Product B,Brand X,Furniture,2.5,276,71,0.46,Medium,8.99,Green,Plastic,2018-11-20 21:00:20,2023-08-20 11:28:56,332,685.53
9463,Product A,Brand Y,Toys,1.9,580,90,0.02,Medium,6.05,Black,Plastic,2018-01-12 16:06:56,2023-09-02 10:31:15,212,987.76
8637,Product C,Brand Y,Toys,2.6,956,43,0.34,Small,6.83,Red,Wood,2019-02-11 04:08:43,2022-07-29 05:58:30,357,367.28
8464,Product A,Brand X,Clothing,4.5,267,33,0.05,Medium,9.29,Green,Wood,2018-11-08 04:09:04,2023-07-25 02:25:14,157,833.18
4823,Product A,Brand Z,Electronics,4.1,236,11,0.11,Large,2.06,White,Metal,2019-06-14 04:03:55,2022-05-23 15:28:01,132,618.24
5413,Product D,Brand X,Toys,1.5,558,25,0.1,Medium,7.82,Red,Plastic,2018-01-22 16:53:11,2022-10-16 04:10:51,294,81.6
7782,Product D,Brand Y,Electronics,3.9,833,93,0.48,Large,9.35,Blue,Glass,2019-12-07 11:42:32,2023-05-01 01:01:46,137,326.04
9466,Product A,Brand X,Toys,1.1,566,54,0.48,Large,1.54,Blue,Wood,2018-01-16 04:17:21,2023-07-20 00:44:15,229,386.6
3697,Product B,Brand Z,Groceries,4.9,903,72,0.42,Medium,9.65,Blue,Metal,2019-09-30 10:28:34,2022-08-14 21:10:43,346,843.12
3946,Product C,Brand Y,Furniture,1.8,256,63,0.05,Small,8.28,Black,Glass,2019-10-25 00:07:03,2023-08-20 12:49:51,246,366.63
8594,Product A,Brand Y,Furniture,4.6,994,66,0.25,Small,7.76,Green,Metal,2019-12-28 04:53:23,2022-06-15 02:41:15,47,212.82
1877,Product A,Brand Z,Clothing,3.6,191,46,0.08,Medium,8.03,Green,Wood,2019-08-16 17:31:17,2023-02-04 14:27:17,190,349.41
1082,Product B,Brand Z,Clothing,1.8,685,47,0.35,Medium,1.33,Green,Metal,2019-10-15 19:36:11,2023-12-11 23:57:51,338,844.21
9399,Product D,Brand X,Toys,2.0,145,26,0.43,Medium,9.23,Red,Metal,2019-06-17 19:28:44,2023-05-19 09:33:49,139,208.19
6932,Product C,Brand X,Toys,2.2,591,76,0.04,Small,8.56,White,Glass,2019-11-10 23:29:56,2022-01-17 01:40:21,166,166.6
5101,Product B,Brand X,Toys,1.4,233,99,0.39,Medium,1.04,Red,Plastic,2018-05-12 02:27:25,2023-04-21 08:05:38,258,433.34
4685,Product C,Brand Y,Groceries,1.0,970,38,0.0,Small,2.07,Blue,Wood,2018-02-08 15:45:36,2022-06-19 20:30:10,218,79.46
3872,Product D,Brand Y,Clothing,3.1,163,84,0.39,Small,5.78,Red,Wood,2018-02-15 07:15:08,2022-05-13 03:12:32,26,698.48
7019,Product C,Brand Y,Groceries,3.5,891,20,0.32,Medium,3.25,Green,Glass,2019-06-27 17:04:27,2022-04-05 18:41:13,312,134.72
6216,Product D,Brand X,Furniture,1.8,720,33,0.49,Medium,2.06,Red,Metal,2018-12-09 22:12:04,2023-05-17 04:33:28,19,766.2
4913,Product C,Brand Z,Toys,3.8,894,18,0.14,Small,7.29,Blue,Glass,2018-11-07 19:27:38,2022-01-15 22:00:31,157,907.25
9042,Product B,Brand Z,Clothing,3.1,847,63,0.14,Medium,5.51,Green,Plastic,2018-10-23 23:18:15,2023-01-28 16:14:45,75,30.05
9742,Product B,Brand X,Clothing,2.9,924,20,0.34,Large,6.31,Blue,Glass,2018-02-12 20:29:13,2023-08-23 22:30:55,354,381.55
9080,Product A,Brand Z,Clothing,3.6,173,49,0.1,Small,5.15,Black,Glass,2019-05-22 18:41:05,2023-04-17 00:02:20,304,112.31
2352,Product D,Brand Z,Clothing,4.5,918,59,0.5,Large,0.3,Green,Plastic,2019-03-06 10:30:14,2022-03-11 09:37:34,291,595.19
6456,Product A,Brand X,Toys,4.1,855,9,0.07,Medium,9.27,Green,Wood,2019-04-15 13:26:05,2022-09-30 22:28:29,129,445.5
4643,Product C,Brand X,Clothing,2.0,861,86,0.3,Medium,1.26,Red,Glass,2018-09-16 03:23:30,2023-08-19 19:39:08,67,736.13
322,Product B,Brand X,Clothing,5.0,711,60,0.49,Large,4.63,White,Glass,2019-12-02 07:50:48,2022-01-31 01:53:31,174,653.95
7148,Product C,Brand Y,Toys,3.8,250,81,0.45,Small,4.67,Black,Metal,2019-12-31 21:45:02,2023-12-10 19:52:53,246,714.51
4092,Product C,Brand Z,Groceries,1.2,900,67,0.47,Small,7.35,Blue,Plastic,2018-04-06 21:20:30,2023-11-14 20:48:17,236,826.72
7229,Product C,Brand X,Furniture,2.6,369,65,0.33,Medium,7.17,Black,Wood,2018-02-28 18:35:13,2023-06-03 13:57:18,9,986.39
1621,Product B,Brand Y,Clothing,2.2,934,38,0.42,Medium,1.83,White,Wood,2018-10-23 18:52:12,2023-12-06 19:13:00,145,477.76
8823,Product A,Brand Z,Groceries,4.8,543,92,0.27,Small,9.84,Blue,Glass,2018-01-17 04:47:22,2023-12-19 02:07:47,168,634.59
1201,Product A,Brand X,Clothing,1.2,890,90,0.01,Medium,0.56,Black,Plastic,2018-01-16 22:38:37,2023-06-01 09:32:24,54,735.33
5170,Product C,Brand Z,Electronics,2.1,288,63,0.42,Large,9.33,Black,Wood,2019-09-09 20:14:31,2022-12-24 01:17:34,110,583.77
6645,Product A,Brand Z,Toys,2.2,384,28,0.02,Medium,1.02,Blue,Wood,2018-06-14 13:57:03,2022-05-04 14:02:09,203,492.0
1447,Product B,Brand X,Clothing,2.4,570,42,0.23,Medium,2.46,Black,Metal,2019-07-18 18:01:54,2022-11-25 22:46:02,346,19.38
5720,Product C,Brand X,Electronics,4.5,951,92,0.36,Large,8.61,White,Plastic,2019-01-23 23:07:00,2023-12-13 06:37:51,305,554.48
6928,Product D,Brand X,Furniture,3.9,562,36,0.02,Small,5.95,Blue,Metal,2018-07-06 15:35:06,2022-01-28 21:02:04,166,757.48
6159,Product D,Brand X,Electronics,2.4,516,40,0.46,Large,2.93,Blue,Wood,2018-01-13 21:19:06,2022-06-04 09:34:55,212,735.46
8968,Product B,Brand X,Furniture,3.3,796,12,0.01,Large,9.17,Red,Metal,2019-11-23 23:17:01,2022-11-05 14:25:57,79,184.2
6892,Product A,Brand X,Groceries,4.3,623,80,0.3,Small,2.37,Green,Wood,2018-08-23 08:08:05,2023-12-01 12:18:26,331,201.0
2083,Product C,Brand X,Groceries,1.1,904,61,0.3,Large,8.91,Green,Plastic,2018-06-23 06:17:30,2022-10-22 23:35:26,117,57.44
7671,Product D,Brand Z,Clothing,2.8,176,61,0.13,Small,0.39,Red,Metal,2019-02-03 16:19:44,2022-04-08 18:51:36,213,168.06
3958,Product B,Brand X,Electronics,1.8,728,26,0.47,Medium,0.36,Blue,Metal,2019-08-22 14:54:37,2023-04-30 02:07:20,161,96.98
5962,Product B,Brand Z,Clothing,4.3,986,73,0.24,Small,5.25,Blue,Wood,2018-10-19 19:00:00,2023-09-04 06:35:48,6,275.12
5721,Product A,Brand Z,Clothing,4.4,786,34,0.22,Small,3.4,Green,Plastic,2018-02-03 16:16:59,2022-12-21 09:18:13,202,928.48
2848,Product B,Brand Y,Furniture,4.4,448,81,0.17,Large,8.33,White,Metal,2018-05-26 15:18:12,2022-06-15 07:53:27,2,81.25
2896,Product A,Brand Z,Groceries,2.3,128,62,0.47,Large,2.26,Red,Metal,2018-06-02 04:18:20,2022-09-08 15:06:30,226,198.41
5936,Product B,Brand Y,Furniture,3.6,61,56,0.33,Small,0.7,White,Plastic,2019-07-18 00:26:00,2023-09-23 19:15:48,253,5.19
1310,Product C,Brand X,Clothing,3.1,235,88,0.12,Large,3.13,Green,Plastic,2019-04-07 07:02:07,2022-09-19 09:45:48,89,333.78
9502,Product D,Brand X,Furniture,4.8,632,43,0.19,Small,4.61,Black,Plastic,2018-08-14 15:49:15,2023-01-07 17:00:28,130,286.14
4429,Product A,Brand X,Clothing,2.7,908,40,0.43,Medium,5.59,White,Glass,2019-10-06 03:34:58,2022-03-02 04:27:26,46,81.23
92,Product D,Brand Z,Groceries,4.4,701,5,0.13,Large,8.5,Green,Plastic,2018-06-03 13:48:29,2022-04-27 01:53:51,107,650.31
2021,Product C,Brand X,Electronics,4.2,875,3,0.39,Large,0.11,Red,Plastic,2018-01-27 01:37:41,2022-01-15 03:07:10,348,571.09
1674,Product B,Brand Z,Furniture,4.5,567,18,0.1,Large,4.08,Blue,Plastic,2018-05-23 02:41:30,2022-03-19 22:23:21,6,588.44
3582,Product A,Brand Z,Groceries,4.1,769,62,0.32,Small,1.86,White,Glass,2018-08-23 12:59:53,2022-07-31 23:10:25,350,127.63
946,Product C,Brand Z,Clothing,3.7,218,21,0.21,Small,8.27,Black,Metal,2018-07-17 01:55:36,2022-11-18 11:31:05,167,313.98
7345,Product D,Brand Z,Toys,4.8,697,23,0.44,Large,4.63,White,Wood,2018-07-28 11:47:18,2023-03-29 03:16:52,290,287.94
5850,Product C,Brand Y,Clothing,1.3,382,75,0.09,Small,3.25,Red,Wood,2019-09-29 21:13:53,2023-12-12 18:44:52,319,822.97
8171,Product A,Brand Y,Groceries,2.5,857,14,0.17,Medium,0.43,White,Wood,2018-05-04 22:31:36,2023-02-12 21:42:35,71,243.76
9526,Product A,Brand Z,Toys,1.4,345,70,0.49,Small,4.47,White,Glass,2018-08-20 23:10:17,2023-12-29 09:09:04,201,832.98
9284,Product A,Brand Y,Electronics,3.7,738,27,0.46,Medium,3.53,Green,Wood,2018-04-25 13:56:17,2022-11-18 11:21:26,291,780.72
4839,Product A,Brand X,Furniture,4.0,286,28,0.13,Medium,7.44,Black,Metal,2019-12-29 00:14:33,2022-01-02 04:03:21,73,609.48
4508,Product C,Brand Z,Clothing,4.7,183,43,0.39,Large,1.43,Green,Wood,2018-03-15 10:33:02,2022-08-22 11:56:06,208,214.76
7027,Product D,Brand Y,Groceries,3.8,165,72,0.28,Medium,7.38,Black,Plastic,2018-04-28 01:43:00,2022-03-23 01:41:45,245,885.17
5138,Product A,Brand Z,Clothing,3.6,160,70,0.07,Large,2.1,Black,Plastic,2018-11-23 15:39:03,2023-01-08 20:06:10,306,730.94
7685,Product C,Brand Y,Electronics,3.0,662,21,0.13,Small,8.39,White,Wood,2019-12-15 13:28:16,2023-07-06 01:03:43,184,829.38
4171,Product A,Brand X,Furniture,1.8,334,35,0.16,Medium,4.97,White,Wood,2018-02-03 06:58:52,2022-11-26 18:47:52,333,616.27
6568,Product D,Brand X,Toys,2.9,856,9,0.06,Small,5.1,Green,Metal,2019-06-10 18:11:55,2023-11-19 18:51:55,102,618.72
9202,Product B,Brand Y,Electronics,4.2,812,27,0.33,Small,3.89,Black,Plastic,2019-02-02 06:18:56,2023-08-03 04:52:41,51,393.25
7985,Product A,Brand X,Electronics,2.0,189,73,0.25,Small,9.49,Black,Wood,2018-10-18 11:11:52,2022-08-12 17:22:16,301,457.81
2610,Product D,Brand X,Toys,3.8,675,90,0.4,Small,0.14,Red,Metal,2019-05-16 13:34:04,2022-02-16 10:07:48,166,621.68
6672,Product A,Brand X,Electronics,1.7,367,91,0.27,Medium,2.36,Red,Plastic,2018-05-16 05:47:18,2023-11-02 04:52:51,9,377.38
560,Product B,Brand X,Groceries,3.8,474,58,0.24,Small,4.93,Green,Plastic,2018-07-20 02:05:32,2022-03-09 12:57:55,166,698.63
9059,Product D,Brand Z,Groceries,4.1,866,74,0.41,Medium,7.96,Black,Wood,2019-02-11 10:04:30,2022-10-05 19:11:30,19,782.19
135,Product C,Brand Y,Furniture,3.5,731,66,0.3,Small,6.78,Blue,Plastic,2019-07-05 08:20:29,2023-01-20 16:14:43,76,16.61
3423,Product D,Brand X,Groceries,1.7,600,95,0.03,Large,2.97,Blue,Wood,2018-07-31 17:27:07,2022-12-18 13:38:03,65,743.48
3897,Product C,Brand X,Clothing,4.0,384,5,0.49,Medium,9.92,Red,Plastic,2019-04-19 09:06:43,2023-03-07 22:37:10,76,750.99
6597,Product C,Brand Y,Furniture,2.1,84,60,0.03,Medium,3.93,White,Wood,2019-11-14 11:29:53,2022-05-08 09:30:03,166,259.45
8961,Product A,Brand Z,Clothing,4.0,539,51,0.13,Medium,3.96,White,Plastic,2019-01-05 04:23:53,2023-04-07 20:43:29,227,863.39
3308,Product D,Brand X,Furniture,2.7,453,60,0.27,Large,3.43,Blue,Wood,2018-12-20 18:54:41,2023-07-22 00:11:14,137,36.47
7850,Product B,Brand Y,Toys,3.3,574,9,0.22,Large,4.77,White,Metal,2019-02-05 13:27:51,2023-01-22 10:19:53,148,732.03
2545,Product A,Brand Z,Clothing,4.0,214,63,0.04,Medium,4.28,White,Wood,2019-09-02 06:02:38,2022-03-20 04:47:39,350,148.37
7883,Product B,Brand X,Clothing,1.5,330,20,0.16,Medium,4.91,White,Metal,2018-11-20 01:13:18,2023-06-27 18:53:16,70,891.1
3937,Product C,Brand X,Groceries,4.9,734,53,0.48,Small,2.14,Blue,Plastic,2018-02-06 05:51:46,2023-08-12 10:06:41,25,105.16
4089,Product B,Brand Y,Furniture,1.8,702,34,0.46,Medium,9.52,Red,Glass,2019-05-15 00:02:51,2022-06-27 12:35:06,27,425.95
2436,Product A,Brand X,Electronics,3.9,16,60,0.19,Large,4.95,Green,Plastic,2018-12-24 23:12:27,2023-04-29 12:48:36,119,65.09
9708,Product D,Brand Z,Furniture,2.8,414,97,0.45,Large,1.22,Red,Wood,2019-02-18 11:06:07,2023-07-07 09:41:57,65,841.1
8268,Product D,Brand Y,Clothing,4.3,984,34,0.12,Small,1.36,White,Plastic,2019-11-14 17:14:02,2023-05-30 07:32:58,334,269.37
5237,Product D,Brand X,Electronics,4.7,527,35,0.03,Large,7.21,White,Plastic,2019-04-04 02:23:08,2022-07-26 14:50:49,170,159.48
8582,Product A,Brand Z,Furniture,1.7,338,5,0.19,Small,4.07,Green,Wood,2019-11-13 02:40:44,2022-03-24 11:46:42,122,226.58
532,Product A,Brand Y,Furniture,4.1,771,18,0.2,Medium,9.55,Green,Plastic,2018-09-02 18:07:44,2023-01-24 00:25:03,321,329.15
554,Product D,Brand X,Toys,3.8,483,91,0.31,Large,5.43,White,Metal,2018-08-25 07:49:19,2022-10-23 20:04:15,363,344.76
1966,Product A,Brand X,Groceries,1.6,587,26,0.32,Medium,5.75,Green,Wood,2019-12-23 20:26:14,2023-02-14 01:32:08,220,719.29
1162,Product B,Brand X,Toys,1.1,117,17,0.43,Medium,0.51,White,Wood,2019-02-05 00:50:41,2022-04-15 23:09:00,131,621.48
578,Product B,Brand Y,Furniture,1.9,276,72,0.03,Medium,9.4,Black,Wood,2019-11-27 13:12:58,2022-09-25 15:55:10,308,271.03
5390,Product B,Brand Z,Electronics,2.5,764,21,0.21,Small,1.99,White,Plastic,2019-05-03 19:23:36,2023-01-23 09:17:11,63,146.33
9282,Product A,Brand X,Groceries,4.9,151,1,0.46,Small,6.65,Red,Metal,2018-04-13 12:05:17,2023-12-06 10:42:55,53,579.27
8940,Product D,Brand X,Furniture,3.9,840,4,0.17,Large,0.85,Blue,Plastic,2018-11-10 11:39:05,2023-07-24 09:49:49,7,814.03
82,Product C,Brand Y,Electronics,2.9,305,98,0.26,Small,6.98,White,Metal,2019-04-16 19:41:55,2023-09-04 07:01:25,2,304.64
2244,Product C,Brand Y,Electronics,4.0,814,7,0.28,Large,5.51,Green,Plastic,2019-08-25 01:12:08,2022-12-24 12:56:12,297,409.41
188,Product B,Brand Y,Toys,1.2,79,23,0.36,Medium,8.75,Black,Glass,2019-03-16 04:08:06,2022-11-11 10:36:21,67,430.71
5559,Product A,Brand Z,Groceries,3.4,664,13,0.47,Medium,1.63,White,Metal,2018-08-12 16:59:41,2023-04-13 02:06:10,62,421.06
991,Product B,Brand X,Clothing,1.8,879,79,0.44,Small,6.85,Green,Wood,2019-02-21 19:39:48,2023-07-15 03:05:18,256,509.28
6072,Product C,Brand Z,Toys,2.0,464,53,0.38,Medium,6.99,Green,Plastic,2018-05-28 00:36:34,2022-04-21 07:14:02,19,522.48
6796,Product B,Brand Z,Toys,4.1,204,89,0.18,Large,8.13,Black,Wood,2019-07-30 22:48:03,2022-02-26 09:56:18,1,461.46
8382,Product C,Brand Z,Clothing,4.3,492,71,0.01,Medium,0.39,Black,Metal,2018-11-03 04:05:02,2022-10-03 01:13:33,214,827.04
2168,Product A,Brand Z,Clothing,4.1,643,46,0.11,Small,0.12,Blue,Wood,2018-07-07 02:57:00,2022-09-14 17:22:45,165,36.23
8544,Product A,Brand Z,Groceries,2.6,628,95,0.16,Large,2.42,Blue,Glass,2019-12-24 13:11:18,2023-08-28 15:19:09,266,114.02
5454,Product B,Brand X,Furniture,4.7,981,30,0.49,Small,7.66,Green,Wood,2019-07-21 15:53:13,2023-12-08 04:26:12,216,102.55
3024,Product C,Brand Z,Furniture,3.1,545,45,0.35,Large,3.64,Black,Plastic,2019-05-26 09:12:01,2023-05-02 10:35:25,299,662.94
4672,Product A,Brand Y,Furniture,3.6,191,90,0.27,Large,1.66,Black,Wood,2018-04-21 09:55:35,2022-08-28 11:24:29,295,424.69
9608,Product B,Brand X,Clothing,1.1,106,66,0.3,Small,9.51,Green,Metal,2019-12-27 13:11:34,2023-04-05 05:49:54,274,781.68
5335,Product A,Brand Z,Electronics,2.6,610,83,0.49,Large,1.29,White,Glass,2018-06-20 19:39:01,2022-01-11 17:51:10,343,26.79
4736,Product D,Brand Z,Clothing,1.3,877,96,0.03,Small,1.45,Blue,Plastic,2019-01-29 06:33:42,2023-06-19 07:42:05,244,11.91
2218,Product D,Brand Z,Electronics,3.3,521,63,0.43,Large,2.99,Black,Plastic,2018-03-12 23:29:04,2023-12-20 16:07:37,325,642.92
140,Product C,Brand Z,Toys,1.5,956,0,0.18,Large,1.0,Blue,Metal,2018-06-24 20:46:31,2022-05-27 09:15:10,130,955.07
9343,Product D,Brand Z,Clothing,4.1,554,29,0.26,Small,7.23,Green,Wood,2018-11-29 07:14:20,2022-08-16 18:04:41,41,580.52
8296,Product D,Brand X,Furniture,3.5,937,30,0.18,Small,9.78,Green,Metal,2019-10-20 23:30:17,2022-01-07 08:08:20,49,212.08
5139,Product B,Brand Y,Groceries,2.9,656,13,0.12,Medium,0.44,Blue,Plastic,2019-01-22 21:38:05,2022-03-18 13:38:19,131,698.91
8225,Product A,Brand X,Groceries,3.4,422,62,0.48,Small,0.65,Red,Plastic,2019-11-03 03:59:34,2022-04-17 04:56:02,258,412.63
2355,Product D,Brand Y,Clothing,1.4,632,26,0.49,Medium,1.02,Red,Glass,2018-06-05 15:50:06,2022-04-17 12:09:50,280,758.04
9738,Product B,Brand Z,Groceries,1.9,409,45,0.37,Large,6.17,White,Wood,2018-02-06 18:40:56,2022-08-27 20:43:07,123,264.1
1819,Product A,Brand X,Groceries,4.5,321,65,0.16,Medium,2.73,Black,Glass,2018-02-07 16:56:19,2023-11-18 23:01:26,100,924.59
5337,Product C,Brand Z,Furniture,2.8,133,9,0.3,Medium,3.11,White,Glass,2018-08-27 16:45:56,2023-11-16 16:58:47,131,316.94
7534,Product B,Brand Z,Clothing,1.7,778,70,0.26,Large,1.77,White,Metal,2019-12-03 07:38:37,2022-10-06 04:21:05,107,904.0
6083,Product D,Brand Z,Toys,1.3,350,7,0.46,Large,5.08,Red,Plastic,2018-07-07 18:32:52,2023-03-31 11:59:45,213,280.82
1612,Product B,Brand X,Toys,3.4,13,0,0.07,Small,0.58,Red,Glass,2019-01-18 00:16:31,2023-07-21 07:34:04,349,428.76
4375,Product C,Brand Y,Clothing,1.9,937,66,0.31,Medium,3.71,Red,Glass,2019-07-07 19:27:10,2022-03-26 11:05:14,275,941.85
674,Product A,Brand Z,Electronics,4.5,474,73,0.27,Medium,3.23,Green,Metal,2019-10-18 01:15:02,2023-06-23 11:15:57,168,771.04
3066,Product C,Brand X,Toys,4.8,435,21,0.11,Medium,5.33,White,Metal,2019-01-04 20:12:41,2023-06-18 00:49:42,61,926.24
9622,Product C,Brand Y,Electronics,3.6,536,12,0.11,Large,9.0,Red,Metal,2018-11-21 02:26:19,2022-08-28 10:17:53,280,179.22
1197,Product B,Brand Z,Furniture,4.4,240,78,0.49,Medium,9.04,Red,Plastic,2018-06-23 03:02:34,2023-07-22 04:52:41,97,654.35
4039,Product C,Brand X,Groceries,4.4,401,34,0.08,Small,8.43,Blue,Metal,2018-04-23 05:36:55,2023-06-24 06:57:18,255,832.43
108,Product B,Brand Z,Toys,1.5,130,88,0.05,Medium,9.73,White,Plastic,2018-04-03 07:36:05,2023-04-07 22:28:57,250,552.57
2416,Product B,Brand Y,Electronics,3.8,951,92,0.34,Large,4.3,Black,Metal,2018-11-25 19:44:00,2023-05-29 16:15:09,338,549.24
2579,Product D,Brand X,Clothing,1.8,993,48,0.42,Large,8.68,Red,Wood,2018-07-10 21:07:19,2022-09-10 23:36:58,251,41.84
5450,Product A,Brand Z,Clothing,4.3,248,31,0.49,Small,2.97,Black,Glass,2018-05-04 15:54:21,2023-05-04 17:23:51,99,861.79
5262,Product D,Brand Y,Groceries,4.0,542,97,0.42,Medium,8.33,Red,Wood,2019-05-30 20:01:06,2022-12-13 18:15:07,258,600.66
597,Product B,Brand X,Groceries,4.0,553,80,0.47,Medium,1.12,White,Wood,2019-03-04 07:25:02,2023-11-12 07:38:58,256,678.6
7691,Product B,Brand Z,Toys,4.7,222,50,0.19,Medium,7.34,Green,Metal,2019-01-22 15:53:33,2022-10-28 18:11:02,255,124.21
5823,Product D,Brand X,Groceries,4.3,689,79,0.08,Medium,6.53,Blue,Plastic,2019-04-08 14:44:56,2022-08-03 20:35:21,269,555.02
5843,Product C,Brand Z,Clothing,1.4,2,7,0.33,Medium,3.54,Blue,Metal,2019-02-28 09:14:12,2023-11-18 14:14:57,135,67.91
8731,Product D,Brand Z,Electronics,3.4,331,71,0.45,Large,5.26,Green,Metal,2018-07-04 00:12:00,2023-09-30 07:07:01,307,487.3
2613,Product B,Brand Z,Furniture,1.5,761,72,0.34,Small,0.71,Red,Plastic,2018-11-20 15:28:04,2022-12-29 04:45:05,249,364.87
1506,Product B,Brand Z,Furniture,2.6,657,63,0.1,Small,6.13,Black,Metal,2019-02-13 01:56:55,2023-03-21 05:35:02,244,284.73
9727,Product B,Brand X,Clothing,1.6,102,82,0.14,Large,8.13,Blue,Metal,2018-09-14 21:03:29,2023-11-10 07:03:17,165,939.68
7908,Product B,Brand X,Clothing,2.2,546,23,0.02,Large,3.09,Blue,Plastic,2018-02-08 10:18:19,2023-06-17 14:23:27,357,122.65
74,Product D,Brand X,Clothing,4.6,502,15,0.4,Small,2.66,Green,Plastic,2019-06-03 00:32:11,2023-09-09 17:29:43,351,892.36
8115,Product C,Brand X,Furniture,2.4,275,54,0.36,Small,4.99,Green,Glass,2019-03-12 16:51:54,2023-12-21 10:44:17,217,403.26
3286,Product B,Brand Z,Electronics,1.8,510,89,0.38,Medium,2.86,Blue,Wood,2019-08-21 12:39:31,2023-12-31 18:47:20,161,853.26
4552,Product B,Brand X,Groceries,1.6,277,68,0.46,Large,8.55,Green,Plastic,2019-02-17 04:32:23,2022-03-04 11:02:50,213,897.38
667,Product A,Brand Z,Toys,1.3,189,78,0.33,Large,4.3,Black,Wood,2018-01-16 02:01:08,2022-06-03 06:04:40,184,603.03
4061,Product B,Brand Y,Furniture,2.7,529,73,0.41,Medium,5.61,Red,Plastic,2019-02-27 11:50:20,2022-01-22 17:26:07,4,919.27
6265,Product A,Brand X,Furniture,3.0,286,67,0.46,Medium,8.54,Red,Metal,2018-07-01 21:56:45,2023-06-20 11:39:24,177,620.24
4858,Product A,Brand Y,Furniture,4.2,985,16,0.11,Large,6.06,Red,Plastic,2019-09-26 12:43:40,2023-04-19 09:39:31,197,273.44
7971,Product A,Brand Z,Electronics,4.3,178,25,0.3,Large,2.52,Green,Plastic,2019-11-26 02:58:08,2022-10-14 13:23:57,241,739.4
8494,Product D,Brand Y,Furniture,2.0,779,68,0.13,Medium,3.89,White,Plastic,2018-10-02 21:55:33,2023-11-11 07:11:18,308,421.95
7361,Product D,Brand Z,Furniture,4.7,724,41,0.47,Large,9.43,Green,Wood,2018-07-28 04:09:46,2023-10-12 00:35:39,41,183.66
9685,Product D,Brand Z,Groceries,2.4,605,67,0.37,Medium,7.08,Green,Metal,2018-06-07 09:41:37,2023-12-16 02:45:28,96,173.79
9854,Product C,Brand X,Electronics,4.2,275,20,0.03,Small,2.97,Black,Metal,2019-06-01 09:58:36,2022-06-17 14:56:55,159,332.09
1688,Product D,Brand Y,Toys,3.0,39,42,0.46,Medium,7.18,Black,Metal,2018-06-28 12:02:27,2022-01-03 19:57:30,94,594.14
1928,Product D,Brand X,Groceries,4.1,203,44,0.35,Small,1.68,Blue,Wood,2018-04-28 07:50:20,2023-07-06 11:34:56,84,279.34
7825,Product D,Brand Y,Clothing,1.1,293,79,0.49,Medium,3.49,Blue,Plastic,2019-01-02 07:24:36,2022-02-27 03:29:34,216,790.54
2855,Product B,Brand Z,Furniture,1.5,18,43,0.15,Small,8.65,Green,Wood,2019-12-27 00:06:11,2022-05-14 11:13:24,353,505.96
422,Product B,Brand Y,Groceries,3.0,556,67,0.34,Medium,8.7,Black,Glass,2019-12-14 05:05:01,2022-10-19 10:12:09,30,593.8
606,Product D,Brand Y,Toys,3.5,219,25,0.0,Small,7.14,Red,Glass,2018-01-31 05:28:55,2023-08-27 08:39:57,113,897.0
6616,Product A,Brand Z,Furniture,3.4,344,14,0.3,Medium,2.02,Blue,Wood,2019-11-12 01:59:57,2023-08-18 21:14:24,239,194.07
7605,Product D,Brand Z,Electronics,2.9,225,60,0.01,Small,7.72,Red,Glass,2018-08-24 04:33:04,2022-05-17 01:04:14,47,664.87
3940,Product C,Brand X,Electronics,4.1,897,25,0.37,Large,8.83,Black,Wood,2018-01-29 22:56:02,2023-12-03 03:17:58,175,10.3
7931,Product C,Brand Z,Furniture,1.3,697,33,0.2,Small,2.23,Black,Plastic,2019-01-02 20:55:55,2023-11-25 03:19:19,352,288.55
7330,Product C,Brand X,Groceries,3.2,553,79,0.05,Large,9.46,Black,Metal,2019-06-02 16:52:21,2023-02-18 23:08:11,323,389.48
1091,Product A,Brand Y,Clothing,4.1,208,18,0.37,Small,5.38,Blue,Plastic,2018-05-03 20:54:03,2023-08-23 13:14:21,101,199.78
4651,Product C,Brand X,Electronics,2.0,368,94,0.19,Large,7.37,Blue,Wood,2018-08-15 02:36:42,2022-10-11 02:29:09,83,655.09
1163,Product C,Brand X,Groceries,1.8,11,68,0.08,Large,4.17,Black,Plastic,2019-04-22 22:27:45,2023-02-16 02:06:08,43,544.47
7928,Product C,Brand X,Groceries,2.6,54,21,0.31,Medium,9.32,Red,Wood,2018-12-13 00:18:40,2023-08-05 21:40:07,326,788.14
9779,Product A,Brand Y,Clothing,4.4,314,83,0.28,Medium,4.29,White,Plastic,2019-04-22 23:33:19,2023-08-11 01:30:33,239,600.71
6403,Product A,Brand X,Electronics,4.4,259,39,0.04,Small,5.29,White,Plastic,2018-05-31 15:05:49,2023-03-13 05:59:56,359,370.48
3909,Product D,Brand Y,Clothing,1.8,894,96,0.01,Medium,0.17,White,Plastic,2018-12-10 16:48:52,2022-07-09 08:39:26,220,708.58
3695,Product C,Brand Y,Electronics,3.2,827,12,0.17,Large,2.51,Green,Metal,2019-04-28 05:30:18,2023-05-25 03:15:37,291,765.91
8215,Product B,Brand X,Electronics,1.7,694,67,0.13,Small,2.28,Green,Plastic,2019-07-25 12:46:18,2022-05-10 19:15:39,239,366.8
6623,Product C,Brand X,Groceries,2.3,636,58,0.47,Small,3.76,Black,Metal,2019-07-02 23:45:04,2022-06-01 00:54:06,185,209.95
3906,Product D,Brand Y,Groceries,3.2,826,70,0.14,Medium,4.17,Blue,Glass,2018-12-22 00:31:49,2023-07-24 09:52:29,108,784.35
3174,Product A,Brand Z,Electronics,3.3,259,86,0.01,Medium,1.23,Green,Metal,2019-09-01 15:53:45,2022-12-04 20:20:01,130,485.44
6528,Product B,Brand Y,Furniture,4.8,988,29,0.03,Large,0.32,White,Metal,2018-12-13 05:22:50,2023-11-15 05:56:15,325,81.23
3032,Product D,Brand X,Clothing,5.0,742,13,0.48,Small,6.59,Red,Metal,2019-04-16 04:45:20,2023-04-17 21:00:11,11,673.81
6797,Product C,Brand Y,Clothing,2.4,573,4,0.42,Medium,3.77,White,Metal,2018-10-10 18:57:40,2023-08-01 03:21:57,359,445.22
949,Product B,Brand X,Toys,4.2,90,94,0.4,Large,7.4,Blue,Glass,2018-06-07 20:05:08,2023-02-10 04:25:04,207,318.71
356,Product A,Brand Z,Clothing,2.5,234,63,0.37,Small,2.3,Red,Glass,2019-07-28 04:17:51,2023-08-22 01:15:24,63,256.24
7779,Product B,Brand X,Electronics,1.7,961,30,0.38,Small,3.02,Blue,Glass,2018-06-22 08:00:25,2022-11-05 14:20:18,251,731.84
8710,Product C,Brand X,Toys,1.4,230,48,0.05,Medium,8.33,Blue,Plastic,2019-10-09 15:40:56,2022-03-30 12:56:27,289,250.45
217,Product C,Brand Z,Groceries,1.4,256,8,0.4,Medium,6.42,Red,Glass,2018-04-03 00:53:06,2022-05-12 18:02:41,98,528.2
4232,Product B,Brand Z,Clothing,4.1,267,11,0.15,Large,1.86,Black,Plastic,2019-06-14 18:48:34,2022-05-24 07:22:15,125,601.05
3277,Product C,Brand Y,Groceries,2.9,299,65,0.22,Small,6.11,Blue,Plastic,2019-03-03 00:27:56,2023-10-26 19:48:39,210,6.73
5855,Product A,Brand Y,Toys,3.0,745,85,0.11,Medium,3.27,Blue,Plastic,2018-08-04 09:33:23,2023-12-02 17:36:24,256,957.87
1972,Product C,Brand Y,Electronics,2.2,116,32,0.47,Large,6.64,Black,Wood,2018-04-26 05:41:01,2022-07-16 17:07:12,6,884.79
9527,Product A,Brand Z,Clothing,4.9,718,29,0.06,Small,5.73,Black,Wood,2019-12-29 20:30:56,2022-08-07 00:40:23,34,882.92
8008,Product C,Brand Y,Groceries,4.8,542,95,0.46,Medium,7.53,White,Glass,2018-03-01 22:23:30,2022-05-25 23:21:01,107,969.85
5123,Product D,Brand Y,Groceries,1.4,572,15,0.22,Medium,6.06,Blue,Wood,2018-10-22 02:20:17,2023-08-14 15:37:57,118,309.69
9206,Product C,Brand Y,Clothing,3.9,522,20,0.12,Small,6.55,Green,Plastic,2019-12-03 21:10:45,2022-08-29 03:23:59,218,418.14
5572,Product A,Brand Z,Toys,2.1,487,25,0.48,Small,9.82,White,Glass,2019-02-23 09:30:04,2022-09-01 09:55:05,187,463.57
2875,Product A,Brand Z,Furniture,2.4,288,98,0.43,Large,2.47,Red,Glass,2019-07-18 15:26:07,2023-01-06 18:44:18,261,975.67
8901,Product D,Brand Z,Toys,2.9,551,45,0.36,Small,1.97,Red,Plastic,2018-05-28 15:27:35,2023-05-10 12:38:15,198,86.94
7466,Product D,Brand X,Clothing,2.2,756,59,0.04,Medium,9.29,Green,Metal,2019-01-06 01:53:47,2022-12-14 09:48:55,108,513.29
3633,Product B,Brand Z,Groceries,3.7,443,13,0.19,Medium,5.4,White,Glass,2019-01-12 19:22:01,2023-04-11 06:40:55,176,540.84
8848,Product D,Brand Z,Clothing,4.7,262,74,0.03,Small,9.37,Green,Glass,2018-07-21 02:13:55,2023-08-02 10:05:19,298,986.01
8528,Product D,Brand X,Clothing,4.1,895,64,0.2,Medium,5.87,Red,Wood,2018-07-29 15:28:54,2023-01-23 22:33:28,83,339.23
7514,Product D,Brand Y,Groceries,2.9,743,37,0.27,Medium,0.46,Red,Wood,2018-03-12 01:08:18,2023-10-26 21:12:08,68,631.93
687,Product C,Brand X,Electronics,2.2,465,3,0.33,Large,4.43,Green,Wood,2019-07-23 04:29:53,2023-11-13 22:47:57,75,929.04
6844,Product D,Brand Y,Groceries,3.0,660,60,0.16,Small,6.01,Green,Wood,2018-04-05 02:13:12,2022-05-26 15:15:50,322,869.53
6984,Product B,Brand X,Toys,2.9,351,3,0.24,Medium,0.79,Green,Metal,2018-06-16 02:26:53,2023-01-23 20:05:44,22,785.9
2735,Product A,Brand X,Clothing,3.8,650,88,0.42,Medium,4.71,Green,Wood,2018-07-23 10:07:46,2022-12-18 06:10:54,70,623.39
5786,Product A,Brand Y,Electronics,3.7,34,49,0.11,Small,3.07,Green,Wood,2018-12-08 04:15:08,2022-02-20 08:35:58,342,146.35
5,Product B,Brand X,Groceries,2.4,46,87,0.3,Medium,5.22,White,Glass,2019-12-30 03:36:55,2022-02-24 10:28:34,49,17.04
3391,Product C,Brand Y,Furniture,1.8,452,17,0.32,Small,7.24,Green,Metal,2018-10-19 12:58:10,2023-11-03 22:11:59,142,777.04
1523,Product D,Brand Y,Clothing,2.7,130,73,0.36,Medium,7.22,Green,Glass,2019-11-04 12:19:44,2022-03-18 15:15:30,162,159.01
1827,Product D,Brand Z,Groceries,4.8,38,12,0.33,Large,7.46,Green,Glass,2019-01-26 01:56:45,2023-12-26 14:30:11,132,545.28
484,Product A,Brand Y,Groceries,2.3,208,61,0.15,Large,1.31,Black,Metal,2019-10-03 22:13:00,2023-01-30 21:43:12,171,526.74
1914,Product A,Brand Z,Clothing,2.4,60,11,0.01,Large,0.27,Black,Glass,2018-01-04 19:46:27,2023-06-15 01:13:55,296,470.4
4551,Product A,Brand X,Electronics,3.9,827,29,0.37,Medium,6.53,Blue,Wood,2018-06-27 16:45:36,2023-04-20 16:38:25,306,29.98
29,Product A,Brand X,Clothing,3.0,853,29,0.21,Large,4.25,Green,Plastic,2018-12-18 08:15:50,2022-09-23 15:34:14,347,321.08
4295,Product B,Brand X,Groceries,3.1,680,43,0.02,Large,5.91,Black,Metal,2018-09-09 20:16:57,2022-11-26 21:29:14,252,598.0
9062,Product A,Brand X,Electronics,2.5,319,10,0.42,Medium,8.62,White,Plastic,2019-08-30 16:46:49,2022-08-11 16:24:34,79,284.62
9547,Product A,Brand X,Toys,2.5,965,48,0.17,Large,7.92,Red,Metal,2019-08-20 02:24:56,2023-08-31 14:48:18,53,35.94
7351,Product B,Brand Z,Furniture,4.0,418,25,0.2,Medium,0.4,Green,Glass,2019-06-16 08:44:44,2022-05-25 13:45:10,106,425.58
8955,Product A,Brand X,Groceries,4.3,977,4,0.1,Small,2.57,Blue,Wood,2018-09-03 07:38:17,2022-04-21 11:40:41,348,678.08
826,Product B,Brand X,Toys,2.1,977,20,0.14,Small,5.24,Black,Plastic,2018-05-14 07:25:04,2023-08-23 09:41:02,328,348.41
4504,Product B,Brand Z,Toys,4.5,50,26,0.25,Medium,1.56,Black,Plastic,2019-02-22 23:44:47,2023-09-26 21:24:59,54,657.4
5150,Product C,Brand Z,Clothing,2.3,969,25,0.09,Small,7.27,Blue,Glass,2019-01-28 19:31:01,2022-03-29 11:01:35,350,499.4
7302,Product D,Brand X,Electronics,4.7,309,80,0.1,Medium,1.01,Blue,Glass,2018-03-01 22:19:21,2022-12-07 09:46:30,230,90.11
4281,Product C,Brand Z,Electronics,2.1,443,39,0.46,Small,3.54,Red,Metal,2019-11-16 16:04:31,2022-10-27 18:44:43,252,638.47
3647,Product B,Brand Z,Electronics,1.1,934,52,0.22,Medium,7.1,Green,Wood,2019-07-06 22:49:11,2022-05-15 03:29:36,91,528.81
8443,Product B,Brand Y,Clothing,2.6,341,97,0.33,Large,9.04,Blue,Glass,2019-01-09 04:37:49,2023-03-18 16:33:16,158,671.77
9713,Product D,Brand Y,Electronics,1.8,336,45,0.03,Medium,1.82,White,Glass,2018-02-07 10:37:34,2023-03-22 01:33:52,289,303.11
4457,Product B,Brand Y,Groceries,1.1,892,96,0.31,Small,5.13,Red,Wood,2019-06-20 07:17:45,2022-11-12 06:53:46,341,655.27
4503,Product C,Brand Y,Electronics,2.8,646,2,0.18,Large,2.44,White,Wood,2018-07-13 13:18:25,2022-08-07 00:46:16,266,637.81
6289,Product B,Brand X,Furniture,1.3,613,67,0.26,Small,4.76,Red,Metal,2018-05-02 16:24:40,2023-11-05 08:35:36,89,583.63
8091,Product D,Brand X,Clothing,1.8,402,0,0.27,Small,4.24,White,Metal,2018-10-22 23:54:01,2023-10-26 13:43:09,30,363.53
9640,Product A,Brand Z,Groceries,4.3,724,67,0.21,Large,5.16,White,Plastic,2019-06-04 03:28:41,2023-06-22 04:46:07,337,632.39
3402,Product C,Brand X,Furniture,1.9,493,14,0.34,Medium,6.69,Red,Wood,2019-11-28 08:42:26,2022-02-19 13:18:14,51,239.24
1446,Product A,Brand Z,Electronics,2.6,52,86,0.21,Small,2.54,Green,Plastic,2018-05-18 06:50:23,2022-02-06 12:12:20,287,653.49
1168,Product B,Brand Z,Electronics,2.4,717,15,0.37,Medium,6.69,Blue,Glass,2019-11-11 15:34:29,2023-05-01 15:57:04,193,558.09
8109,Product D,Brand X,Groceries,1.2,290,86,0.1,Small,6.84,White,Metal,2019-04-13 01:07:08,2022-03-10 19:32:51,46,25.63
1141,Product C,Brand Y,Electronics,1.8,819,72,0.04,Small,2.01,Black,Plastic,2018-09-04 14:58:43,2023-12-03 22:49:52,84,19.45
280,Product C,Brand Z,Furniture,3.1,110,83,0.36,Small,1.65,Blue,Metal,2019-04-30 03:10:33,2023-03-23 23:32:55,87,578.25
4063,Product D,Brand Y,Furniture,1.9,820,68,0.03,Small,0.29,Red,Plastic,2018-04-06 23:52:36,2023-07-09 22:33:55,173,296.12
1872,Product B,Brand X,Furniture,1.5,324,94,0.2,Large,3.14,Black,Glass,2019-02-11 23:39:40,2023-09-09 15:37:40,68,530.11
9558,Product C,Brand Z,Furniture,4.0,376,52,0.38,Small,2.52,Green,Plastic,2018-09-04 03:28:32,2022-12-27 15:06:58,327,479.13
1121,Product D,Brand Y,Electronics,2.9,365,49,0.11,Large,5.28,White,Wood,2018-12-20 07:45:07,2023-02-18 11:53:36,171,302.17
5285,Product A,Brand Y,Clothing,2.1,714,1,0.2,Large,4.61,Blue,Wood,2019-08-23 17:42:55,2022-01-30 22:08:25,62,323.97
4674,Product A,Brand X,Clothing,1.0,634,77,0.4,Large,2.21,Green,Wood,2018-02-19 12:02:35,2023-04-24 17:37:45,182,139.63
5007,Product D,Brand X,Toys,3.0,783,61,0.44,Small,0.2,Green,Plastic,2019-04-13 11:26:31,2022-08-16 06:43:07,78,149.37
4766,Product A,Brand Y,Furniture,4.3,73,22,0.33,Small,4.38,Green,Glass,2018-10-13 11:30:44,2023-01-29 08:28:57,260,583.33
966,Product A,Brand Y,Electronics,1.8,408,66,0.21,Medium,3.37,Blue,Plastic,2018-02-06 01:16:49,2022-10-19 17:27:16,165,716.32
2161,Product C,Brand Z,Clothing,2.0,831,56,0.09,Large,8.77,Red,Metal,2018-03-18 03:34:11,2022-11-25 15:26:25,252,340.55
1666,Product C,Brand Z,Clothing,3.9,903,72,0.46,Large,4.81,Red,Glass,2019-10-01 03:05:22,2022-06-25 09:53:18,194,374.53
9537,Product A,Brand X,Toys,3.7,580,50,0.09,Large,3.59,White,Plastic,2018-01-05 04:54:00,2022-02-21 21:54:47,116,122.86
149,Product A,Brand Z,Clothing,2.2,773,77,0.11,Large,8.66,Black,Plastic,2019-11-27 05:14:45,2022-05-26 00:16:55,148,388.75
3137,Product D,Brand Z,Toys,2.4,870,47,0.49,Small,2.2,Green,Metal,2018-07-04 06:55:00,2023-10-20 11:54:23,132,994.61
3172,Product A,Brand Y,Groceries,1.7,721,84,0.15,Small,7.13,Green,Glass,2018-06-15 10:07:59,2023-12-15 04:32:08,263,122.14
1910,Product B,Brand X,Groceries,1.3,82,71,0.49,Small,9.71,Green,Metal,2019-01-28 10:21:09,2022-10-14 13:52:07,150,727.23
3034,Product D,Brand Z,Electronics,3.4,189,92,0.2,Small,8.27,White,Plastic,2019-01-04 21:31:46,2022-05-09 10:22:15,117,983.18
1251,Product C,Brand X,Electronics,2.4,870,12,0.08,Small,3.12,White,Metal,2018-09-05 17:29:11,2022-11-23 22:41:24,8,490.03
6232,Product B,Brand X,Clothing,4.7,849,3,0.32,Medium,4.82,White,Metal,2018-06-09 10:28:09,2023-09-25 09:05:04,22,681.75
8767,Product D,Brand Y,Clothing,3.4,438,51,0.17,Medium,1.89,Red,Glass,2018-01-12 07:31:42,2022-11-16 07:26:06,220,867.71
3498,Product B,Brand Z,Groceries,4.1,928,3,0.5,Large,0.63,Red,Metal,2019-07-30 21:16:33,2022-06-23 10:32:52,321,51.95
4311,Product D,Brand Y,Furniture,4.0,309,74,0.12,Small,6.26,Green,Wood,2019-07-24 03:28:39,2023-01-13 06:33:07,300,398.78
9579,Product C,Brand X,Groceries,1.6,187,29,0.45,Medium,0.35,Black,Wood,2019-09-16 21:19:32,2022-07-12 11:02:32,125,772.79
5095,Product C,Brand X,Toys,2.1,447,88,0.02,Small,8.09,Red,Wood,2019-08-13 18:00:01,2022-10-27 16:09:44,315,544.74
317,Product B,Brand Y,Toys,4.2,515,58,0.02,Large,0.87,Green,Metal,2018-03-18 18:05:34,2022-06-18 14:40:29,325,730.21
1885,Product C,Brand X,Toys,4.9,503,21,0.18,Large,8.55,Blue,Plastic,2019-05-05 15:54:01,2023-05-25 00:36:57,189,583.54
7642,Product D,Brand Z,Clothing,1.8,926,64,0.11,Medium,7.34,White,Wood,2018-08-01 14:33:38,2023-05-03 03:29:04,360,464.55
4718,Product D,Brand Z,Toys,1.5,929,75,0.43,Large,0.31,Black,Wood,2019-11-27 17:54:33,2023-07-07 03:07:13,142,973.1
7728,Product B,Brand Y,Toys,1.8,413,71,0.15,Medium,4.82,Red,Plastic,2019-09-17 19:44:10,2023-05-08 22:58:27,2,354.25
9402,Product A,Brand Y,Furniture,4.7,181,30,0.06,Small,3.08,Green,Plastic,2019-12-11 18:44:36,2022-12-01 19:07:56,87,492.78
5173,Product B,Brand X,Toys,3.0,533,17,0.22,Small,0.98,Red,Glass,2018-06-10 00:55:46,2023-11-10 07:25:21,331,578.28
4771,Product B,Brand Z,Clothing,3.4,565,25,0.45,Medium,9.32,Blue,Plastic,2018-01-09 11:18:24,2023-07-19 19:22:03,292,956.62
4999,Product D,Brand Z,Furniture,3.4,31,90,0.23,Medium,4.34,Black,Glass,2019-10-29 20:47:41,2022-11-12 06:11:00,315,436.81
3786,Product C,Brand Z,Toys,4.1,423,93,0.26,Small,8.3,Green,Plastic,2019-12-03 18:40:47,2022-03-08 19:10:47,12,792.99
7706,Product A,Brand Z,Furniture,4.1,674,66,0.23,Small,0.75,Blue,Metal,2018-11-14 08:09:53,2023-08-04 09:18:11,323,25.38
8804,Product C,Brand Z,Electronics,4.4,987,94,0.2,Small,4.52,Green,Glass,2018-03-10 14:48:39,2022-08-20 15:53:12,93,822.7
9731,Product D,Brand Y,Clothing,4.4,717,31,0.42,Medium,3.76,Black,Plastic,2019-08-18 17:08:45,2023-06-06 01:39:08,108,599.3
4680,Product C,Brand Y,Electronics,3.1,788,18,0.1,Medium,9.11,White,Metal,2018-03-24 16:12:50,2023-05-20 01:51:37,227,782.33
7334,Product D,Brand Y,Clothing,1.8,479,88,0.02,Small,1.86,Green,Plastic,2018-09-30 04:43:36,2023-01-23 14:28:08,208,126.12
5282,Product B,Brand X,Furniture,4.2,332,34,0.35,Medium,0.32,Red,Plastic,2019-02-13 11:05:09,2023-12-09 10:06:40,40,528.77
5245,Product A,Brand Z,Clothing,2.1,476,7,0.02,Small,5.93,Green,Wood,2019-05-31 00:08:28,2022-09-20 20:42:58,282,593.59
9718,Product A,Brand Y,Groceries,4.1,443,89,0.22,Small,9.45,Black,Metal,2019-08-13 04:39:00,2022-11-26 16:34:20,247,877.56
488,Product C,Brand Z,Toys,3.4,959,20,0.28,Medium,3.48,Green,Metal,2018-01-29 13:32:30,2023-08-28 10:12:02,34,86.43
6885,Product C,Brand Z,Furniture,3.9,644,56,0.07,Large,9.04,White,Metal,2018-08-15 19:50:30,2023-04-14 13:51:32,215,361.99
1055,Product D,Brand X,Groceries,2.2,547,82,0.25,Medium,9.53,Blue,Plastic,2018-02-16 14:07:27,2023-02-03 23:56:54,15,392.08
9273,Product B,Brand X,Toys,2.0,857,46,0.24,Small,0.9,White,Glass,2019-04-13 07:24:51,2023-08-31 16:17:23,115,639.66
8324,Product A,Brand X,Groceries,1.7,568,80,0.1,Small,8.4,Green,Wood,2019-11-06 04:38:50,2022-09-15 23:09:39,11,349.45
9873,Product C,Brand Z,Toys,3.5,220,80,0.25,Small,6.43,Red,Plastic,2018-11-01 18:05:21,2023-04-01 06:02:29,168,44.13
6068,Product B,Brand Z,Electronics,1.2,895,16,0.43,Small,4.93,White,Wood,2019-06-14 05:04:53,2023-02-16 07:21:25,84,388.22
3114,Product A,Brand Y,Groceries,2.3,144,11,0.01,Medium,4.89,Green,Glass,2019-10-29 10:40:19,2023-08-19 00:54:38,236,367.41
4609,Product C,Brand Y,Furniture,4.1,189,86,0.46,Medium,1.79,Black,Glass,2018-08-16 10:49:22,2023-12-02 12:30:44,176,117.32
1468,Product D,Brand X,Groceries,4.9,947,19,0.07,Medium,4.1,Red,Metal,2018-03-30 02:50:14,2023-05-30 23:59:06,17,269.35
9553,Product B,Brand X,Toys,2.2,404,42,0.49,Large,6.2,White,Wood,2019-03-07 09:48:26,2023-09-13 18:07:39,7,358.82
604,Product A,Brand Z,Groceries,3.8,441,98,0.08,Medium,7.38,Blue,Glass,2019-08-30 05:05:17,2022-09-09 18:09:06,244,662.25
6770,Product D,Brand X,Groceries,1.8,237,15,0.06,Large,0.93,Blue,Glass,2018-12-03 18:39:50,2023-07-06 18:20:13,238,72.97
2861,Product D,Brand Y,Groceries,2.0,977,64,0.33,Large,9.27,Red,Metal,2018-09-24 08:51:42,2023-11-04 16:51:04,124,715.6
196,Product D,Brand Z,Toys,4.9,901,5,0.13,Medium,5.89,Green,Metal,2018-03-31 03:34:00,2022-06-24 17:33:40,327,840.34
7378,Product D,Brand X,Clothing,4.9,53,69,0.11,Medium,0.55,White,Glass,2018-08-05 23:23:19,2023-03-10 09:06:43,298,852.86
3251,Product B,Brand X,Groceries,2.8,689,55,0.26,Large,1.09,White,Metal,2019-06-08 08:13:31,2023-05-28 07:01:29,146,989.05
5258,Product C,Brand Y,Groceries,1.1,605,98,0.24,Large,1.13,White,Glass,2018-09-19 01:07:04,2023-10-04 20:56:33,11,811.96
2501,Product A,Brand X,Groceries,2.1,340,10,0.33,Medium,7.32,Blue,Plastic,2018-11-01 02:12:41,2023-10-13 06:51:30,68,936.27
6156,Product A,Brand Z,Furniture,1.3,491,87,0.25,Large,6.97,Green,Plastic,2018-05-07 13:47:16,2023-06-09 23:46:17,9,887.9
5096,Product C,Brand Y,Electronics,2.5,446,98,0.25,Small,1.13,White,Metal,2019-06-21 19:22:53,2022-05-10 00:45:31,168,404.7
4242,Product D,Brand Y,Toys,4.8,962,94,0.07,Large,9.95,Green,Plastic,2018-08-07 00:17:55,2022-03-07 11:07:15,140,535.79
8120,Product C,Brand X,Electronics,1.4,712,52,0.41,Medium,3.49,Black,Plastic,2019-06-06 06:21:26,2022-02-07 15:45:53,181,739.32
2833,Product D,Brand X,Toys,1.6,583,73,0.31,Large,0.43,Red,Glass,2018-11-29 15:13:26,2023-02-07 22:20:41,230,177.91
4356,Product C,Brand X,Clothing,4.5,858,91,0.22,Medium,2.78,Red,Metal,2019-11-08 20:27:49,2022-01-25 03:45:42,141,660.79
6705,Product B,Brand X,Electronics,2.5,263,55,0.48,Small,7.95,Black,Wood,2019-03-27 10:05:10,2023-04-19 14:47:07,150,634.6
2918,Product C,Brand Y,Clothing,1.8,440,54,0.14,Medium,4.97,White,Glass,2018-07-06 17:50:16,2023-10-22 09:56:59,97,252.1
6556,Product A,Brand Y,Clothing,1.4,660,14,0.07,Medium,2.85,White,Wood,2018-09-12 18:17:10,2022-03-19 07:28:20,284,184.98
1562,Product B,Brand X,Toys,3.1,981,91,0.12,Large,1.96,White,Glass,2019-07-22 20:09:04,2023-01-13 21:01:59,92,738.2
6395,Product D,Brand Y,Furniture,1.5,10,33,0.18,Medium,7.63,Green,Glass,2019-07-01 13:27:06,2022-04-11 04:05:47,262,364.39
8420,Product B,Brand Y,Clothing,1.7,491,53,0.46,Medium,6.36,Blue,Plastic,2018-11-22 03:57:24,2022-03-31 17:36:22,308,305.66
7096,Product C,Brand X,Toys,2.9,668,86,0.12,Medium,9.64,Black,Glass,2019-03-16 23:10:13,2023-06-02 18:57:13,140,439.92
9276,Product A,Brand Y,Clothing,4.2,747,14,0.26,Small,9.66,Blue,Metal,2018-08-09 22:09:30,2023-05-16 06:23:16,213,437.57
4066,Product C,Brand Z,Toys,4.8,234,87,0.45,Small,2.79,Blue,Plastic,2019-10-04 00:46:22,2023-11-24 15:35:14,306,382.03
7468,Product C,Brand X,Furniture,2.5,283,87,0.24,Small,1.96,Black,Glass,2019-04-29 06:22:34,2023-04-13 10:11:02,211,362.32
5254,Product A,Brand Y,Furniture,2.3,261,35,0.1,Small,1.75,Green,Metal,2019-05-09 21:52:14,2022-04-23 08:04:52,244,234.77
8957,Product D,Brand Z,Clothing,1.6,579,80,0.38,Small,5.17,Black,Metal,2018-08-01 20:18:20,2023-09-17 09:48:59,74,541.27
9618,Product D,Brand Y,Furniture,2.8,851,69,0.15,Medium,4.56,Black,Wood,2018-02-02 01:55:54,2023-10-06 10:53:29,65,471.29
5756,Product B,Brand Y,Toys,1.4,40,2,0.47,Medium,3.16,Blue,Glass,2019-09-19 21:07:03,2022-02-28 16:45:51,195,529.87
464,Product B,Brand X,Toys,1.6,574,55,0.16,Large,8.51,White,Metal,2019-12-27 12:52:59,2022-04-18 11:56:55,110,244.36
3330,Product B,Brand X,Groceries,2.5,68,18,0.39,Large,8.08,Green,Glass,2018-01-31 15:56:41,2023-06-22 19:31:34,212,995.17
7796,Product D,Brand X,Toys,1.6,537,60,0.37,Medium,2.32,Green,Glass,2019-11-06 21:15:28,2022-12-04 14:09:53,350,739.52
4545,Product C,Brand X,Furniture,4.5,359,45,0.45,Small,8.75,Black,Wood,2018-02-12 21:24:36,2023-06-20 14:22:24,52,785.7
5875,Product C,Brand Y,Furniture,4.3,600,33,0.45,Large,3.6,Green,Wood,2018-04-13 04:16:48,2022-04-07 20:18:24,277,48.03
7584,Product C,Brand Z,Clothing,3.3,875,26,0.08,Small,8.77,White,Glass,2019-06-05 15:54:34,2023-07-15 17:50:15,28,351.63
6428,Product C,Brand Y,Groceries,4.6,875,46,0.05,Small,1.39,Green,Wood,2018-11-16 08:35:59,2023-06-03 21:56:21,334,517.52
5360,Product A,Brand X,Toys,4.0,925,66,0.09,Small,3.76,White,Metal,2019-03-25 07:01:43,2023-12-16 12:37:14,84,802.65
2741,Product C,Brand X,Clothing,4.5,277,74,0.39,Medium,1.24,Red,Plastic,2018-01-10 22:02:00,2023-09-03 09:43:26,345,373.16
6878,Product A,Brand Y,Furniture,2.0,912,57,0.31,Large,0.11,Green,Wood,2018-06-21 19:42:42,2023-02-18 02:02:31,99,971.07
5265,Product C,Brand Y,Clothing,4.5,609,43,0.11,Medium,2.25,Black,Plastic,2018-05-27 19:35:24,2023-12-16 23:54:21,59,509.87
2551,Product D,Brand Y,Toys,1.7,957,75,0.34,Small,1.97,Green,Glass,2019-08-06 10:17:15,2022-06-07 22:25:22,189,585.49
891,Product C,Brand X,Toys,4.2,682,1,0.34,Medium,2.41,Green,Metal,2019-03-26 04:40:06,2023-05-11 14:49:57,204,19.05
6559,Product A,Brand X,Toys,4.6,748,12,0.27,Large,4.91,Blue,Metal,2018-10-19 05:47:36,2022-03-27 06:47:42,296,950.22
466,Product D,Brand X,Groceries,4.5,564,0,0.27,Small,2.62,Green,Glass,2019-08-23 01:08:01,2023-01-01 01:32:44,337,232.78
8339,Product A,Brand Z,Clothing,1.1,824,96,0.22,Medium,3.97,Black,Metal,2019-05-23 04:57:55,2023-09-30 14:56:18,172,296.18
2653,Product A,Brand Y,Furniture,3.8,914,66,0.33,Small,4.71,Red,Plastic,2018-03-25 12:28:13,2022-05-21 09:08:21,115,448.96
790,Product B,Brand X,Groceries,2.0,43,77,0.42,Large,4.5,Red,Wood,2018-07-19 10:22:42,2022-07-26 03:19:22,164,113.36
686,Product B,Brand X,Furniture,3.1,959,45,0.35,Large,1.77,Blue,Glass,2019-10-22 05:58:24,2023-01-28 21:24:19,213,150.55
3914,Product A,Brand X,Clothing,4.2,185,15,0.16,Large,3.86,White,Plastic,2018-05-22 09:20:27,2023-11-22 10:31:35,311,778.85
853,Product D,Brand Z,Clothing,2.5,783,19,0.17,Medium,5.71,Red,Metal,2019-02-24 05:26:58,2023-09-01 22:25:40,297,309.12
6146,Product A,Brand X,Electronics,3.0,870,2,0.35,Small,4.59,Red,Wood,2019-10-27 02:04:43,2023-12-18 06:25:36,193,5.96
1453,Product B,Brand Y,Electronics,4.8,442,21,0.06,Large,3.54,White,Plastic,2018-03-17 00:55:28,2022-01-20 15:50:32,73,263.0
2839,Product A,Brand Z,Toys,1.4,187,89,0.21,Large,9.33,Red,Glass,2019-01-11 09:33:50,2023-11-28 08:44:28,260,376.74
8418,Product D,Brand Y,Electronics,1.7,210,33,0.16,Small,9.52,White,Glass,2018-02-05 02:40:42,2022-05-15 20:56:06,308,917.35
4035,Product B,Brand Y,Groceries,2.8,274,54,0.2,Large,7.27,Black,Metal,2019-04-12 23:47:15,2023-03-12 21:48:40,101,817.9
1851,Product D,Brand Z,Electronics,2.5,449,69,0.09,Small,7.03,Red,Glass,2018-11-20 05:52:37,2022-12-19 07:10:18,146,193.94
2194,Product B,Brand X,Groceries,1.9,368,57,0.18,Large,6.7,Blue,Plastic,2018-10-02 17:38:16,2022-07-13 23:27:27,257,309.67
6662,Product C,Brand Z,Electronics,2.9,765,60,0.49,Large,9.4,Green,Metal,2018-06-18 23:24:05,2023-05-15 10:55:18,29,488.57
1480,Product D,Brand Y,Electronics,2.5,560,48,0.4,Small,4.61,Red,Metal,2019-08-04 01:47:01,2022-05-28 14:54:02,250,49.72
1597,Product C,Brand X,Groceries,9.9,413,80,0.3,Medium,0.84,Blue,Metal,2019-10-23 19:59:17,2022-12-19 08:04:41,180,817.76
9874,Product C,Brand X,Groceries,1.1,559,85,0.46,Medium,9.5,White,Metal,2021-09-19 02:49:51,2025-09-03 00:38:57,1445,651.55
9875,Product A,Brand Y,Furniture,4.0,843,59,0.47,Large,7.66,White,Plastic,2022-06-13 17:22:11,2025-09-09 03:08:51,1184,414.39
9876,Product A,Brand Z,Clothing,3.4,424,31,0.3,Small,3.64,Black,Plastic,2020-12-17 02:14:21,2024-08-01 19:14:58,1323,490.42
9877,Product E,Brand Y,Electronics,4.6,581,65,0.28,Small,9.1,Green,Metal,2022-04-19 11:57:22,2023-10-08 15:35:20,537,378.84
9878,Product A,Brand X,Electronics,3.8,645,16,0.26,Medium,5.25,Black,Plastic,2021-03-17 11:26:06,2025-07-17 08:31:25,1583,906.5
9879,Product B,Brand Y,Clothing,1.6,255,42,0.15,Large,7.98,White,Metal,2020-10-10 04:45:39,2021-02-22 13:41:31,135,684.67
9880,Product B,Brand Z,Groceries,2.2,52,48,0.07,Large,2.93,Black,Plastic,2022-06-18 01:10:21,2026-12-30 01:23:05,1656,105.57
9881,Product D,Brand X,Electronics,4.8,55,98,0.48,Medium,3.14,Red,Plastic,2020-10-17 18:44:24,2023-04-19 21:40:15,914,343.38
9882,Product B,Brand Z,Furniture,3.8,951,41,0.46,Medium,2.25,Blue,Metal,2021-09-10 22:10:46,2026-02-11 02:17:59,1615,317.26
9883,Product D,Brand Y,Clothing,3.2,357,55,0.31,Large,5.97,Red,Glass,2021-08-10 06:06:20,2026-01-13 15:10:50,1617,288.21
9884,Product D,Brand Y,Toys,1.9,48,49,0.27,Medium,4.93,Red,Wood,2020-04-02 16:18:26,2021-07-05 01:07:53,459,616.12
9885,Product B,Brand Z,Groceries,3.0,698,42,0.29,Large,5.4,Red,Wood,2020-09-19 07:36:59,2022-08-17 03:08:15,697,365.07
9886,Product A,Brand Z,Electronics,2.0,166,97,0.47,Medium,6.0,White,Wood,2022-05-30 11:27:39,2025-03-11 17:34:45,1016,65.66
9887,Product E,Brand X,Groceries,1.8,436,43,0.08,Medium,1.19,Red,Glass,2021-04-05 18:43:08,2025-07-24 22:58:16,1571,865.4
9888,Product A,Brand X,Groceries,1.4,207,82,0.15,Large,1.4,Green,Metal,2020-11-13 15:44:23,2024-04-27 13:48:51,1261,591.19
9889,Product A,Brand Z,Electronics,1.9,215,41,0.36,Medium,3.52,Red,Plastic,2021-01-25 09:17:07,2022-12-17 02:26:54,691,356.81
9890,Product A,Brand X,Toys,3.5,708,41,0.2,Small,7.07,Red,Metal,2020-10-09 09:02:16,2025-07-26 07:21:58,1751,170.79
9891,Product D,Brand Z,Clothing,3.1,923,92,0.2,Large,5.52,Blue,Wood,2021-10-18 20:18:11,2024-04-24 11:40:28,919,316.39
9892,Product E,Brand Z,Clothing,2.7,1,62,0.33,Small,6.7,Green,Glass,2021-08-09 12:02:41,2026-08-14 01:10:47,1831,927.9
9893,Product D,Brand Y,Clothing,3.0,505,47,0.24,Medium,3.62,Black,Metal,2021-08-30 09:36:18,2023-07-28 03:12:49,697,211.84
9894,Product B,Brand Z,Electronics,3.4,209,37,0.35,Small,0.97,Green,Metal,2020-09-28 22:22:42,2024-08-02 21:18:01,1404,520.65
9895,Product D,Brand Z,Furniture,4.9,887,22,0.27,Large,2.44,Black,Wood,2021-12-02 17:26:45,2025-04-26 16:56:55,1241,51.49
9896,Product B,Brand Y,Toys,3.6,398,73,0.15,Small,4.89,Black,Metal,2021-05-21 06:10:33,2024-09-04 11:27:52,1202,452.69
9897,Product C,Brand X,Toys,2.6,15,30,0.07,Small,4.36,White,Metal,2020-01-07 18:38:42,2020-05-07 00:31:48,121,826.28
9898,Product A,Brand Z,Toys,4.2,570,67,0.22,Medium,4.62,Black,Metal,2022-01-11 16:29:50,2026-09-20 00:44:57,1713,224.79
9899,Product D,Brand Y,Toys,1.2,682,13,0.47,Large,4.32,Red,Glass,2020-10-07 04:48:59,2025-05-01 18:56:21,1667,123.42
9900,Product B,Brand Y,Clothing,3.8,226,46,0.15,Medium,8.73,White,Glass,2022-08-27 07:30:31,2023-03-23 10:59:34,208,419.26
9901,Product E,Brand X,Toys,2.2,238,77,0.1,Large,5.17,Red,Metal,2021-04-09 20:15:55,2026-09-04 16:52:03,1974,915.87
9902,Product B,Brand Z,Furniture,5.0,779,81,0.33,Small,8.18,White,Metal,2021-08-01 14:41:05,2026-05-22 18:40:27,1755,957.04
9903,Product E,Brand X,Toys,3.8,63,55,0.5,Large,0.99,White,Metal,2021-08-14 20:32:16,2026-07-03 14:09:57,1784,123.33
9904,Product C,Brand Y,Furniture,1.3,225,94,0.3,Large,0.31,Green,Glass,2020-10-17 06:14:53,2021-06-21 01:36:26,247,266.14
9905,Product A,Brand Z,Groceries,2.5,648,55,0.23,Small,5.01,White,Plastic,2021-06-29 13:40:31,2024-03-12 10:03:36,987,227.27
9906,Product C,Brand Z,Electronics,2.2,479,81,0.16,Small,2.86,Green,Glass,2021-04-20 09:20:19,2022-05-26 03:19:57,401,77.76
9907,Product C,Brand Z,Furniture,2.7,695,84,0.38,Medium,0.23,Blue,Plastic,2022-07-14 17:14:20,2025-11-29 21:36:12,1234,149.95
9908,Product C,Brand Y,Clothing,4.3,358,68,0.36,Medium,5.57,White,Metal,2022-01-12 20:52:48,2022-10-21 07:07:34,282,520.19
9909,Product E,Brand Y,Electronics,1.3,286,93,0.32,Small,7.44,Green,Glass,2021-05-05 02:07:18,2023-01-16 06:07:55,621,293.36
9910,Product A,Brand X,Toys,2.5,723,21,0.09,Medium,0.61,White,Metal,2021-09-03 15:29:02,2024-02-09 08:10:06,889,149.99
9911,Product B,Brand Z,Electronics,3.8,178,59,0.23,Small,6.1,White,Glass,2020-09-29 07:42:44,2025-01-21 12:25:03,1575,337.36
9912,Product D,Brand X,Groceries,4.3,824,5,0.21,Small,5.37,Red,Plastic,2022-09-06 17:40:15,2026-07-07 01:16:02,1400,476.32
9913,Product A,Brand X,Clothing,1.9,588,24,0.11,Large,5.13,White,Plastic,2020-06-18 00:59:29,2021-12-18 18:13:27,548,23.63
9914,Product A,Brand Z,Furniture,2.1,173,52,0.11,Medium,7.41,Black,Metal,2021-05-27 18:51:36,2023-10-30 23:43:09,886,42.84
9915,Product B,Brand X,Electronics,4.6,986,68,0.42,Large,0.3,White,Glass,2020-06-05 07:20:09,2022-04-20 17:48:15,684,950.95
9916,Product B,Brand X,Groceries,4.2,428,51,0.36,Medium,2.68,Red,Wood,2021-03-21 03:57:41,2022-10-26 19:21:46,584,235.83
9917,Product E,Brand X,Electronics,3.2,335,71,0.08,Small,6.43,White,Wood,2022-01-31 08:31:43,2027-07-10 03:35:24,1986,329.22
9918,Product B,Brand Y,Clothing,1.5,595,30,0.3,Large,1.61,White,Glass,2022-01-08 16:22:13,2024-07-26 12:21:29,930,855.55
9919,Product B,Brand Z,Electronics,3.1,159,45,0.11,Large,8.02,Black,Plastic,2022-06-29 10:20:56,2023-08-31 19:01:08,428,745.75
9920,Product B,Brand Z,Toys,3.7,284,41,0.42,Medium,6.35,Blue,Plastic,2022-06-04 00:38:36,2022-11-23 04:23:28,172,55.6
9921,Product C,Brand X,Furniture,2.4,739,79,0.45,Medium,0.61,White,Wood,2021-10-12 15:24:56,2025-04-18 23:29:29,1284,919.12
9922,Product C,Brand Z,Electronics,2.5,969,10,0.1,Large,1.62,White,Metal,2021-06-10 18:08:33,2024-02-17 10:28:25,982,528.78
9923,Product B,Brand Y,Furniture,4.3,288,66,0.38,Medium,8.6,Blue,Wood,2020-04-09 19:22:31,2023-09-27 15:06:42,1266,298.28
9924,Product E,Brand Y,Toys,4.9,154,23,0.13,Small,7.21,Blue,Wood,2022-06-25 12:06:21,2027-08-28 05:47:13,1890,298.27
9925,Product B,Brand Y,Toys,2.2,755,35,0.01,Small,2.41,Red,Metal,2022-08-31 06:02:36,2024-10-15 20:46:13,776,300.37
9926,Product A,Brand Y,Clothing,3.0,847,63,0.22,Large,3.71,Red,Metal,2021-03-21 13:17:51,2022-04-16 04:11:21,391,556.44
9927,Product C,Brand Y,Groceries,3.3,188,92,0.11,Small,8.91,Black,Plastic,2022-08-24 01:09:15,2023-07-21 06:36:22,331,759.9
9928,Product D,Brand Z,Groceries,2.3,102,74,0.2,Large,3.55,White,Metal,2020-11-27 10:27:34,2024-04-26 04:58:54,1246,319.34
9929,Product E,Brand Y,Groceries,3.8,559,59,0.47,Medium,7.74,Red,Plastic,2021-04-27 12:59:58,2024-09-29 20:34:14,1251,913.11
9930,Product E,Brand Z,Clothing,4.5,371,46,0.33,Small,7.92,White,Metal,2021-09-22 18:28:26,2022-03-24 12:54:14,183,207.27
9931,Product A,Brand Y,Toys,1.4,213,1,0.49,Large,2.97,Red,Glass,2020-10-31 09:31:52,2023-02-05 08:53:39,827,674.64
9932,Product A,Brand X,Furniture,4.1,978,76,0.16,Large,3.8,Red,Glass,2020-09-25 07:57:56,2021-10-13 20:46:06,383,565.72
9933,Product D,Brand Z,Clothing,4.7,621,43,0.3,Small,3.11,Blue,Metal,2020-09-30 20:27:55,2021-03-28 00:27:09,179,107.08
9934,Product D,Brand Y,Electronics,2.7,79,73,0.17,Medium,8.05,Blue,Wood,2020-03-18 02:43:19,2022-08-31 00:56:33,896,168.59
9935,Product B,Brand X,Clothing,3.3,288,18,0.47,Large,2.19,Blue,Metal,2022-05-23 05:21:44,2023-11-20 18:58:20,546,832.94
9936,Product B,Brand X,Clothing,2.8,876,97,0.46,Small,6.49,Black,Wood,2021-08-27 14:41:56,2022-07-18 18:38:23,325,693.38
9937,Product B,Brand X,Clothing,1.6,300,12,0.35,Large,6.08,Red,Plastic,2022-08-08 20:16:24,2027-02-10 14:52:53,1647,391.07
9938,Product A,Brand X,Groceries,3.0,200,100,0.15,Large,0.68,Blue,Plastic,2020-05-21 18:33:11,2024-06-13 23:38:38,1484,869.94
9939,Product E,Brand X,Furniture,1.5,407,77,0.13,Small,9.09,White,Wood,2022-01-17 23:40:43,2025-12-01 15:46:25,1414,11.55
9940,Product C,Brand X,Groceries,2.8,273,43,0.1,Medium,7.2,Green,Metal,2022-02-19 02:35:29,2023-04-08 03:51:42,413,654.38
9941,Product E,Brand X,Toys,4.9,549,100,0.09,Small,2.31,Black,Metal,2021-05-02 10:17:59,2025-08-31 04:33:59,1582,692.21
9942,Product B,Brand Y,Toys,2.1,585,100,0.13,Large,2.58,Red,Plastic,2021-09-25 05:40:56,2025-04-23 19:12:38,1306,804.59
9943,Product A,Brand Y,Clothing,1.9,693,92,0.12,Medium,7.65,Blue,Metal,2020-01-16 19:49:32,2023-03-07 03:34:47,1146,529.2
9944,Product A,Brand Z,Groceries,1.6,648,76,0.19,Large,2.51,Black,Plastic,2021-11-13 12:18:36,2022-07-23 21:52:57,252,655.53
9945,Product D,Brand Y,Clothing,1.1,6,92,0.0,Small,8.2,Red,Plastic,2020-10-13 07:52:04,2021-02-26 04:26:33,136,57.96
9946,Product D,Brand Y,Furniture,2.6,360,67,0.13,Medium,0.96,Black,Plastic,2020-07-16 07:57:00,2024-08-26 05:04:19,1502,615.61
9947,Product A,Brand Z,Furniture,1.4,502,79,0.07,Small,7.76,White,Glass,2020-12-09 17:01:49,2021-07-27 08:49:12,230,257.7
9948,Product E,Brand X,Furniture,3.0,197,97,0.29,Small,8.59,Blue,Plastic,2020-08-29 13:29:01,2024-08-30 10:41:50,1462,278.27
9949,Product E,Brand Z,Furniture,3.2,849,83,0.45,Small,2.11,Black,Metal,2021-08-07 18:06:04,2022-12-03 06:21:30,483,323.98
9950,Product C,Brand X,Groceries,1.5,783,47,0.33,Large,2.23,Green,Plastic,2021-09-24 21:55:34,2022-10-12 16:58:26,383,669.48
9951,Product E,Brand Z,Clothing,3.5,255,87,0.46,Medium,1.44,White,Glass,2022-07-09 13:08:08,2024-03-01 16:00:00,601,738.47
9952,Product B,Brand Z,Furniture,4.6,462,37,0.02,Small,8.05,White,Metal,2022-02-22 14:20:37,2025-08-28 02:13:15,1283,60.83
9953,Product D,Brand Z,Furniture,4.2,620,41,0.29,Large,3.12,Green,Wood,2020-06-27 05:27:52,2021-11-30 23:34:12,521,421.26
9954,Product C,Brand Y,Clothing,2.5,16,9,0.1,Small,2.82,Black,Wood,2020-04-26 05:54:38,2021-01-18 12:07:39,267,144.7
9955,Product B,Brand Y,Groceries,2.3,528,63,0.47,Large,7.45,Green,Plastic,2020-01-01 18:33:45,2021-11-04 00:24:43,673,696.57
9956,Product D,Brand X,Electronics,4.3,950,98,0.45,Medium,2.92,White,Metal,2020-10-06 03:26:45,2025-07-02 17:03:46,1730,774.09
9957,Product C,Brand X,Clothing,3.4,181,17,0.29,Large,5.94,Green,Glass,2022-07-08 22:44:45,2024-10-01 01:01:16,816,279.83
9958,Product E,Brand X,Toys,2.4,317,16,0.27,Medium,7.88,Black,Wood,2020-12-06 05:28:09,2025-03-28 06:58:31,1573,629.71
9959,Product B,Brand Y,Groceries,2.2,260,89,0.11,Medium,1.72,Blue,Metal,2020-02-16 03:20:30,2022-07-11 08:01:49,876,889.53
9960,Product B,Brand Z,Clothing,2.8,906,79,0.07,Small,9.24,White,Plastic,2022-03-24 23:07:36,2024-05-08 21:36:48,776,624.96
9961,Product C,Brand X,Clothing,2.6,129,10,0.19,Small,6.75,Blue,Glass,2022-09-10 04:19:09,2025-02-12 16:21:36,886,854.04
9962,Product C,Brand Y,Groceries,4.1,575,22,0.32,Large,5.01,Blue,Metal,2022-08-20 10:57:18,2023-02-17 07:35:44,181,350.38
9963,Product B,Brand Z,Toys,2.5,908,49,0.08,Small,4.39,Red,Wood,2021-01-05 02:05:22,2022-11-29 03:10:31,693,453.37
9964,Product D,Brand Y,Toys,1.4,626,1,0.39,Large,5.3,Green,Plastic,2020-08-15 04:58:45,2024-10-22 16:27:04,1529,90.56
9965,Product C,Brand Z,Clothing,2.8,730,45,0.45,Medium,0.62,Black,Wood,2021-10-06 16:13:54,2024-10-02 07:05:16,1092,715.04
9966,Product C,Brand Y,Groceries,2.5,578,66,0.09,Large,6.77,Black,Metal,2020-07-25 16:15:31,2021-01-01 18:42:49,160,955.41
9967,Product B,Brand X,Clothing,2.3,670,54,0.1,Small,7.44,Blue,Metal,2022-05-25 11:45:40,2023-12-01 08:52:57,555,891.77
9968,Product B,Brand Z,Groceries,1.9,5,42,0.13,Large,9.0,Green,Metal,2022-08-20 21:23:24,2026-11-12 11:09:40,1545,879.08
9969,Product C,Brand Y,Furniture,1.6,292,10,0.31,Small,9.59,White,Glass,2020-06-12 10:46:29,2025-03-26 12:07:36,1748,846.85
9970,Product C,Brand Y,Electronics,4.0,989,74,0.18,Medium,4.54,Black,Plastic,2021-05-17 12:57:49,2024-08-17 03:58:22,1188,713.89
9971,Product E,Brand X,Furniture,1.6,188,59,0.49,Small,8.98,Blue,Wood,2020-01-24 09:03:06,2023-05-25 07:36:00,1217,219.12
9972,Product D,Brand Y,Toys,2.3,623,35,0.42,Large,9.65,Blue,Wood,2020-10-19 13:42:17,2022-01-27 18:41:00,465,50.37
9973,Product A,Brand X,Toys,2.2,639,15,0.01,Large,5.3,Red,Glass,2020-08-04 21:04:48,2022-08-08 21:35:51,734,659.44
9974,Product B,Brand Y,Furniture,3.4,142,6,0.2,Medium,3.02,Blue,Plastic,2021-01-24 03:25:32,2024-01-28 12:01:54,1099,379.0
9975,Product A,Brand Y,Clothing,3.0,910,30,0.48,Medium,4.26,Red,Glass,2021-09-01 00:20:17,2025-03-29 06:11:01,1305,942.0
9976,Product C,Brand X,Groceries,3.1,387,55,0.5,Medium,2.54,Green,Metal,2022-04-11 19:31:38,2024-05-28 16:28:49,778,85.94
9977,Product B,Brand Z,Groceries,4.4,199,69,0.41,Large,2.68,Blue,Glass,2020-07-11 21:46:31,2024-07-29 14:40:31,1479,332.37
9978,Product A,Brand Z,Electronics,4.8,893,82,0.3,Small,9.29,Blue,Metal,2020-09-29 20:39:16,2022-02-06 06:47:33,495,858.92
9979,Product C,Brand Y,Electronics,3.1,528,2,0.34,Medium,6.0,Red,Glass,2021-09-04 06:51:32,2023-01-05 18:39:48,488,481.02
9980,Product B,Brand Z,Groceries,3.7,798,2,0.21,Small,1.03,Black,Glass,2022-02-16 19:14:17,2026-10-10 02:51:01,1697,677.18
9981,Product A,Brand Z,Furniture,2.7,204,93,0.44,Medium,0.14,Black,Wood,2020-08-10 20:04:59,2022-12-07 18:42:08,849,360.91
9982,Product A,Brand Y,Furniture,2.0,391,66,0.27,Small,7.28,White,Plastic,2022-08-29 21:30:03,2024-01-13 09:39:42,502,560.29
9983,Product A,Brand Z,Groceries,3.4,47,21,0.09,Large,9.23,White,Glass,2021-08-05 11:38:39,2022-12-09 06:10:38,491,641.31
9984,Product C,Brand Y,Groceries,4.1,202,30,0.36,Small,7.15,Red,Plastic,2020-07-11 21:36:29,2024-08-16 04:44:09,1497,224.47
9985,Product E,Brand Z,Toys,2.0,146,58,0.04,Medium,3.63,White,Glass,2021-08-02 03:14:54,2025-12-24 07:02:08,1605,656.9
9986,Product A,Brand X,Clothing,3.9,644,51,0.47,Small,1.26,Red,Plastic,2021-05-20 17:16:17,2024-06-13 20:05:33,1120,151.0
9987,Product E,Brand Y,Toys,3.9,666,27,0.07,Medium,1.18,Green,Wood,2022-05-30 14:50:33,2025-06-03 18:56:04,1100,760.32
9988,Product D,Brand Z,Toys,1.0,820,1,0.35,Large,8.44,White,Plastic,2021-03-05 22:14:58,2025-01-23 02:35:15,1420,65.47
9989,Product D,Brand Z,Clothing,1.6,227,46,0.18,Small,3.02,Green,Glass,2022-04-09 10:29:25,2024-05-01 09:47:17,753,202.6
9990,Product D,Brand Y,Toys,4.6,203,34,0.48,Small,1.43,Black,Wood,2022-06-21 03:11:15,2023-08-12 04:07:46,417,394.9
9991,Product A,Brand Z,Clothing,1.1,476,26,0.3,Medium,5.95,Green,Metal,2021-07-12 06:15:55,2025-09-20 10:59:31,1531,967.96
9992,Product D,Brand X,Toys,3.4,874,96,0.04,Small,7.68,Red,Wood,2021-08-24 17:12:33,2026-08-17 18:46:48,1819,673.0
9993,Product C,Brand Z,Furniture,2.8,82,43,0.49,Medium,4.65,Blue,Wood,2021-10-24 05:05:47,2022-03-05 05:45:12,132,300.91
9994,Product B,Brand Z,Electronics,1.6,162,62,0.38,Large,6.65,Blue,Plastic,2022-07-11 12:46:53,2025-07-28 18:15:58,1113,833.88
9995,Product A,Brand X,Electronics,3.0,271,58,0.0,Small,1.69,Red,Glass,2020-01-28 16:23:35,2023-03-13 02:14:04,1140,398.69
9996,Product A,Brand Z,Groceries,3.0,775,54,0.48,Large,5.49,Red,Wood,2021-02-20 02:21:46,2025-10-05 12:04:50,1688,190.55
9997,Product A,Brand Y,Furniture,3.4,279,27,0.37,Small,4.93,Black,Wood,2021-09-10 02:53:09,2024-10-31 00:55:08,1147,41.67
9998,Product D,Brand X,Groceries,4.7,387,59,0.25,Small,2.55,Black,Plastic,2022-08-24 13:22:22,2027-06-03 18:27:42,1744,601.3
9999,Product E,Brand Z,Groceries,4.8,475,18,0.35,Large,4.88,Green,Wood,2022-03-03 03:23:28,2026-07-21 22:14:44,1601,791.98
10000,Product E,Brand Y,Furniture,2.4,644,34,0.4,Large,3.54,Red,Wood,2021-07-21 02:16:30,2025-03-27 16:55:32,1345,914.04
10001,Product B,Brand X,Groceries,2.1,163,66,0.43,Medium,4.94,White,Glass,2021-03-26 02:38:08,2024-01-10 15:34:29,1020,446.16
10002,Product C,Brand Y,Toys,1.2,316,76,0.36,Small,6.81,Red,Wood,2020-06-21 00:37:29,2020-10-20 19:38:50,121,523.74
10003,Product D,Brand Y,Clothing,4.9,701,99,0.31,Small,3.33,White,Metal,2022-04-16 13:38:13,2027-06-29 16:06:17,1900,467.44
10004,Product A,Brand X,Toys,1.7,345,57,0.47,Large,7.77,Black,Glass,2021-08-07 02:16:33,2026-05-25 14:22:25,1752,998.06
10005,Product C,Brand X,Groceries,3.5,293,12,0.02,Large,5.01,Green,Metal,2022-08-20 12:08:42,2025-06-21 13:56:22,1036,838.77
10006,Product A,Brand X,Furniture,4.0,121,43,0.32,Small,1.13,Red,Glass,2021-03-29 07:10:53,2024-05-13 11:26:04,1141,100.04
10007,Product D,Brand X,Toys,2.3,909,63,0.31,Large,1.74,Red,Wood,2022-09-02 14:35:59,2025-01-19 07:55:28,870,107.73
10008,Product E,Brand Z,Furniture,2.6,538,3,0.23,Large,2.38,Red,Plastic,2022-08-11 22:08:21,2023-12-03 03:18:56,479,960.3
10009,Product B,Brand X,Groceries,2.3,237,7,0.49,Large,7.16,Blue,Wood,2020-09-05 06:58:47,2024-07-04 20:27:36,1398,737.46
10010,Product E,Brand Z,Electronics,1.9,622,57,0.03,Large,3.69,Blue,Metal,2022-09-25 12:27:37,2024-10-04 14:19:02,740,136.82
10011,Product A,Brand X,Electronics,4.6,263,60,0.06,Small,6.81,Red,Wood,2022-01-24 14:40:18,2023-09-01 01:07:03,585,934.21
10012,Product C,Brand Y,Furniture,2.8,981,43,0.01,Small,7.67,Blue,Plastic,2021-01-19 07:50:28,2022-05-11 06:28:13,477,775.0
10013,Product C,Brand X,Electronics,1.7,731,34,0.41,Large,1.25,Black,Glass,2021-12-25 12:26:53,2024-06-27 08:41:37,915,413.61
10014,Product A,Brand X,Clothing,1.5,600,95,0.03,Small,3.46,Blue,Glass,2020-12-17 13:59:17,2022-07-04 16:58:30,564,294.95
10015,Product C,Brand Y,Toys,4.6,739,23,0.22,Small,4.18,White,Plastic,2021-06-26 19:43:57,2026-09-05 23:57:15,1897,897.75
10016,Product D,Brand X,Furniture,2.4,566,16,0.06,Medium,6.39,Black,Glass,2021-11-12 04:42:52,2023-04-24 03:14:54,528,739.77
10017,Product E,Brand Z,Clothing,2.7,544,72,0.21,Large,1.39,Black,Wood,2022-07-31 06:20:36,2023-05-21 10:21:15,294,231.48
10018,Product C,Brand Y,Furniture,2.4,181,77,0.17,Small,0.89,Green,Glass,2022-06-14 00:37:36,2023-07-12 13:49:21,393,140.11
10019,Product A,Brand Y,Clothing,3.5,404,21,0.19,Medium,2.66,Black,Metal,2021-09-15 21:23:25,2022-11-30 11:03:42,441,234.41
10020,Product E,Brand X,Toys,3.9,953,66,0.05,Small,9.21,Green,Glass,2022-04-05 08:15:41,2023-03-15 01:32:02,344,403.0
10021,Product D,Brand Z,Furniture,2.6,25,63,0.39,Small,1.9,Black,Plastic,2021-04-05 19:45:52,2023-09-02 16:05:31,880,517.56
10022,Product A,Brand X,Electronics,4.6,807,99,0.44,Small,9.2,Green,Plastic,2020-04-14 12:29:33,2020-12-02 16:19:48,232,807.29
10023,Product C,Brand Y,Electronics,3.9,950,41,0.43,Large,9.57,Black,Plastic,2021-04-24 06:39:25,2026-01-22 06:45:03,1734,737.19
10024,Product B,Brand Y,Furniture,3.0,484,15,0.41,Large,9.77,Green,Wood,2022-03-15 02:46:42,2025-02-08 03:44:58,1061,314.34
10025,Product C,Brand Y,Clothing,2.2,645,69,0.16,Large,6.24,White,Wood,2020-07-29 23:28:24,2021-09-25 05:15:33,423,320.9
10026,Product B,Brand Z,Electronics,4.7,575,60,0.45,Small,3.31,White,Plastic,2022-05-03 03:24:10,2023-01-18 08:05:46,260,67.23
10027,Product A,Brand Y,Clothing,3.1,416,2,0.39,Large,4.46,Green,Metal,2022-08-03 17:19:45,2026-03-31 20:22:50,1336,976.57
10028,Product D,Brand Z,Clothing,4.4,118,0,0.06,Large,3.12,Red,Wood,2021-04-22 23:20:50,2024-06-02 06:37:49,1137,345.53
10029,Product C,Brand Y,Electronics,3.0,858,78,0.15,Medium,5.36,Green,Wood,2021-04-16 11:59:41,2021-09-05 18:11:11,142,171.47
10030,Product B,Brand Z,Toys,2.8,246,39,0.1,Small,2.63,Blue,Metal,2022-02-13 03:00:33,2022-12-08 01:24:47,298,504.39
10031,Product D,Brand X,Groceries,3.3,768,78,0.1,Large,7.38,Green,Glass,2021-08-30 06:06:10,2026-03-07 21:26:54,1650,334.37
10032,Product E,Brand Y,Toys,1.3,898,98,0.38,Small,7.4,Red,Glass,2021-08-18 08:09:29,2026-12-05 17:28:23,1935,527.3
10033,Product C,Brand Y,Electronics,3.1,543,86,0.15,Small,2.71,Red,Plastic,2021-03-29 19:20:51,2025-10-15 02:16:51,1661,41.02
10034,Product A,Brand X,Clothing,4.9,205,31,0.09,Large,1.74,Green,Metal,2020-04-09 05:17:20,2022-05-27 09:03:38,778,667.13
10035,Product C,Brand X,Toys,3.4,365,96,0.4,Large,5.68,Black,Metal,2020-09-27 21:38:40,2021-03-23 17:40:26,177,136.6
10036,Product D,Brand Z,Groceries,2.2,553,73,0.31,Large,9.77,Blue,Wood,2020-04-05 21:53:09,2024-01-26 11:00:55,1391,917.86
10037,Product B,Brand Z,Furniture,1.1,673,73,0.15,Small,8.03,Black,Glass,2021-07-13 21:32:55,2023-10-27 11:22:10,836,109.33
10038,Product E,Brand Z,Furniture,1.7,161,72,0.39,Small,7.83,Black,Metal,2020-11-12 06:01:22,2022-03-10 01:52:25,483,362.34
10039,Product C,Brand Z,Groceries,4.4,317,71,0.12,Small,0.44,White,Glass,2021-06-18 13:37:47,2026-11-25 07:31:21,1986,190.24
10040,Product C,Brand Z,Clothing,2.7,392,15,0.44,Medium,5.91,Green,Metal,2020-07-05 21:56:06,2024-01-29 20:09:21,1303,819.48
10041,Product E,Brand X,Electronics,2.4,17,37,0.42,Large,6.04,Red,Metal,2020-03-25 09:35:42,2024-10-07 11:37:54,1657,382.24
10042,Product C,Brand X,Toys,4.6,312,62,0.1,Small,6.34,Green,Plastic,2022-01-15 07:49:26,2023-09-06 04:35:11,599,770.35
10043,Product A,Brand Y,Groceries,4.5,370,52,0.16,Small,6.87,Green,Metal,2021-09-04 18:00:54,2022-01-17 20:01:02,135,271.44
10044,Product A,Brand Y,Groceries,4.6,724,46,0.05,Small,4.95,Blue,Wood,2020-04-02 08:32:12,2024-03-25 01:14:57,1453,973.68
10045,Product B,Brand Z,Electronics,3.9,490,7,0.16,Medium,1.72,White,Wood,2020-02-03 21:02:25,2021-06-23 10:18:09,506,292.11
10046,Product D,Brand Y,Furniture,4.9,596,3,0.27,Small,7.23,White,Metal,2020-09-20 15:24:36,2024-10-20 21:49:14,1491,47.46
10047,Product A,Brand X,Groceries,4.7,208,84,0.09,Large,5.15,Red,Glass,2020-12-03 06:57:02,2024-03-09 05:50:50,1192,23.79
10048,Product B,Brand Y,Groceries,3.3,900,55,0.13,Small,4.34,Blue,Plastic,2021-01-12 00:45:38,2026-03-26 13:07:42,1899,669.13
10049,Product E,Brand Y,Furniture,3.0,952,53,0.31,Small,5.08,Blue,Plastic,2022-09-23 11:20:41,2027-06-27 00:38:25,1738,970.85
10050,Product D,Brand X,Furniture,1.9,162,44,0.36,Small,6.56,White,Wood,2020-11-03 06:08:33,2022-11-30 10:13:11,757,839.33
10051,Product A,Brand Y,Clothing,4.0,15,14,0.13,Small,4.11,Red,Metal,2021-03-20 05:21:21,2024-05-14 20:35:46,1151,949.73
10052,Product D,Brand Y,Clothing,4.4,317,7,0.13,Large,3.55,Red,Glass,2020-04-16 23:16:13,2021-01-30 09:55:25,289,491.46
10053,Product B,Brand X,Furniture,3.0,677,97,0.34,Small,8.69,Blue,Plastic,2021-04-12 18:03:19,2022-05-19 08:29:34,402,377.82
10054,Product D,Brand X,Groceries,1.4,383,77,0.11,Small,2.07,Red,Metal,2020-07-10 19:13:19,2025-10-12 15:12:08,1920,211.21
10055,Product C,Brand X,Clothing,2.8,146,93,0.39,Medium,8.93,Green,Wood,2020-11-18 00:17:32,2022-12-08 12:36:06,750,410.44
10056,Product B,Brand X,Furniture,4.3,757,89,0.39,Small,2.99,Red,Plastic,2022-08-31 15:02:05,2023-06-30 03:17:03,303,437.32
10057,Product A,Brand X,Furniture,4.5,18,34,0.45,Large,8.07,Blue,Wood,2020-04-12 04:13:46,2020-11-07 19:01:24,209,854.07
10058,Product E,Brand Y,Clothing,4.1,461,40,0.08,Medium,7.43,White,Glass,2021-10-08 01:36:18,2023-04-07 05:06:32,546,366.02
10059,Product C,Brand Y,Clothing,4.6,149,23,0.17,Large,6.75,Black,Glass,2020-09-08 14:24:48,2022-11-12 17:02:16,795,726.37
10060,Product A,Brand Y,Electronics,5.0,397,31,0.37,Medium,9.45,White,Plastic,2020-02-25 23:20:51,2023-02-23 16:46:17,1094,10.87
10061,Product D,Brand X,Groceries,2.6,352,78,0.32,Medium,7.41,Black,Plastic,2021-07-24 10:32:38,2022-03-01 05:39:59,220,691.2
10062,Product C,Brand X,Toys,3.7,43,70,0.02,Large,8.49,White,Plastic,2020-12-19 12:21:36,2025-11-24 07:57:24,1801,381.28
10063,Product E,Brand Y,Furniture,3.6,239,1,0.46,Small,7.84,White,Metal,2020-01-08 18:00:23,2021-09-28 01:35:33,629,341.21
10064,Product D,Brand Z,Groceries,1.1,913,9,0.15,Small,5.03,Red,Wood,2021-09-11 02:03:57,2024-04-05 05:56:56,937,713.83
10065,Product D,Brand X,Furniture,1.8,405,59,0.1,Small,2.3,Black,Metal,2022-07-18 16:35:49,2025-04-08 02:14:22,995,321.22
10066,Product C,Brand Z,Clothing,2.5,881,70,0.41,Large,3.71,Red,Plastic,2021-10-09 10:23:04,2027-02-11 20:41:38,1951,470.75
10067,Product A,Brand Z,Furniture,1.4,801,68,0.31,Small,3.8,Green,Glass,2020-07-20 17:18:57,2023-04-12 16:40:54,996,542.59
10068,Product B,Brand X,Clothing,1.8,915,80,0.21,Medium,4.2,Green,Metal,2022-07-08 13:17:09,2024-05-30 22:41:06,692,833.99
10069,Product A,Brand Y,Groceries,1.3,436,45,0.35,Small,8.33,Green,Plastic,2022-09-17 10:50:44,2027-02-03 14:12:31,1600,485.07
10070,Product D,Brand Z,Furniture,3.7,119,52,0.26,Small,2.13,Blue,Glass,2020-04-04 19:36:44,2023-12-27 12:56:42,1362,174.58
10071,Product C,Brand Z,Toys,4.0,836,78,0.05,Medium,0.56,White,Metal,2020-04-05 11:31:30,2023-10-26 18:03:41,1299,302.52
10072,Product C,Brand Z,Toys,3.1,307,27,0.43,Medium,8.2,Green,Plastic,2021-06-05 01:36:35,2026-10-26 03:13:07,1969,920.2
10073,Product A,Brand Y,Electronics,5.0,278,21,0.19,Large,9.11,Red,Plastic,2021-02-02 14:45:32,2025-05-17 18:44:43,1565,553.74
10074,Product B,Brand X,Electronics,4.2,715,98,0.03,Small,6.2,Blue,Plastic,2020-04-10 23:55:01,2021-04-09 04:41:27,364,221.25
10075,Product D,Brand Y,Toys,4.1,798,75,0.04,Large,5.87,Black,Plastic,2022-06-14 11:52:15,2023-09-30 15:08:20,473,253.64
10076,Product C,Brand X,Clothing,3.1,17,86,0.16,Large,6.45,White,Wood,2022-03-28 00:02:38,2025-05-31 22:59:08,1160,23.15
10077,Product C,Brand X,Electronics,1.2,965,10,0.45,Large,0.55,White,Glass,2022-03-20 02:36:39,2025-10-19 05:54:02,1309,518.72
10078,Product D,Brand X,Electronics,3.2,255,64,0.49,Medium,4.12,White,Metal,2020-08-21 05:48:54,2023-01-28 02:39:25,890,629.66
10079,Product D,Brand Z,Groceries,2.8,538,38,0.36,Small,2.85,Black,Wood,2021-08-15 10:38:13,2025-06-14 10:05:06,1399,293.74
10080,Product E,Brand Y,Groceries,1.1,921,69,0.47,Medium,7.09,Blue,Plastic,2020-11-13 10:39:43,2022-04-01 09:17:10,504,912.45
10081,Product A,Brand Z,Toys,2.3,372,41,0.14,Medium,7.9,Green,Metal,2022-08-13 12:56:23,2023-08-03 07:54:20,355,682.35
10082,Product B,Brand X,Toys,4.2,811,68,0.25,Large,4.48,Green,Plastic,2021-10-13 21:14:13,2023-10-22 06:23:44,739,137.58
10083,Product E,Brand Z,Groceries,4.7,866,86,0.18,Medium,3.82,Black,Plastic,2020-11-19 03:47:32,2025-06-16 13:51:11,1670,408.77
10084,Product A,Brand Z,Toys,1.1,650,7,0.27,Small,6.8,Blue,Plastic,2021-04-20 23:57:40,2022-11-12 13:31:58,571,208.35
10085,Product B,Brand Y,Groceries,1.6,783,56,0.39,Small,5.13,Blue,Glass,2022-05-17 21:09:08,2027-09-06 21:17:08,1938,96.54
10086,Product A,Brand X,Electronics,2.1,242,12,0.19,Small,8.18,Green,Plastic,2022-03-22 18:04:55,2025-09-15 03:56:00,1273,483.74
10087,Product A,Brand X,Electronics,2.9,333,66,0.43,Medium,0.16,Blue,Wood,2020-06-04 10:38:28,2025-06-21 00:50:09,1843,974.5
10088,Product C,Brand Y,Toys,4.1,511,87,0.35,Large,9.61,White,Glass,2022-04-28 23:45:09,2022-10-17 16:04:12,172,95.65
10089,Product D,Brand Z,Groceries,3.3,619,54,0.07,Medium,1.96,Red,Glass,2020-03-19 20:58:04,2021-06-16 14:21:51,454,426.18
10090,Product C,Brand Z,Furniture,1.1,95,26,0.39,Small,5.69,Blue,Metal,2020-08-13 23:16:52,2024-05-16 17:42:31,1372,93.78
10091,Product C,Brand X,Toys,1.0,20,17,0.45,Small,2.31,Blue,Glass,2021-05-10 05:26:42,2022-12-14 20:30:57,583,762.3
10092,Product C,Brand Z,Groceries,2.7,116,20,0.38,Small,6.55,White,Plastic,2022-07-07 20:32:09,2023-04-17 16:18:07,284,685.84
10093,Product A,Brand X,Clothing,2.6,270,86,0.05,Medium,0.78,Red,Wood,2022-06-18 16:56:24,2027-05-31 05:50:58,1808,208.51
10094,Product C,Brand X,Toys,2.4,801,7,0.5,Large,1.0,Blue,Plastic,2022-08-31 22:19:11,2025-04-10 02:22:30,953,282.51
10095,Product B,Brand Y,Electronics,4.1,722,70,0.37,Large,1.42,Black,Wood,2022-04-23 01:10:05,2027-07-12 23:02:47,1906,331.04
10096,Product E,Brand Y,Electronics,3.3,969,87,0.09,Medium,4.58,Black,Glass,2021-12-10 18:22:08,2022-07-28 07:19:46,230,697.69
10097,Product B,Brand X,Clothing,1.2,980,12,0.23,Large,4.88,Green,Plastic,2022-03-22 06:22:05,2026-12-31 08:29:42,1745,755.87
10098,Product C,Brand Z,Clothing,4.0,130,69,0.02,Large,3.01,White,Metal,2020-02-17 06:55:25,2025-08-02 05:45:37,1993,783.35
10099,Product C,Brand Z,Electronics,2.2,371,49,0.31,Large,3.82,White,Plastic,2020-01-19 00:45:18,2022-10-26 20:54:05,1011,23.84
10100,Product C,Brand Z,Clothing,4.2,27,88,0.42,Medium,0.36,White,Plastic,2020-12-29 22:02:59,2022-11-07 10:26:01,678,200.28
10101,Product A,Brand X,Electronics,3.8,618,94,0.31,Large,5.12,White,Glass,2022-04-27 19:33:27,2023-07-15 15:57:52,444,554.07
10102,Product A,Brand Z,Groceries,1.9,202,92,0.38,Medium,3.89,Blue,Wood,2021-09-08 11:20:35,2025-08-18 02:08:51,1440,427.29
10103,Product E,Brand Y,Electronics,2.9,46,48,0.31,Medium,8.76,Blue,Glass,2021-06-24 14:53:36,2024-03-03 02:56:52,983,877.46
10104,Product B,Brand Z,Clothing,1.4,500,93,0.18,Large,9.77,Green,Plastic,2021-11-23 22:10:41,2023-01-07 01:54:33,410,189.96
10105,Product E,Brand Y,Groceries,3.8,306,100,0.44,Large,4.62,Red,Wood,2021-07-14 18:09:32,2022-07-11 03:41:22,362,350.36
10106,Product D,Brand Y,Groceries,4.5,129,17,0.02,Large,4.19,White,Glass,2022-07-08 13:28:29,2023-06-01 04:59:09,328,991.01
10107,Product C,Brand Y,Clothing,2.1,73,64,0.21,Small,2.17,Blue,Plastic,2022-06-09 03:11:57,2024-09-22 20:24:08,836,372.86
10108,Product E,Brand X,Clothing,3.4,353,2,0.15,Small,3.82,Black,Plastic,2020-02-05 11:58:36,2021-02-12 07:13:39,373,648.65
10109,Product B,Brand X,Furniture,2.7,711,63,0.09,Small,8.95,Black,Metal,2022-02-12 17:14:09,2026-12-07 10:01:49,1759,408.2
10110,Product B,Brand X,Electronics,3.4,373,98,0.18,Small,8.34,Blue,Wood,2022-06-01 22:10:18,2026-08-15 18:49:43,1536,637.37
10111,Product D,Brand Y,Toys,4.6,242,20,0.3,Small,3.63,White,Metal,2021-01-02 10:57:52,2026-04-06 08:20:42,1920,129.77
10112,Product A,Brand Y,Groceries,2.5,678,79,0.28,Large,6.3,Blue,Metal,2021-12-23 22:41:44,2024-10-11 10:04:09,1023,793.55
10113,Product D,Brand Z,Electronics,4.0,692,92,0.49,Small,8.61,Black,Plastic,2021-01-01 04:56:32,2023-05-23 10:25:48,872,715.19
10114,Product D,Brand Z,Furniture,2.6,750,34,0.25,Small,4.98,Black,Metal,2021-11-21 12:52:31,2025-05-13 04:44:53,1269,183.24
10115,Product A,Brand Y,Furniture,3.0,474,57,0.35,Small,8.61,Blue,Plastic,2020-04-05 05:25:41,2023-11-23 01:08:49,1327,806.98
10116,Product D,Brand Y,Clothing,3.2,600,79,0.41,Large,5.57,White,Plastic,2021-07-18 20:30:25,2025-09-01 09:34:09,1506,277.62
10117,Product D,Brand Z,Clothing,4.4,500,82,0.26,Medium,1.49,White,Wood,2021-05-12 12:27:36,2025-08-10 11:24:08,1551,876.16
10118,Product E,Brand X,Groceries,3.1,363,37,0.33,Medium,3.97,Blue,Metal,2020-09-30 15:20:53,2022-04-01 17:15:57,548,756.19
10119,Product E,Brand Y,Clothing,4.3,434,65,0.4,Large,8.11,Green,Wood,2020-09-30 13:56:30,2024-05-19 14:53:15,1327,479.94
10120,Product D,Brand Y,Electronics,4.1,263,96,0.04,Large,1.16,Red,Wood,2020-10-21 07:23:58,2023-08-18 10:33:38,1031,990.7
10121,Product A,Brand Y,Groceries,5.0,195,85,0.16,Large,2.38,Blue,Metal,2020-07-30 07:21:10,2021-12-20 21:27:29,508,668.76
10122,Product A,Brand Z,Groceries,2.9,774,1,0.04,Medium,5.36,Black,Glass,2021-09-17 20:51:14,2023-02-16 20:14:17,517,269.64
10123,Product C,Brand X,Electronics,3.7,795,29,0.38,Large,9.37,Green,Glass,2020-11-27 20:53:56,2022-06-24 09:18:02,574,921.22
10124,Product E,Brand Z,Furniture,3.3,274,58,0.28,Small,6.72,Blue,Wood,2022-01-06 07:47:44,2024-02-05 13:48:02,760,992.06
10125,Product D,Brand Y,Electronics,2.6,191,44,0.48,Large,3.17,Blue,Metal,2021-07-06 06:03:03,2023-11-17 23:41:32,864,143.9
10126,Product E,Brand Y,Groceries,1.8,821,81,0.09,Small,7.77,Red,Metal,2020-01-13 22:36:58,2021-07-27 09:51:18,561,222.0
10127,Product E,Brand X,Groceries,3.8,342,19,0.49,Large,7.99,Green,Metal,2021-03-30 17:53:26,2025-05-24 16:42:53,1516,843.87
10128,Product B,Brand X,Groceries,1.4,98,33,0.05,Large,7.05,Green,Wood,2022-09-07 11:30:58,2025-10-03 01:41:43,1122,894.74
10129,Product D,Brand Z,Furniture,2.5,636,5,0.28,Small,5.01,Red,Metal,2020-06-03 13:42:51,2024-08-27 15:59:58,1546,831.07
10130,Product B,Brand Y,Toys,2.2,889,65,0.3,Large,6.72,Blue,Wood,2020-04-04 02:18:50,2023-01-07 18:18:23,1008,657.65
10131,Product C,Brand X,Toys,1.3,631,31,0.34,Small,6.2,Green,Metal,2021-12-20 06:56:18,2025-07-07 16:41:42,1295,635.8
10132,Product C,Brand Y,Toys,2.8,355,70,0.03,Medium,4.17,Blue,Glass,2021-09-14 01:24:11,2026-02-10 00:43:00,1610,240.05
10133,Product D,Brand Z,Furniture,2.3,757,44,0.06,Medium,0.7,Green,Wood,2022-01-30 13:42:47,2025-05-06 16:02:11,1192,679.84
10134,Product D,Brand X,Toys,2.2,805,14,0.2,Small,1.01,White,Glass,2022-01-27 19:56:41,2026-04-23 03:35:45,1547,876.23
10135,Product D,Brand X,Clothing,4.7,188,21,0.19,Small,6.35,Blue,Wood,2022-09-09 10:04:10,2027-10-04 15:15:01,1851,826.12
10136,Product E,Brand Z,Furniture,3.2,157,80,0.25,Medium,4.03,Black,Metal,2020-03-13 00:29:44,2021-11-28 00:05:51,625,185.57
10137,Product C,Brand Y,Clothing,3.9,819,74,0.14,Small,1.88,Red,Glass,2022-01-20 18:53:43,2025-11-29 04:12:39,1409,415.17
10138,Product B,Brand Y,Groceries,3.5,875,40,0.44,Large,6.07,Blue,Plastic,2022-01-31 02:09:23,2023-06-16 20:32:49,501,508.24
10139,Product E,Brand Z,Electronics,2.2,466,88,0.02,Large,4.58,White,Glass,2021-06-23 23:15:47,2024-01-18 00:16:06,939,967.37
10140,Product B,Brand X,Electronics,3.5,246,15,0.29,Large,8.31,Blue,Glass,2020-08-02 00:26:59,2024-12-31 17:25:41,1612,999.45
10141,Product B,Brand Z,Furniture,4.5,282,50,0.25,Large,3.85,Black,Metal,2020-08-18 20:39:26,2024-03-15 02:29:52,1305,987.89
10142,Product B,Brand Z,Groceries,4.3,706,23,0.41,Medium,9.41,Green,Plastic,2020-12-01 08:48:38,2025-05-13 20:37:24,1624,533.55
10143,Product B,Brand Y,Furniture,3.6,449,99,0.21,Large,6.73,White,Metal,2022-05-22 10:46:38,2026-06-17 15:54:10,1487,481.34
10144,Product A,Brand Y,Furniture,1.5,22,32,0.44,Small,1.2,Blue,Glass,2021-07-13 21:12:35,2024-01-30 07:53:28,931,943.19
10145,Product E,Brand X,Furniture,1.7,193,60,0.24,Small,5.05,White,Glass,2021-01-15 01:46:49,2024-04-07 04:37:19,1178,147.85
10146,Product C,Brand Y,Furniture,4.7,682,37,0.37,Large,5.2,White,Metal,2022-06-14 12:40:07,2025-05-08 21:32:23,1059,962.23
10147,Product E,Brand Z,Furniture,2.5,377,99,0.23,Small,3.56,Blue,Wood,2022-03-21 21:42:42,2024-06-24 00:51:46,826,700.34
10148,Product B,Brand Y,Furniture,4.2,44,100,0.35,Medium,5.5,White,Metal,2020-03-31 17:55:12,2022-03-22 08:15:17,721,189.85
10149,Product E,Brand Y,Groceries,4.4,513,3,0.43,Medium,6.79,Blue,Glass,2022-01-23 04:05:17,2026-08-21 14:37:27,1671,545.47
10150,Product D,Brand X,Toys,3.1,461,60,0.26,Medium,6.7,Blue,Plastic,2021-08-05 07:41:43,2026-06-09 13:36:33,1769,798.19
10151,Product D,Brand Z,Groceries,2.5,511,72,0.34,Small,4.76,Green,Plastic,2020-01-20 10:58:18,2025-02-03 05:24:51,1841,349.13
10152,Product D,Brand X,Clothing,2.1,475,76,0.46,Large,4.97,Red,Metal,2021-09-24 21:17:47,2026-06-30 14:22:12,1740,885.86
10153,Product D,Brand Y,Furniture,3.2,54,38,0.41,Large,5.33,Blue,Plastic,2021-12-16 07:10:48,2026-06-30 10:58:57,1657,297.39
10154,Product B,Brand X,Electronics,2.2,481,43,0.42,Large,4.66,Black,Plastic,2021-05-07 07:45:54,2026-09-26 14:28:33,1968,193.46
10155,Product D,Brand Y,Furniture,4.7,933,28,0.16,Medium,0.59,Red,Wood,2020-04-06 20:45:17,2021-09-13 06:09:31,525,756.09
10156,Product A,Brand Y,Clothing,4.2,571,62,0.23,Medium,2.17,Blue,Wood,2021-10-07 13:47:08,2025-06-06 21:16:31,1338,367.37
10157,Product D,Brand X,Toys,4.7,212,100,0.22,Small,2.38,Green,Glass,2020-09-21 13:57:38,2026-02-08 06:15:28,1966,365.71
10158,Product C,Brand Y,Furniture,4.3,558,62,0.23,Large,6.88,Red,Metal,2021-03-24 22:55:37,2024-06-12 20:44:19,1176,526.23
10159,Product C,Brand Z,Toys,1.2,723,72,0.17,Small,9.91,White,Wood,2021-07-20 00:08:20,2026-06-03 04:10:07,1779,978.18
10160,Product B,Brand Z,Toys,2.7,735,74,0.22,Large,2.36,Black,Metal,2020-05-04 09:06:18,2022-07-20 18:22:25,807,706.84
10161,Product C,Brand Z,Electronics,2.7,676,15,0.44,Medium,1.94,White,Metal,2021-08-03 16:46:59,2023-07-17 20:52:35,713,601.59
10162,Product E,Brand Y,Toys,4.0,690,27,0.12,Small,0.48,Green,Metal,2020-08-31 23:27:21,2023-10-23 12:11:04,1148,539.24
10163,Product B,Brand X,Furniture,4.9,550,2,0.01,Small,7.58,Blue,Metal,2021-04-01 00:23:35,2025-11-21 20:50:34,1695,383.57
10164,Product D,Brand X,Toys,3.1,823,62,0.13,Small,1.23,Black,Plastic,2020-03-13 05:26:02,2025-03-04 07:33:17,1817,913.56
10165,Product A,Brand X,Furniture,1.1,79,63,0.23,Large,5.76,Blue,Metal,2021-06-18 03:41:38,2022-04-30 19:16:53,316,977.84
10166,Product A,Brand X,Clothing,1.9,66,87,0.01,Large,4.02,Red,Metal,2020-03-18 04:47:59,2021-06-25 04:07:05,464,269.24
10167,Product C,Brand Y,Furniture,4.8,833,92,0.36,Small,2.05,Black,Wood,2022-03-24 12:56:20,2027-01-25 10:37:15,1768,293.94
10168,Product A,Brand Z,Furniture,4.6,821,96,0.01,Large,2.47,Blue,Plastic,2022-07-24 13:19:09,2023-08-24 17:02:48,396,633.61
10169,Product E,Brand X,Toys,2.2,765,92,0.02,Medium,7.69,Green,Plastic,2020-06-14 04:30:19,2024-05-21 10:48:11,1437,680.53
10170,Product C,Brand Z,Furniture,3.0,297,47,0.3,Small,5.46,Red,Wood,2022-08-01 22:28:59,2026-01-09 03:29:21,1257,569.98
10171,Product D,Brand X,Clothing,4.9,935,52,0.11,Small,9.89,Green,Wood,2022-02-08 19:08:48,2026-05-27 22:36:05,1569,916.93
10172,Product C,Brand X,Toys,3.4,794,2,0.05,Medium,6.23,Black,Glass,2022-03-23 18:46:35,2024-12-15 14:40:40,998,24.22
10173,Product E,Brand Z,Toys,4.8,265,0,0.3,Large,3.52,Blue,Wood,2021-02-23 05:15:40,2026-02-16 15:09:10,1819,395.75
10174,Product D,Brand X,Toys,3.9,444,41,0.08,Medium,3.41,Black,Glass,2020-04-18 02:10:06,2025-10-04 11:41:08,1995,641.15
10175,Product C,Brand Y,Toys,3.4,245,96,0.15,Large,0.77,Black,Glass,2020-01-12 11:51:31,2025-04-25 00:34:41,1930,840.9
10176,Product C,Brand Y,Groceries,4.1,538,29,0.01,Large,7.06,Blue,Metal,2021-11-28 17:44:38,2026-09-19 11:03:31,1756,931.06
10177,Product B,Brand Y,Groceries,1.4,634,6,0.09,Large,2.0,Red,Glass,2022-09-24 17:27:20,2023-08-17 01:08:00,327,271.18
10178,Product A,Brand Y,Groceries,1.1,609,61,0.13,Small,4.93,Green,Plastic,2021-02-21 20:55:53,2022-11-15 19:27:43,632,519.01
10179,Product C,Brand Y,Groceries,4.2,790,32,0.2,Large,5.27,Black,Wood,2021-02-26 13:44:50,2021-11-03 21:28:06,250,532.35
10180,Product D,Brand Y,Toys,2.5,34,63,0.1,Small,4.15,Blue,Wood,2021-04-11 08:43:14,2025-04-29 03:53:00,1479,297.81
10181,Product E,Brand Y,Electronics,3.9,240,97,0.2,Large,1.42,Red,Wood,2022-06-16 22:11:56,2027-03-28 22:49:00,1746,85.22
10182,Product B,Brand Z,Electronics,1.4,699,79,0.15,Large,2.24,Green,Glass,2020-01-24 14:42:14,2020-12-04 14:34:57,315,748.49
10183,Product C,Brand Z,Clothing,1.3,743,47,0.2,Small,7.87,Black,Plastic,2021-01-11 14:35:57,2022-01-29 17:14:46,383,701.36
10184,Product E,Brand Y,Toys,3.2,433,18,0.09,Large,5.64,Green,Glass,2020-06-24 11:10:15,2023-07-02 17:41:01,1103,174.87
10185,Product D,Brand Y,Clothing,2.9,3,29,0.1,Large,8.12,White,Plastic,2022-06-29 10:23:31,2025-12-26 15:49:15,1276,916.72
10186,Product B,Brand Y,Furniture,3.9,830,16,0.33,Large,2.65,White,Metal,2020-03-24 01:07:37,2020-12-25 02:31:07,276,423.75
10187,Product C,Brand Y,Furniture,2.6,152,40,0.43,Medium,0.42,Black,Plastic,2021-05-16 00:20:34,2025-12-27 00:22:50,1686,863.39
10188,Product C,Brand X,Clothing,2.4,898,100,0.04,Small,1.66,Blue,Metal,2022-06-21 18:46:58,2026-04-26 00:17:45,1405,461.79
10189,Product E,Brand Y,Groceries,2.3,821,35,0.23,Large,0.36,Black,Glass,2021-10-17 01:23:42,2024-07-04 17:05:40,991,773.7
10190,Product C,Brand X,Furniture,1.2,432,78,0.08,Small,6.49,Red,Glass,2020-04-30 02:02:50,2023-12-15 07:05:09,1324,230.47
10191,Product D,Brand X,Toys,2.0,878,43,0.13,Small,5.85,Blue,Glass,2020-06-25 08:05:23,2023-05-11 15:56:43,1050,180.62
10192,Product A,Brand Y,Electronics,3.9,956,23,0.36,Large,4.4,Blue,Metal,2020-10-17 21:21:42,2021-09-20 23:55:16,338,510.58
10193,Product D,Brand Z,Electronics,2.9,837,79,0.07,Medium,9.99,Red,Wood,2021-11-09 11:53:00,2025-05-15 00:15:09,1283,339.05
10194,Product C,Brand Z,Furniture,3.6,292,62,0.36,Small,9.61,Green,Glass,2021-04-08 18:34:37,2024-07-09 01:11:17,1188,727.49
10195,Product B,Brand X,Toys,2.0,948,83,0.12,Medium,1.32,Black,Metal,2021-03-23 16:25:57,2023-06-01 18:29:06,800,535.15
10196,Product E,Brand X,Groceries,4.2,605,18,0.12,Medium,9.72,Red,Metal,2021-10-18 22:25:19,2022-10-30 00:19:37,377,690.59
10197,Product E,Brand Z,Furniture,3.9,955,68,0.09,Small,5.8,Green,Metal,2022-01-09 14:10:12,2027-02-14 10:54:32,1862,218.39
10198,Product E,Brand Y,Furniture,4.1,338,59,0.45,Medium,6.99,Red,Plastic,2021-10-13 16:27:48,2022-07-05 01:19:51,265,277.54
10199,Product B,Brand Z,Furniture,2.5,714,90,0.1,Large,0.74,Red,Wood,2020-08-26 15:28:10,2025-07-08 09:00:23,1777,896.6
10200,Product E,Brand X,Furniture,1.8,51,71,0.21,Medium,2.75,Red,Glass,2021-01-11 16:47:47,2024-04-15 00:32:40,1190,790.17
10201,Product E,Brand Z,Toys,3.3,813,71,0.07,Small,2.44,Green,Glass,2020-11-04 09:36:42,2026-01-29 13:35:14,1912,52.71
10202,Product D,Brand Z,Groceries,1.2,897,13,0.07,Medium,6.14,Red,Wood,2022-08-25 03:09:13,2028-01-13 12:14:45,1967,790.22
10203,Product D,Brand Z,Furniture,3.1,371,3,0.37,Large,0.5,Green,Metal,2020-02-28 13:23:56,2024-08-28 13:11:19,1643,541.84
10204,Product B,Brand Z,Clothing,1.4,597,87,0.06,Large,8.38,Green,Wood,2022-02-06 07:47:07,2022-06-08 15:04:44,122,210.78
10205,Product E,Brand Z,Toys,1.9,939,48,0.36,Small,1.84,Green,Plastic,2021-12-21 07:49:31,2025-12-22 21:10:03,1462,347.71
10206,Product C,Brand Y,Toys,3.1,110,80,0.07,Medium,4.74,Green,Metal,2021-04-14 23:38:15,2023-05-02 08:47:27,748,994.63
10207,Product E,Brand Y,Groceries,5.0,864,55,0.21,Small,6.45,White,Plastic,2020-04-18 09:41:20,2024-08-11 04:23:14,1576,107.72
10208,Product C,Brand X,Groceries,3.2,35,20,0.49,Large,7.56,Red,Wood,2020-09-21 18:56:22,2024-09-20 04:10:26,1460,119.9
10209,Product B,Brand X,Clothing,3.8,804,19,0.22,Large,1.27,Green,Glass,2020-04-10 19:23:18,2021-08-09 13:35:02,486,215.32
10210,Product A,Brand Y,Electronics,1.1,314,24,0.42,Large,0.87,Blue,Wood,2020-02-18 21:11:07,2022-03-12 14:30:25,753,295.97
10211,Product C,Brand Z,Clothing,3.3,609,35,0.15,Small,0.84,White,Glass,2020-09-16 22:12:06,2021-05-27 16:45:36,253,639.58
10212,Product A,Brand Z,Furniture,3.5,737,89,0.48,Medium,6.43,Blue,Metal,2020-02-15 22:39:53,2024-01-21 22:42:16,1436,634.4
10213,Product D,Brand Z,Electronics,3.4,326,89,0.39,Large,2.2,Black,Metal,2020-09-10 15:09:12,2025-03-06 09:19:23,1638,239.83
10214,Product C,Brand X,Toys,5.0,482,38,0.28,Large,7.74,Blue,Metal,2020-01-14 17:55:39,2022-07-14 16:36:24,912,544.2
10215,Product A,Brand Z,Toys,1.2,781,10,0.21,Medium,2.41,Green,Plastic,2020-04-29 06:45:00,2024-10-10 10:51:46,1625,497.23
10216,Product C,Brand Y,Toys,4.8,477,91,0.03,Medium,0.58,Green,Metal,2022-06-14 22:27:40,2023-03-17 07:57:15,276,793.33
10217,Product D,Brand Z,Clothing,2.7,818,32,0.38,Medium,4.74,Green,Glass,2020-08-19 06:16:13,2025-01-23 04:13:47,1618,166.02
10218,Product E,Brand Z,Groceries,4.7,186,30,0.35,Large,0.81,Black,Metal,2022-01-11 19:12:45,2027-02-24 00:00:54,1870,441.69
10219,Product C,Brand Y,Furniture,2.4,846,87,0.12,Small,7.87,Green,Glass,2021-12-06 17:05:02,2023-05-30 15:24:02,540,978.59
10220,Product C,Brand X,Furniture,4.7,860,28,0.22,Small,2.53,Black,Wood,2021-07-07 15:50:50,2024-09-15 16:56:25,1166,344.32
10221,Product A,Brand Z,Furniture,1.3,398,67,0.11,Medium,9.61,White,Plastic,2022-05-05 20:04:50,2024-11-15 21:10:46,925,785.19
10222,Product E,Brand Z,Furniture,2.6,319,73,0.36,Small,8.71,White,Metal,2020-02-25 02:04:20,2021-03-08 13:17:38,377,501.0
10223,Product E,Brand X,Furniture,4.7,800,99,0.32,Small,6.4,Black,Wood,2021-06-24 19:08:27,2024-01-16 16:20:53,936,677.16
10224,Product D,Brand Y,Electronics,2.5,57,59,0.16,Large,7.5,Black,Glass,2021-09-13 06:36:33,2024-04-27 22:30:20,957,357.1
10225,Product B,Brand Y,Clothing,4.7,176,20,0.3,Large,1.14,White,Plastic,2020-06-16 08:56:31,2023-06-16 05:38:15,1095,507.58
10226,Product D,Brand Z,Clothing,4.3,997,64,0.04,Large,4.71,Blue,Plastic,2021-09-02 21:48:16,2026-06-22 15:18:38,1754,608.35
10227,Product D,Brand X,Clothing,2.5,297,56,0.33,Small,4.08,Black,Metal,2020-09-09 18:05:39,2024-01-15 17:22:25,1223,822.25
10228,Product A,Brand Z,Groceries,1.4,395,30,0.3,Small,7.76,White,Glass,2020-04-22 19:21:14,2022-01-24 02:53:41,642,258.13
10229,Product E,Brand X,Toys,2.6,412,93,0.21,Medium,6.05,Blue,Plastic,2020-10-25 00:24:08,2025-10-01 03:47:44,1802,307.79
10230,Product D,Brand Z,Groceries,1.5,905,6,0.12,Small,4.1,Red,Plastic,2021-03-17 01:41:13,2025-11-03 04:39:37,1692,260.92
10231,Product E,Brand Z,Groceries,3.3,635,8,0.41,Medium,0.22,White,Wood,2020-10-24 19:52:32,2023-02-15 08:52:07,844,510.88
10232,Product B,Brand X,Toys,4.2,138,80,0.15,Small,7.18,Green,Plastic,2020-02-21 08:27:35,2021-01-31 01:33:05,345,744.52
10233,Product E,Brand Z,Groceries,3.3,690,100,0.44,Small,7.52,Red,Metal,2021-08-19 19:50:19,2022-10-16 08:59:03,423,740.09
10234,Product E,Brand X,Groceries,2.5,632,73,0.12,Medium,4.25,Red,Plastic,2022-05-07 03:30:40,2023-10-04 09:05:56,515,127.11
10235,Product E,Brand Z,Furniture,4.6,195,77,0.47,Small,8.07,Blue,Wood,2022-01-15 05:59:06,2026-09-02 04:32:06,1691,649.16
10236,Product C,Brand Z,Electronics,2.2,515,7,0.12,Small,4.3,Blue,Glass,2021-10-14 03:10:20,2023-12-08 17:17:07,785,480.65
10237,Product A,Brand Y,Clothing,4.9,81,88,0.43,Large,0.37,Red,Metal,2020-03-22 03:50:21,2024-05-14 09:52:47,1514,488.65
10238,Product C,Brand Z,Toys,4.1,15,75,0.32,Large,0.92,Blue,Glass,2020-10-14 00:48:16,2021-03-19 06:21:06,156,622.71
10239,Product C,Brand Z,Clothing,1.8,795,30,0.38,Large,1.09,Green,Plastic,2020-11-30 08:33:07,2024-06-01 12:04:23,1279,875.93
10240,Product C,Brand X,Toys,1.5,650,42,0.11,Large,7.93,Black,Metal,2021-11-06 23:40:44,2026-06-03 04:34:50,1670,442.87
10241,Product B,Brand Z,Clothing,3.6,867,73,0.06,Small,0.31,Black,Plastic,2020-07-11 21:56:44,2024-10-11 15:24:31,1553,409.34
10242,Product A,Brand X,Toys,2.7,605,85,0.4,Small,2.26,Green,Plastic,2021-01-03 15:56:39,2023-05-06 16:58:52,853,561.27
10243,Product A,Brand X,Toys,4.2,720,52,0.26,Medium,7.3,Red,Plastic,2020-04-30 20:19:02,2025-05-27 06:21:29,1853,810.01
10244,Product A,Brand Y,Electronics,4.8,724,74,0.09,Large,3.22,Green,Metal,2021-11-08 02:37:21,2026-02-22 15:56:22,1567,31.29
10245,Product B,Brand Z,Electronics,3.2,49,71,0.34,Small,3.77,Black,Metal,2020-09-27 15:00:05,2024-02-15 14:34:16,1236,950.94
10246,Product A,Brand Y,Groceries,1.1,666,18,0.32,Medium,9.01,Red,Glass,2022-09-25 03:49:18,2024-01-24 11:00:58,486,960.43
10247,Product E,Brand Y,Groceries,3.2,502,94,0.19,Small,3.51,Green,Wood,2020-09-08 10:52:40,2022-06-25 17:36:33,655,813.95
10248,Product A,Brand Y,Toys,1.1,178,31,0.32,Small,3.07,White,Glass,2022-07-13 10:27:23,2027-10-14 15:56:26,1919,367.65
10249,Product A,Brand Y,Furniture,1.0,847,58,0.41,Medium,4.76,Blue,Glass,2020-10-20 22:21:46,2024-10-06 12:39:45,1447,321.07
10250,Product D,Brand X,Toys,2.1,348,31,0.01,Small,4.16,Blue,Glass,2021-09-27 13:51:18,2025-10-10 03:34:37,1474,878.67
10251,Product E,Brand Z,Furniture,1.4,850,50,0.22,Medium,4.38,Green,Plastic,2021-08-02 21:05:30,2023-10-06 15:03:44,795,768.79
10252,Product B,Brand Z,Furniture,2.7,212,5,0.17,Medium,4.36,White,Glass,2021-01-26 16:34:26,2025-03-04 15:13:03,1498,274.14
10253,Product D,Brand Z,Groceries,3.8,16,52,0.43,Medium,9.57,Green,Metal,2020-05-21 07:39:55,2021-12-09 09:38:35,567,869.7
10254,Product A,Brand Z,Furniture,2.9,274,18,0.13,Medium,3.6,Blue,Glass,2020-03-16 12:57:17,2021-06-23 08:11:20,464,16.52
10255,Product B,Brand Y,Electronics,3.8,709,13,0.47,Large,1.08,Red,Wood,2020-03-21 12:49:15,2024-06-16 03:36:06,1548,604.57
10256,Product B,Brand Y,Furniture,2.6,467,1,0.25,Large,9.47,White,Plastic,2020-07-26 11:48:38,2025-01-20 16:13:45,1639,412.65
10257,Product A,Brand X,Toys,1.4,59,80,0.23,Small,5.68,White,Wood,2020-10-13 15:55:31,2021-08-11 12:27:29,302,464.44
10258,Product C,Brand X,Electronics,3.4,271,63,0.18,Large,6.62,Red,Plastic,2021-08-25 21:58:46,2024-12-22 00:50:11,1215,974.76
10259,Product D,Brand X,Groceries,2.6,607,9,0.47,Medium,8.13,White,Metal,2020-05-30 15:26:43,2023-06-12 22:30:04,1108,880.37
10260,Product A,Brand X,Groceries,3.2,359,1,0.3,Small,5.93,White,Plastic,2021-09-27 02:55:48,2025-12-27 13:03:11,1552,531.66
10261,Product A,Brand X,Electronics,2.0,187,62,0.1,Small,1.05,Black,Metal,2020-11-05 01:09:56,2024-04-24 01:41:35,1266,388.2
10262,Product C,Brand Y,Furniture,2.5,618,38,0.12,Medium,4.88,Red,Plastic,2022-02-02 18:58:56,2026-03-12 01:04:34,1499,920.36
10263,Product E,Brand Y,Electronics,2.8,959,94,0.26,Medium,1.22,Green,Wood,2022-07-31 18:13:56,2024-02-28 13:59:26,577,978.29
10264,Product A,Brand Z,Toys,3.1,460,92,0.25,Medium,3.11,Blue,Wood,2020-06-29 23:01:44,2021-11-17 02:48:28,506,505.99
10265,Product B,Brand Y,Toys,4.0,991,93,0.21,Large,6.86,Green,Glass,2021-01-14 23:19:22,2024-10-02 09:02:09,1357,302.45
10266,Product C,Brand Z,Clothing,4.4,262,68,0.05,Large,3.74,Red,Plastic,2020-07-12 17:50:40,2022-02-08 03:02:04,576,176.51
10267,Product C,Brand X,Clothing,4.4,808,9,0.05,Large,1.31,White,Plastic,2021-04-26 07:20:21,2024-08-20 02:44:57,1212,57.62
10268,Product A,Brand Z,Clothing,2.0,605,57,0.22,Medium,4.25,Green,Plastic,2021-07-23 15:43:25,2024-02-10 02:11:16,932,903.38
10269,Product C,Brand Z,Electronics,3.4,695,76,0.32,Large,4.33,White,Wood,2021-06-15 10:49:57,2022-11-23 01:24:04,526,284.69
10270,Product A,Brand Y,Furniture,2.7,455,9,0.02,Medium,8.02,White,Wood,2021-09-11 21:58:18,2026-10-13 12:32:59,1858,948.58
10271,Product A,Brand Z,Electronics,1.6,628,95,0.24,Medium,8.4,Blue,Metal,2020-12-08 09:26:38,2024-05-31 02:22:07,1270,796.41
10272,Product D,Brand Y,Clothing,4.8,865,26,0.38,Medium,8.18,Black,Plastic,2021-08-09 11:20:23,2023-05-28 08:34:12,657,180.18
10273,Product E,Brand Z,Toys,1.2,392,14,0.46,Large,4.04,White,Plastic,2022-07-05 13:57:34,2026-06-27 02:04:06,1453,217.42
10274,Product B,Brand Z,Groceries,1.9,840,51,0.31,Medium,4.38,Red,Metal,2021-02-28 23:20:14,2026-04-16 02:34:33,1873,868.27
10275,Product E,Brand Z,Electronics,1.7,27,9,0.25,Medium,3.69,White,Metal,2020-02-28 07:39:40,2023-10-07 12:08:25,1317,883.18
10276,Product D,Brand Y,Clothing,2.8,314,44,0.33,Small,3.4,White,Plastic,2022-07-10 02:59:35,2025-09-28 10:27:23,1176,77.36
10277,Product D,Brand X,Toys,4.7,68,60,0.14,Small,1.34,White,Plastic,2022-07-24 13:07:28,2027-12-06 06:57:00,1961,964.43
10278,Product A,Brand Z,Clothing,3.6,383,52,0.42,Small,0.85,Black,Glass,2021-10-08 17:03:02,2024-06-01 06:37:09,967,230.38
10279,Product B,Brand X,Groceries,4.4,706,73,0.41,Medium,2.19,Red,Glass,2022-05-21 18:57:56,2024-09-13 00:37:06,846,741.18
10280,Product C,Brand Z,Furniture,3.9,85,57,0.15,Small,3.58,Red,Glass,2020-02-06 13:13:47,2021-04-29 20:14:13,448,319.32
10281,Product B,Brand Y,Furniture,3.6,309,62,0.18,Large,6.44,Blue,Wood,2022-06-21 02:57:07,2024-06-20 05:38:47,730,25.8
10282,Product A,Brand Y,Groceries,4.8,996,90,0.18,Large,7.78,Green,Metal,2020-09-14 04:31:47,2025-12-04 06:39:52,1907,635.49
10283,Product A,Brand X,Furniture,2.8,867,68,0.02,Small,7.27,Red,Glass,2020-10-14 11:29:05,2022-01-22 15:14:19,465,55.64
10284,Product E,Brand X,Toys,1.0,116,1,0.39,Medium,3.48,Blue,Wood,2021-04-22 03:04:42,2026-09-15 00:38:06,1972,711.27
10285,Product D,Brand X,Groceries,2.6,85,14,0.38,Small,8.95,White,Wood,2020-07-01 02:02:54,2024-02-29 21:55:18,1338,429.12
10286,Product C,Brand Z,Groceries,2.6,567,1,0.25,Medium,2.81,White,Metal,2022-04-12 00:18:56,2025-05-28 07:16:31,1142,247.9
10287,Product E,Brand X,Electronics,1.0,76,4,0.43,Large,0.17,Blue,Plastic,2020-04-19 14:38:15,2024-01-10 17:49:45,1361,613.85
10288,Product C,Brand X,Groceries,1.2,279,52,0.17,Large,7.14,Red,Wood,2022-05-31 07:35:19,2027-01-15 13:43:31,1690,105.39
10289,Product B,Brand X,Furniture,3.2,851,30,0.48,Medium,7.94,Red,Metal,2020-04-12 15:39:00,2023-04-28 08:01:50,1111,602.23
10290,Product D,Brand X,Furniture,4.4,918,41,0.43,Large,8.54,White,Wood,2021-11-18 11:25:18,2026-04-10 14:59:06,1604,486.47
10291,Product A,Brand Z,Furniture,2.2,511,100,0.25,Large,3.78,White,Wood,2020-12-26 15:28:55,2021-05-09 09:11:24,134,920.51
10292,Product C,Brand Z,Groceries,2.0,750,70,0.25,Large,8.16,Red,Plastic,2022-01-17 17:42:42,2024-06-13 05:39:56,878,870.88
10293,Product B,Brand X,Furniture,4.1,993,26,0.19,Small,5.39,White,Plastic,2021-07-12 18:07:20,2022-01-31 11:37:16,203,587.76
10294,Product B,Brand Y,Groceries,4.6,21,89,0.06,Small,8.13,Blue,Metal,2022-05-19 04:51:14,2026-02-14 09:23:48,1367,282.27
10295,Product B,Brand Y,Toys,2.8,696,15,0.19,Medium,4.71,Red,Metal,2020-10-29 01:05:42,2023-01-30 19:44:32,823,461.3
10296,Product D,Brand Y,Groceries,2.0,541,74,0.4,Small,8.41,Green,Plastic,2022-07-26 15:32:42,2023-06-04 22:54:06,313,997.87
10297,Product D,Brand Y,Groceries,1.3,321,67,0.26,Small,1.32,Blue,Glass,2022-03-08 01:52:42,2025-08-15 22:13:23,1256,823.41
10298,Product C,Brand Y,Clothing,2.6,250,1,0.23,Large,8.11,Red,Metal,2020-04-22 00:27:03,2023-07-10 16:27:53,1174,855.1
10299,Product A,Brand Y,Toys,4.4,751,21,0.45,Large,0.87,Black,Wood,2020-02-29 06:53:00,2024-07-14 09:09:27,1597,140.89
10300,Product E,Brand Z,Furniture,4.8,752,1,0.13,Large,2.76,White,Wood,2022-09-18 23:27:55,2025-12-10 08:58:59,1179,262.32
10301,Product C,Brand Y,Clothing,4.4,455,3,0.46,Medium,5.85,Black,Metal,2020-01-07 20:58:37,2020-06-01 12:48:04,146,233.46
10302,Product A,Brand Z,Electronics,1.9,257,31,0.41,Small,4.65,Black,Wood,2021-08-13 12:50:10,2023-06-10 02:57:29,666,301.2
10303,Product D,Brand Y,Toys,3.8,745,21,0.31,Medium,9.39,White,Plastic,2020-04-28 14:08:39,2023-12-03 05:05:44,1314,567.64
10304,Product B,Brand Z,Toys,2.0,3,9,0.44,Small,3.11,Black,Wood,2021-02-23 09:00:46,2023-02-04 03:47:58,711,739.06
10305,Product E,Brand Z,Furniture,2.8,286,63,0.49,Large,7.62,Blue,Plastic,2022-07-24 19:57:38,2027-12-29 06:31:07,1984,182.12
10306,Product B,Brand Z,Electronics,3.3,670,36,0.21,Small,7.41,Red,Wood,2020-11-03 21:43:52,2023-01-21 07:56:00,809,824.13
10307,Product B,Brand Z,Clothing,1.2,783,3,0.43,Small,7.18,Blue,Plastic,2022-08-04 06:51:21,2024-08-10 21:55:06,737,199.61
10308,Product B,Brand Z,Electronics,4.2,168,20,0.08,Large,5.76,White,Metal,2020-06-13 05:13:00,2023-09-23 05:34:06,1197,654.3
10309,Product D,Brand Z,Toys,2.4,681,4,0.32,Medium,7.51,White,Wood,2020-04-02 21:25:59,2021-03-12 04:34:01,344,713.4
10310,Product C,Brand Y,Toys,4.1,795,88,0.1,Small,3.9,Black,Glass,2020-04-23 15:25:08,2024-05-28 06:19:26,1496,139.58
10311,Product C,Brand Y,Groceries,3.5,23,68,0.19,Large,5.65,Green,Glass,2020-05-15 20:55:09,2020-10-01 07:17:27,139,203.78
10312,Product C,Brand X,Toys,3.6,953,47,0.05,Small,8.99,Red,Wood,2021-08-05 14:22:16,2024-12-31 21:36:31,1244,458.39
10313,Product C,Brand X,Furniture,4.0,957,37,0.21,Small,2.6,Green,Wood,2021-02-25 07:30:05,2021-08-13 21:07:31,169,623.64
10314,Product D,Brand Z,Toys,2.4,74,80,0.08,Small,7.77,Blue,Metal,2021-05-03 06:57:32,2026-01-02 07:39:23,1705,295.56
10315,Product B,Brand Y,Furniture,4.9,866,9,0.2,Small,3.34,Blue,Glass,2021-07-07 09:09:55,2026-10-04 07:29:44,1915,773.04
10316,Product D,Brand X,Clothing,4.1,681,72,0.08,Large,5.62,White,Glass,2020-01-25 23:16:12,2021-08-28 10:05:21,581,84.71
10317,Product A,Brand Z,Clothing,3.2,292,18,0.41,Large,2.75,Black,Plastic,2021-02-21 18:51:55,2023-06-16 12:44:01,845,766.53
10318,Product D,Brand Y,Toys,1.8,599,68,0.24,Large,5.95,Black,Plastic,2022-01-26 16:28:56,2027-05-04 17:04:37,1924,670.27
10319,Product D,Brand Y,Toys,3.5,482,22,0.14,Small,8.05,Black,Wood,2022-05-07 08:59:37,2025-08-10 23:25:15,1191,450.78
10320,Product A,Brand Y,Groceries,1.4,244,2,0.19,Small,8.88,Black,Metal,2020-01-15 21:20:27,2024-10-24 04:17:57,1744,675.34
10321,Product A,Brand X,Furniture,3.5,555,32,0.38,Large,9.72,Black,Wood,2020-12-03 04:30:00,2021-04-04 16:12:10,122,172.48
10322,Product C,Brand Y,Clothing,4.1,998,48,0.16,Large,0.48,Red,Metal,2021-07-30 17:55:56,2026-11-05 04:36:27,1924,526.23
10323,Product E,Brand X,Furniture,3.5,439,97,0.22,Large,8.19,Green,Plastic,2021-08-09 22:46:47,2025-11-28 12:55:50,1572,627.1
10324,Product E,Brand X,Toys,2.9,300,3,0.18,Small,8.47,Red,Wood,2022-08-15 15:55:01,2027-03-06 14:28:16,1664,925.77
10325,Product C,Brand Z,Electronics,3.9,748,44,0.45,Large,8.31,Green,Metal,2022-07-25 21:29:49,2025-08-06 22:35:41,1108,83.68
10326,Product B,Brand X,Furniture,4.2,664,95,0.2,Medium,3.83,Green,Wood,2020-01-07 13:18:26,2020-10-12 19:06:33,279,592.16
10327,Product B,Brand X,Groceries,4.0,593,82,0.49,Medium,6.22,Red,Plastic,2020-05-15 04:40:24,2025-10-18 05:53:25,1982,776.08
10328,Product E,Brand X,Toys,1.6,926,75,0.43,Medium,9.7,Red,Metal,2021-01-19 00:51:18,2023-04-18 10:59:36,819,745.31
10329,Product A,Brand X,Electronics,2.7,712,39,0.26,Small,2.34,Green,Plastic,2022-05-05 02:01:58,2024-12-21 07:11:22,961,410.24
10330,Product A,Brand Y,Furniture,2.8,120,7,0.14,Medium,9.81,White,Plastic,2022-05-25 15:43:26,2024-11-22 00:27:42,912,865.94
10331,Product C,Brand Y,Toys,3.7,338,72,0.12,Medium,4.48,Red,Metal,2022-07-09 05:55:27,2027-10-11 05:30:05,1920,744.82
10332,Product C,Brand Y,Electronics,1.7,568,43,0.1,Medium,7.13,Green,Glass,2020-05-28 00:58:57,2021-04-04 03:16:19,311,239.83
10333,Product B,Brand Z,Groceries,3.9,506,73,0.15,Large,6.46,White,Wood,2022-05-18 15:26:41,2025-07-22 01:29:51,1161,726.26
10334,Product B,Brand Y,Furniture,4.5,108,0,0.17,Large,8.4,Blue,Wood,2020-04-09 09:07:27,2024-05-07 11:08:28,1489,883.69
10335,Product D,Brand Z,Electronics,4.5,203,60,0.39,Large,0.68,White,Wood,2021-09-21 06:17:06,2023-01-19 18:13:14,485,47.62
10336,Product B,Brand X,Furniture,2.1,678,83,0.01,Large,5.72,Blue,Glass,2020-07-24 01:55:52,2024-09-05 21:28:06,1504,457.48
10337,Product D,Brand Y,Toys,2.6,266,90,0.29,Small,8.41,Blue,Wood,2020-09-18 08:18:38,2021-08-03 02:51:05,319,102.89
10338,Product C,Brand Z,Toys,4.0,6,27,0.07,Small,3.71,Green,Plastic,2021-02-07 14:21:25,2023-09-18 22:19:03,953,892.79
10339,Product A,Brand Y,Groceries,1.0,628,7,0.41,Medium,3.56,White,Wood,2021-07-23 18:07:11,2024-04-17 15:14:24,999,705.46
10340,Product D,Brand X,Furniture,2.4,583,2,0.07,Large,7.75,White,Metal,2020-05-05 13:40:21,2022-07-23 10:06:58,809,304.85
10341,Product E,Brand X,Electronics,4.4,389,84,0.07,Small,4.95,Blue,Metal,2021-08-29 01:09:38,2024-12-10 05:55:16,1199,778.6
10342,Product A,Brand Y,Furniture,1.4,594,58,0.28,Small,6.44,Green,Metal,2022-07-19 20:18:50,2027-10-05 00:44:32,1904,358.56
10343,Product C,Brand Z,Electronics,2.1,626,87,0.15,Small,3.55,White,Glass,2021-04-16 00:47:09,2022-05-03 12:47:23,382,107.33
10344,Product E,Brand X,Groceries,3.2,645,67,0.43,Large,8.73,Green,Glass,2022-08-30 00:32:32,2024-03-28 15:37:32,576,506.35
10345,Product D,Brand X,Electronics,4.8,469,48,0.21,Large,4.19,Green,Metal,2022-04-08 17:19:18,2025-06-29 10:03:43,1178,687.28
10346,Product A,Brand Z,Furniture,1.7,12,61,0.49,Large,7.16,Blue,Metal,2022-05-11 03:42:01,2027-08-15 17:39:50,1922,123.88
10347,Product E,Brand X,Toys,3.1,65,19,0.46,Medium,5.0,Blue,Plastic,2021-08-26 21:30:23,2022-11-03 03:50:28,434,926.08
10348,Product B,Brand X,Clothing,1.6,999,39,0.44,Large,0.21,White,Plastic,2021-03-24 07:44:55,2024-07-05 18:21:45,1199,661.5
10349,Product A,Brand X,Furniture,3.9,835,19,0.38,Large,3.69,White,Wood,2021-02-20 03:53:35,2023-09-18 21:47:44,940,74.92
10350,Product B,Brand Y,Electronics,3.7,73,12,0.22,Medium,4.95,White,Wood,2020-01-28 10:36:56,2024-03-06 01:05:04,1499,902.3
10351,Product E,Brand Y,Electronics,1.6,3,62,0.3,Large,5.8,White,Metal,2020-09-22 10:18:24,2021-11-10 14:12:40,414,866.84
10352,Product C,Brand Z,Electronics,3.2,397,66,0.36,Large,3.22,Blue,Metal,2021-02-01 06:44:09,2022-02-27 04:50:46,391,430.05
10353,Product C,Brand X,Groceries,1.7,484,32,0.43,Medium,2.52,Green,Plastic,2021-02-25 18:51:00,2021-08-06 07:02:06,162,354.35
10354,Product C,Brand Z,Clothing,2.0,461,94,0.43,Medium,3.71,Black,Glass,2020-07-15 06:17:36,2025-12-22 22:04:15,1986,982.19
10355,Product A,Brand X,Groceries,1.7,670,2,0.41,Small,0.98,Red,Glass,2021-03-31 18:18:53,2025-02-19 14:32:03,1421,149.05
10356,Product C,Brand X,Groceries,1.9,478,6,0.18,Large,5.03,Blue,Plastic,2022-08-16 14:34:36,2023-12-08 16:35:33,479,555.2
10357,Product D,Brand X,Toys,3.1,478,79,0.41,Medium,3.34,Blue,Wood,2020-04-22 05:04:19,2021-05-24 14:13:49,397,302.59
10358,Product C,Brand Z,Toys,4.9,128,86,0.36,Small,6.37,White,Wood,2021-09-11 20:37:17,2025-04-15 14:32:34,1312,549.24
10359,Product C,Brand Z,Clothing,1.5,724,0,0.47,Large,4.41,Red,Glass,2022-09-12 18:48:34,2026-05-22 03:59:46,1348,32.56
10360,Product D,Brand Z,Toys,4.7,387,31,0.25,Small,9.07,Blue,Metal,2022-08-03 09:16:24,2024-04-14 16:05:01,620,343.3
10361,Product C,Brand Y,Toys,3.8,735,10,0.41,Large,6.21,Blue,Plastic,2022-02-24 00:51:58,2025-06-11 03:05:48,1203,679.27
10362,Product D,Brand Z,Furniture,4.6,313,31,0.27,Medium,5.46,Green,Wood,2020-06-19 13:58:46,2023-01-17 10:22:13,942,704.19
10363,Product D,Brand Z,Toys,4.7,417,83,0.26,Medium,5.38,Black,Glass,2020-08-15 16:27:00,2023-06-26 20:06:31,1045,284.37
10364,Product B,Brand Y,Clothing,3.2,292,90,0.36,Large,1.81,Blue,Wood,2020-03-21 05:48:43,2020-09-05 13:06:22,168,338.53
10365,Product B,Brand Z,Toys,3.6,327,76,0.27,Small,2.58,White,Wood,2022-01-31 16:48:24,2022-11-04 21:05:42,277,144.05
10366,Product A,Brand Z,Electronics,2.2,578,45,0.25,Small,2.19,Black,Glass,2022-04-13 00:32:36,2024-06-25 21:40:58,804,126.71
10367,Product D,Brand Z,Furniture,1.2,7,35,0.29,Medium,7.41,Green,Metal,2020-12-25 17:47:04,2026-02-24 23:53:18,1887,552.01
10368,Product E,Brand X,Clothing,2.7,286,75,0.38,Large,1.12,Black,Glass,2022-01-23 09:58:54,2025-06-23 00:46:17,1247,398.63
10369,Product C,Brand X,Furniture,5.0,205,10,0.41,Medium,4.28,Red,Wood,2020-11-29 02:23:27,2022-09-23 19:07:02,663,957.96
10370,Product E,Brand Z,Toys,1.9,249,19,0.43,Medium,2.19,Black,Wood,2020-12-06 01:49:44,2022-05-31 05:29:01,541,548.2
10371,Product C,Brand Z,Electronics,4.4,887,50,0.34,Large,3.53,Red,Wood,2020-12-04 06:26:02,2023-01-25 08:48:51,782,790.34
10372,Product D,Brand X,Furniture,3.6,583,81,0.28,Large,7.32,Black,Plastic,2020-06-10 05:22:29,2022-09-25 14:30:50,837,124.21
10373,Product E,Brand X,Groceries,3.6,24,52,0.22,Small,7.74,Black,Metal,2020-06-10 00:51:57,2024-12-30 13:44:46,1664,516.48
10374,Product B,Brand Z,Groceries,1.0,554,90,0.32,Large,1.99,Red,Metal,2020-01-10 14:15:49,2022-12-28 11:19:56,1083,448.98
10375,Product D,Brand X,Groceries,4.8,985,98,0.46,Medium,5.43,White,Metal,2021-01-16 00:18:05,2021-05-12 07:38:06,116,491.35
10376,Product D,Brand Z,Groceries,4.4,33,7,0.2,Large,4.63,Green,Glass,2022-06-18 17:32:26,2027-05-21 00:28:36,1798,674.93
10377,Product D,Brand X,Groceries,1.4,491,97,0.17,Large,1.01,Green,Glass,2022-02-06 08:42:27,2027-04-23 14:55:58,1902,542.42
10378,Product A,Brand Z,Groceries,3.1,252,71,0.28,Large,2.7,Blue,Glass,2021-04-15 12:49:52,2023-01-21 17:07:16,646,992.61
10379,Product A,Brand Y,Clothing,4.6,23,90,0.16,Large,9.75,Black,Wood,2021-06-17 07:41:12,2024-10-17 08:18:16,1218,95.46
10380,Product D,Brand Y,Electronics,1.3,974,57,0.18,Medium,6.8,Green,Metal,2020-10-06 04:19:05,2022-05-03 19:12:58,574,388.4
10381,Product C,Brand Y,Groceries,2.0,935,88,0.14,Medium,4.11,White,Glass,2020-09-25 20:56:11,2025-04-28 10:56:23,1676,107.49
10382,Product E,Brand X,Toys,5.0,919,20,0.16,Small,5.61,White,Plastic,2020-09-20 23:50:34,2021-06-30 13:50:26,283,769.74
10383,Product C,Brand Y,Toys,1.2,799,53,0.08,Small,2.27,Blue,Wood,2020-09-21 23:54:42,2025-08-11 06:19:18,1785,527.0
10384,Product B,Brand Z,Groceries,1.4,160,26,0.33,Large,7.64,White,Wood,2020-06-24 03:13:44,2024-10-17 07:16:36,1576,455.73
10385,Product A,Brand X,Toys,3.3,730,85,0.46,Medium,2.22,Blue,Metal,2022-09-05 07:04:11,2024-11-17 19:06:58,804,492.1
10386,Product A,Brand Y,Clothing,4.1,605,21,0.27,Large,3.66,Black,Metal,2022-02-17 11:36:00,2025-05-01 22:42:15,1169,127.27
10387,Product E,Brand Y,Furniture,3.4,958,2,0.12,Large,2.14,Green,Glass,2021-10-24 14:16:53,2024-10-29 09:23:47,1101,127.21
10388,Product E,Brand Z,Electronics,1.6,566,83,0.18,Small,5.26,Green,Plastic,2020-07-12 21:24:47,2025-10-15 13:12:21,1921,809.79
10389,Product A,Brand Z,Clothing,3.9,662,64,0.23,Small,3.26,Green,Wood,2022-09-17 12:41:24,2027-03-20 08:49:38,1645,307.65
10390,Product C,Brand X,Electronics,4.6,847,100,0.2,Medium,8.9,White,Plastic,2020-04-08 14:16:54,2021-04-10 14:59:50,367,466.71
10391,Product E,Brand Y,Toys,1.9,836,41,0.49,Large,1.54,Green,Wood,2021-03-08 19:23:02,2022-12-17 10:02:42,649,835.73
10392,Product E,Brand X,Electronics,1.6,481,72,0.23,Large,6.9,Red,Plastic,2021-07-09 03:45:56,2022-03-15 05:14:32,249,865.64
10393,Product E,Brand Y,Clothing,3.6,669,9,0.42,Medium,4.75,White,Metal,2021-10-27 02:28:49,2023-09-12 18:47:47,685,397.32
10394,Product C,Brand Z,Clothing,3.7,843,9,0.32,Large,3.68,Green,Plastic,2022-08-07 00:13:44,2023-11-07 16:50:12,457,612.51
10395,Product D,Brand Z,Groceries,3.9,180,48,0.26,Small,1.27,White,Glass,2022-09-12 16:44:35,2024-08-08 04:17:10,696,667.47
10396,Product A,Brand Y,Electronics,2.0,382,29,0.48,Small,5.58,Blue,Glass,2020-02-10 02:00:57,2024-04-22 21:11:03,1533,924.62
10397,Product B,Brand X,Electronics,2.4,118,22,0.49,Medium,0.91,Green,Metal,2022-05-12 12:35:07,2024-09-27 02:47:19,869,921.42
10398,Product C,Brand Y,Toys,1.0,932,10,0.05,Large,1.26,Blue,Plastic,2020-07-12 13:05:07,2023-09-02 03:05:15,1147,678.24
10399,Product D,Brand Z,Toys,2.8,537,94,0.12,Medium,5.75,Black,Wood,2021-05-14 19:19:46,2024-05-29 15:12:55,1111,999.35
10400,Product E,Brand Z,Clothing,3.2,229,19,0.06,Large,5.91,White,Metal,2020-08-03 20:36:45,2021-03-07 05:53:18,216,673.44
10401,Product E,Brand X,Clothing,2.9,768,42,0.16,Medium,6.54,White,Wood,2022-07-25 20:58:33,2026-11-20 15:17:46,1579,486.21
10402,Product C,Brand Y,Groceries,1.7,711,21,0.18,Large,6.7,White,Wood,2022-07-05 05:48:04,2024-05-25 15:56:56,690,511.35
10403,Product B,Brand Y,Furniture,1.6,476,89,0.34,Medium,0.6,White,Metal,2020-12-07 19:42:47,2022-01-29 22:19:19,418,384.95
10404,Product B,Brand X,Groceries,3.4,269,38,0.3,Small,8.11,Blue,Metal,2020-08-10 23:31:35,2025-11-13 14:56:46,1921,40.35
10405,Product C,Brand Z,Toys,2.6,1,46,0.27,Small,0.78,Red,Plastic,2020-10-08 01:20:25,2022-04-30 13:04:17,569,716.95
10406,Product D,Brand X,Clothing,1.9,563,46,0.33,Small,9.55,Black,Glass,2022-06-11 18:37:54,2025-04-26 06:58:12,1050,743.9
10407,Product A,Brand X,Electronics,2.8,358,36,0.26,Large,8.49,Black,Metal,2020-01-24 04:32:46,2021-04-24 19:52:33,456,314.84
10408,Product C,Brand Z,Electronics,2.0,291,41,0.23,Small,0.71,Blue,Plastic,2021-09-08 11:56:00,2023-03-29 14:05:59,567,875.58
10409,Product A,Brand X,Electronics,1.2,514,48,0.03,Large,3.73,Black,Wood,2021-10-25 03:18:26,2026-04-12 01:12:50,1630,579.71
10410,Product A,Brand Y,Furniture,3.4,832,99,0.22,Medium,4.05,Blue,Metal,2021-11-14 21:08:43,2023-08-08 04:17:50,632,114.85
10411,Product C,Brand X,Clothing,2.6,1000,53,0.12,Small,7.2,Red,Plastic,2020-01-19 02:22:49,2022-12-13 01:35:43,1059,624.35
10412,Product B,Brand Y,Groceries,4.4,587,0,0.46,Large,8.74,Blue,Wood,2022-03-30 03:33:36,2023-03-09 01:22:29,344,480.85
10413,Product E,Brand Y,Clothing,1.5,529,82,0.23,Large,4.16,Red,Metal,2020-10-03 08:43:11,2025-08-10 18:31:20,1772,100.45
10414,Product D,Brand Y,Furniture,2.4,64,6,0.14,Large,8.85,Black,Plastic,2021-07-15 03:21:24,2025-09-16 12:47:58,1524,124.44
10415,Product E,Brand X,Electronics,2.9,339,18,0.35,Small,2.55,White,Metal,2021-11-28 19:16:29,2022-11-15 08:58:02,352,819.82
10416,Product E,Brand Z,Electronics,1.8,2,11,0.27,Medium,8.67,White,Plastic,2022-03-12 02:15:42,2023-01-22 18:19:55,316,339.28
10417,Product A,Brand Y,Furniture,1.2,402,20,0.49,Medium,5.16,White,Wood,2022-04-18 18:36:47,2025-04-30 09:52:49,1108,455.68
10418,Product E,Brand X,Electronics,3.9,293,77,0.35,Small,9.14,Red,Glass,2020-08-04 15:48:00,2025-02-13 00:59:03,1654,165.4
10419,Product B,Brand Y,Toys,4.7,985,90,0.12,Small,9.53,Green,Wood,2022-09-15 14:53:26,2026-04-26 09:53:49,1319,181.34
10420,Product C,Brand X,Furniture,1.7,727,88,0.3,Small,5.48,White,Metal,2020-11-28 17:06:28,2022-01-08 18:48:31,406,171.45
10421,Product B,Brand Z,Groceries,4.2,768,94,0.33,Medium,4.37,Red,Plastic,2022-03-12 22:40:00,2023-02-12 05:03:56,337,458.12
10422,Product B,Brand X,Groceries,4.2,69,86,0.07,Small,3.76,White,Wood,2020-01-24 13:23:09,2021-06-24 11:31:19,517,386.95
10423,Product E,Brand X,Electronics,4.2,816,72,0.17,Large,7.86,Green,Plastic,2022-01-28 09:44:40,2023-10-29 01:29:44,639,611.55
