transaction_id,transaction_date,customer_id,product_id,quantity,unit_price,discount_applied,payment_method,store_location,transaction_hour,day_of_week,week_of_year,month_of_year,total_sales,promotion_id,promotion_type,holiday_season,season,weekend
503290,2020-10-11 10:08:52,1,1480,8,49.72,0.5,Credit Card,Location A,18,Wednesday,27,7,563.16,271,20% Off,No,Spring,Yes
347796,2021-12-08 01:07:40,2,1597,7,817.76,0.32,Credit Card,Location C,15,Friday,20,2,7554.57,631,Flash Sale,No,Summer,Yes
493688,2020-02-17 09:40:48,3,5142,8,270.3,0.35,Debit Card,Location A,9,Saturday,35,6,7564.14,879,Flash Sale,Yes,Winter,Yes
861348,2020-08-13 00:43:14,4,8447,2,547.84,0.1,,Location A,13,Friday,42,8,8125.92,211,Buy One Get One Free,Yes,Winter,No
535835,2021-07-02 11:59:03,5,6025,4,785.29,0.17,Mobile Payment,Location C,17,Monday,37,3,114.32,862,Flash Sale,Yes,Summer,Yes
978720,2020-12-01 16:31:54,6,1883,2,751.17,0.32,Credit Card,Location B,19,Saturday,50,2,3372.17,171,Buy One Get One Free,Yes,Summer,No
24070,2020-03-14 22:58:48,7,7781,5,340.07,0.41,Debit Card,Location A,15,Thursday,12,10,1322.64,664,Buy One Get One Free,No,Spring,No
752282,2021-11-17 15:56:04,8,8642,7,17.7,0.42,Debit Card,Location D,22,Saturday,3,9,1716.65,733,Buy One Get One Free,Yes,Summer,Yes
11898,2020-05-18 08:48:18,9,7193,7,458.85,0.2,Mobile Payment,Location B,19,Sunday,6,10,1358.62,429,Flash Sale,Yes,Winter,No
321956,2020-03-10 18:03:08,10,7739,4,612.28,0.1,Credit Card,Location C,19,Saturday,33,8,6757.7,516,20% Off,Yes,Spring,Yes
927692,2021-10-13 08:07:17,11,1804,4,192.98,,Mobile Payment,Location D,15,Sunday,43,11,8484.33,257,Buy One Get One Free,No,Winter,Yes
276103,2021-01-26 14:31:38,12,6986,3,875.65,0.39,Mobile Payment,Location A,19,Wednesday,26,9,999.17,603,20% Off,Yes,Fall,Yes
643957,2021-04-01 14:27:15,13,568,2,671.26,0.34,Debit Card,Location D,0,Tuesday,33,6,923.13,586,Flash Sale,Yes,Summer,No
207348,2020-12-08 12:50:49,14,1376,4,81.02,0.5,Credit Card,Location C,11,Sunday,36,6,4678.45,85,20% Off,Yes,Winter,No
887953,2021-06-17 09:35:20,15,7339,3,815.2,0.0,Credit Card,Location D,1,Wednesday,6,3,2768.37,215,Buy One Get One Free,No,Fall,Yes
950662,2021-06-08 17:28:08,16,1149,2,87.71,0.27,Cash,Location D,7,Sunday,46,11,3992.83,661,,Yes,Summer,Yes
736294,2021-06-11 03:32:41,17,3009,5,390.82,0.0,Mobile Payment,Location A,12,Sunday,22,2,6936.3,769,20% Off,Yes,Spring,Yes
619151,2020-05-28 00:36:24,18,7414,6,241.98,0.18,Mobile Payment,Location B,9,Monday,12,5,5689.28,179,20% Off,Yes,Summer,No
469647,2021-09-05 05:21:54,19,5266,2,182.88,0.04,Cash,Location D,13,Thursday,23,12,3654.8,497,Buy One Get One Free,No,Summer,No
104093,2021-08-11 22:50:13,20,3281,9,417.57,0.14,Debit Card,Location A,18,Wednesday,47,9,7551.92,263,Buy One Get One Free,Yes,Fall,Yes
768929,2020-07-04 12:42:16,21,2012,1,422.93,0.31,Credit Card,Location C,22,Thursday,21,8,9174.37,270,Flash Sale,No,Summer,Yes
14037,2020-02-28 12:33:05,22,668,4,542.14,0.42,Cash,Location B,3,Saturday,52,9,533.97,960,20% Off,No,Summer,Yes
191823,2021-11-08 21:20:37,23,8715,9,512.97,0.02,Debit Card,,11,Sunday,11,11,8820.87,462,20% Off,No,Fall,No
378545,2020-06-14 04:24:04,24,3445,9,211.15,0.37,Cash,Location B,20,Tuesday,12,2,5456.91,789,Flash Sale,No,Winter,No
470629,2020-05-25 16:21:01,25,3311,7,951.92,0.43,Debit Card,Location D,1,Wednesday,33,6,1568.09,99,Buy One Get One Free,Yes,Spring,Yes
974720,2020-02-08 02:45:45,26,414,2,687.35,0.04,Mobile Payment,Location B,3,Wednesday,6,9,1639.63,786,20% Off,No,Spring,No
532425,2020-08-06 16:52:36,27,5367,4,825.54,0.03,Mobile Payment,Location A,12,Wednesday,34,9,292.69,915,20% Off,No,Summer,Yes
302109,2021-03-06 22:31:28,28,2614,1,446.15,0.48,Credit Card,Location D,22,Thursday,15,8,2909.77,308,20% Off,Yes,Summer,No
577038,2021-03-27 13:44:19,29,4642,5,833.11,0.32,Credit Card,Location C,10,Monday,46,4,1459.27,334,20% Off,Yes,Winter,No
130179,2021-08-24 16:23:51,30,3121,6,101.91,0.2,Mobile Payment,Location A,22,Monday,45,9,2767.61,283,20% Off,Yes,Fall,Yes
914952,2021-08-17 14:09:33,31,2843,5,338.22,0.01,Cash,Location A,10,Monday,24,10,3464.48,416,Buy One Get One Free,Yes,Spring,No
901113,2020-11-15 08:56:17,32,3338,5,15.89,0.42,Mobile Payment,Location D,17,Wednesday,52,7,5059.33,282,Flash Sale,Yes,Summer,Yes
523222,2021-12-06 21:43:03,33,4854,9,134.44,0.38,Cash,Location B,17,Monday,20,12,6662.93,269,Flash Sale,No,Summer,Yes
530534,2020-05-08 05:45:31,34,8507,4,728.02,0.02,Mobile Payment,Location A,20,Friday,16,4,9816.39,407,Flash Sale,No,Spring,Yes
338878,2020-04-15 03:15:37,35,1067,9,129.03,0.23,Debit Card,Location B,10,Tuesday,38,11,4831.51,670,20% Off,No,Winter,No
431082,2021-11-24 02:47:47,36,8037,5,422.37,0.33,Mobile Payment,Location D,12,Sunday,21,12,7063.64,711,20% Off,No,Fall,No
134128,2021-12-16 06:30:28,37,3340,6,113.69,0.42,Mobile Payment,Location A,6,Wednesday,50,3,3387.4,237,20% Off,No,Summer,Yes
561919,2020-12-08 03:47:48,38,4404,4,821.95,0.26,Cash,Location C,11,Thursday,39,2,4817.8,906,Flash Sale,No,Fall,Yes
713655,2021-12-26 01:38:25,39,8280,5,685.73,0.04,Cash,Location A,10,Thursday,49,3,5974.24,821,20% Off,No,Fall,Yes
687009,2020-10-09 15:59:46,40,7704,4,597.0,0.03,Debit Card,Location B,7,Friday,12,3,9021.37,805,Buy One Get One Free,Yes,Spring,No
140525,2021-01-30 15:29:06,41,8199,6,172.07,0.4,Credit Card,Location B,12,Friday,12,1,9144.04,127,20% Off,Yes,Spring,Yes
882032,2020-01-09 04:08:07,42,1992,5,632.41,0.09,Cash,Location D,8,Friday,34,11,5728.99,635,20% Off,Yes,Spring,No
347224,2020-08-12 15:04:46,43,2761,7,52.47,0.07,Debit Card,Location D,11,Thursday,14,4,3526.23,726,Flash Sale,Yes,Fall,No
788407,2021-09-19 01:35:46,44,2771,8,175.74,0.3,Credit Card,Location A,17,Wednesday,24,11,6448.9,27,Buy One Get One Free,No,Winter,No
353965,2021-10-14 11:15:13,45,9134,4,67.87,0.07,Mobile Payment,Location A,9,Wednesday,4,3,1723.41,687,Buy One Get One Free,No,Fall,Yes
793727,2020-03-22 16:40:10,46,9560,6,377.62,0.27,Cash,Location B,22,Monday,24,2,6292.38,241,Flash Sale,No,Fall,No
638958,2021-06-26 01:57:58,47,8917,9,797.62,0.24,Cash,Location D,3,Thursday,31,4,8230.32,502,Flash Sale,Yes,Fall,No
765484,2020-07-16 08:00:45,48,8087,8,719.79,0.13,Cash,Location B,20,Friday,47,7,8729.63,877,Flash Sale,No,Spring,No
56524,2021-10-15 20:32:41,49,6803,6,807.22,0.46,Debit Card,Location C,10,Tuesday,14,10,1558.77,444,20% Off,No,Spring,Yes
190282,2021-10-18 12:34:53,50,7111,3,810.19,0.11,Mobile Payment,Location C,20,Sunday,44,3,429.84,60,Buy One Get One Free,Yes,Winter,Yes
676826,2021-08-20 11:07:43,51,3603,4,646.55,0.18,Debit Card,Location A,6,Monday,25,7,8147.34,885,Flash Sale,No,Spring,Yes
70048,2021-05-09 19:43:19,52,8618,3,422.91,0.06,Credit Card,Location A,11,Wednesday,23,4,7953.11,275,Flash Sale,Yes,Winter,Yes
906076,2020-02-03 18:52:19,53,8973,1,850.68,0.15,Mobile Payment,Location B,13,Sunday,29,4,566.77,567,20% Off,Yes,Winter,Yes
927481,2021-03-16 20:46:16,54,2834,9,561.83,0.18,Debit Card,Location D,1,Saturday,10,11,1530.61,943,Buy One Get One Free,Yes,Fall,Yes
199602,2020-07-27 17:05:06,55,6664,2,226.54,0.37,Debit Card,Location A,15,Tuesday,11,8,5650.68,154,Buy One Get One Free,Yes,Winter,Yes
609390,2021-12-27 02:48:18,56,1095,2,528.3,0.22,Debit Card,Location D,23,Saturday,46,5,3988.94,809,Flash Sale,Yes,Fall,No
250548,2021-04-30 09:26:17,57,4573,6,520.44,0.15,Credit Card,Location B,3,Tuesday,16,6,7023.52,155,Buy One Get One Free,Yes,Spring,No
841332,2020-09-13 19:46:28,58,4078,6,293.39,0.14,Cash,Location A,14,Thursday,22,8,8234.11,301,20% Off,Yes,Spring,Yes
965251,2021-06-29 05:37:10,59,6108,2,376.96,0.15,Credit Card,Location C,6,Thursday,15,11,7492.81,123,Buy One Get One Free,Yes,Spring,No
115377,2020-07-23 23:46:36,60,83,5,399.04,0.34,Debit Card,Location B,5,Sunday,15,6,8182.9,631,Flash Sale,No,Fall,No
826251,2021-06-29 15:15:34,61,9609,1,328.0,0.44,Mobile Payment,Location C,15,Saturday,28,8,7578.38,632,Flash Sale,No,Fall,Yes
474880,2021-08-28 04:55:00,62,3188,5,190.8,0.22,Mobile Payment,Location A,8,Wednesday,26,10,5935.52,801,20% Off,Yes,Summer,Yes
463311,2021-04-14 09:05:24,63,7581,7,656.4,0.34,Mobile Payment,Location C,21,Tuesday,3,8,8290.39,207,Flash Sale,Yes,Spring,No
762617,2021-04-25 08:04:47,64,921,2,796.37,0.33,Cash,Location C,7,Wednesday,30,10,3950.34,66,20% Off,No,Fall,No
950120,2021-11-26 19:49:02,65,7151,9,282.33,0.28,Debit Card,Location A,10,Monday,30,3,2347.82,388,Flash Sale,Yes,Summer,No
698299,2021-02-02 16:52:49,66,6224,2,992.41,0.03,Debit Card,Location C,20,Tuesday,35,2,8007.38,305,Flash Sale,No,Fall,No
665356,2021-01-06 13:38:44,67,5134,5,885.04,0.16,Cash,Location C,11,Friday,13,6,2245.16,689,Flash Sale,No,Spring,Yes
918300,2020-06-28 19:20:03,68,288,1,714.73,0.2,Debit Card,Location B,5,Monday,6,6,1968.28,52,Flash Sale,No,Spring,Yes
882162,2020-08-06 07:45:12,69,5934,4,115.54,0.44,Cash,Location B,13,Wednesday,37,2,2715.76,707,20% Off,Yes,Summer,No
618082,2021-06-06 08:02:33,70,5166,4,24.05,0.4,Mobile Payment,Location D,6,Tuesday,13,8,885.22,647,Flash Sale,No,Summer,Yes
404135,2021-07-19 04:42:57,71,616,5,418.45,0.35,Credit Card,Location A,8,Saturday,8,12,8398.68,568,Buy One Get One Free,Yes,Spring,No
808093,2021-01-04 01:59:07,72,7791,7,643.99,0.07,Mobile Payment,Location C,12,Friday,4,3,8076.04,302,Flash Sale,No,Winter,No
301633,2020-08-27 04:13:17,73,8727,8,629.13,0.48,Credit Card,Location A,19,Monday,10,3,3604.71,251,Flash Sale,No,Summer,Yes
80236,2021-08-26 20:05:13,74,4881,8,10.18,0.06,Credit Card,Location D,22,Thursday,7,3,1072.21,674,Flash Sale,Yes,Spring,Yes
932583,2021-08-30 04:36:00,75,4186,3,839.66,0.24,Credit Card,Location D,21,Saturday,12,6,3574.21,54,20% Off,No,Spring,Yes
998223,2020-12-09 16:32:21,76,6054,2,210.56,0.38,Mobile Payment,Location C,10,Thursday,19,5,5243.37,296,Buy One Get One Free,Yes,Fall,No
780035,2021-12-16 07:06:15,77,1675,3,778.71,0.4,Mobile Payment,Location A,1,Sunday,49,10,3047.47,748,20% Off,Yes,Winter,No
333702,2021-06-12 12:22:52,78,6825,7,204.16,0.25,Mobile Payment,Location D,4,Sunday,50,9,1612.8,806,20% Off,Yes,Winter,Yes
155620,2021-11-12 08:53:21,79,5553,5,875.72,0.3,Credit Card,Location C,5,Tuesday,39,4,7474.38,354,Flash Sale,No,Winter,No
826235,2021-06-04 01:52:28,80,931,2,565.83,0.11,Debit Card,Location D,8,Thursday,29,4,5801.79,382,Flash Sale,No,Winter,Yes
571042,2021-10-28 00:40:46,81,3064,2,641.25,0.07,Debit Card,Location B,20,Saturday,13,10,8942.48,209,Flash Sale,Yes,Winter,No
822466,2020-09-05 04:18:38,82,9549,3,700.06,0.28,Credit Card,Location B,16,Thursday,10,12,5823.9,350,20% Off,Yes,Spring,Yes
571703,2020-08-02 05:50:42,83,856,3,573.09,0.37,Credit Card,Location D,1,Wednesday,41,1,3963.3,459,Buy One Get One Free,Yes,Winter,No
148376,2020-03-21 15:30:10,84,8854,1,416.13,0.33,Mobile Payment,Location D,15,Thursday,20,12,8222.31,994,Buy One Get One Free,Yes,Spring,Yes
479531,2021-05-08 05:00:07,85,7035,2,839.22,0.46,Cash,Location D,21,Thursday,29,5,6246.35,480,Buy One Get One Free,Yes,Summer,No
131341,2021-04-13 00:56:59,86,6919,2,859.96,0.04,Mobile Payment,Location B,13,Wednesday,24,8,3408.86,618,Buy One Get One Free,No,Spring,No
904530,2021-06-17 22:44:26,87,2216,8,28.36,0.06,Cash,Location B,11,Sunday,7,9,1606.21,342,Buy One Get One Free,Yes,Spring,No
80068,2020-06-07 19:01:31,88,5306,3,276.04,0.41,Cash,Location C,5,Sunday,46,2,8955.67,769,Flash Sale,Yes,Spring,No
498405,2020-11-21 12:04:39,89,9299,8,853.54,0.07,Debit Card,Location D,18,Tuesday,24,4,5316.15,278,20% Off,Yes,Summer,Yes
254168,2020-05-22 16:14:20,90,3249,3,908.65,0.09,Credit Card,Location D,2,Sunday,25,10,988.43,241,20% Off,No,Spring,No
100172,2021-03-03 17:58:29,91,5253,1,80.12,0.12,Credit Card,Location A,2,Tuesday,32,2,8509.58,432,20% Off,No,Winter,No
795563,2020-02-21 21:15:33,92,8534,8,607.74,0.5,Debit Card,Location B,5,Saturday,17,11,1340.42,543,Buy One Get One Free,No,Spring,Yes
575073,2020-01-12 17:54:32,93,642,2,314.24,0.06,Cash,Location D,21,Tuesday,35,5,725.25,684,Buy One Get One Free,No,Fall,Yes
122864,2021-05-07 12:22:46,94,3653,8,972.47,0.5,Debit Card,Location A,6,Saturday,43,7,658.01,806,20% Off,Yes,Fall,Yes
325497,2020-01-29 14:56:06,95,460,1,679.18,0.16,Debit Card,Location A,13,Wednesday,48,6,3570.18,134,Buy One Get One Free,No,Fall,Yes
648235,2020-10-01 20:41:37,96,9847,6,622.24,0.27,Mobile Payment,Location D,14,Thursday,51,9,507.56,273,20% Off,Yes,Summer,No
920111,2021-04-01 08:15:19,97,9870,3,573.26,0.33,Debit Card,Location A,16,Tuesday,15,2,8145.16,344,20% Off,No,Spring,Yes
635301,2021-03-06 06:35:40,98,8929,2,518.11,0.11,Debit Card,Location C,1,Thursday,2,3,4684.05,139,Buy One Get One Free,No,Spring,No
237697,2021-07-12 12:31:43,99,9862,3,463.11,0.49,Debit Card,Location D,22,Wednesday,35,9,8526.04,733,20% Off,No,Winter,No
958485,2021-04-22 18:40:10,100,2213,4,570.42,0.27,Cash,Location A,4,Friday,17,6,7314.21,189,Buy One Get One Free,No,Winter,No
46889,2020-04-16 17:56:31,101,8141,8,963.53,0.36,Cash,Location B,5,Wednesday,49,10,5220.63,94,Flash Sale,Yes,Spring,No
904765,2020-01-03 19:38:44,102,8947,8,350.12,0.24,Credit Card,Location C,6,Wednesday,51,6,5346.65,347,Flash Sale,No,Spring,No
994029,2020-12-24 22:22:40,103,5859,2,163.01,0.43,Mobile Payment,Location B,21,Thursday,43,2,2641.15,603,Flash Sale,No,Summer,Yes
629684,2021-03-29 13:34:48,104,735,8,859.73,0.39,Credit Card,Location A,19,Thursday,8,12,6897.4,712,Buy One Get One Free,Yes,Winter,Yes
30566,2021-02-21 12:16:19,105,881,4,725.8,0.27,Mobile Payment,Location A,8,Friday,52,4,1209.72,973,Flash Sale,No,Fall,No
488920,2020-12-26 23:00:55,106,1044,9,505.65,0.45,Cash,Location C,0,Wednesday,25,8,636.84,568,20% Off,Yes,Winter,No
518140,2021-09-08 10:26:19,107,6049,2,100.26,0.12,Mobile Payment,Location B,17,Sunday,30,11,6155.07,757,20% Off,No,Spring,Yes
176994,2021-07-18 16:32:55,108,3833,9,384.25,0.34,Cash,Location D,21,Monday,43,7,6153.09,193,Flash Sale,Yes,Fall,No
309031,2021-05-25 09:36:46,109,5806,9,427.34,0.15,Cash,Location C,13,Thursday,5,4,5661.27,8,20% Off,No,Winter,Yes
841820,2021-02-17 03:58:22,110,2457,1,663.36,0.45,Cash,Location A,5,Monday,19,10,4805.93,345,Buy One Get One Free,No,Fall,No
247684,2021-10-16 19:50:55,111,7291,7,392.31,0.29,Mobile Payment,Location C,2,Thursday,13,8,5237.66,191,20% Off,No,Spring,No
390867,2021-09-09 20:54:42,112,8010,6,299.7,0.28,Cash,Location B,12,Thursday,45,3,4604.31,94,20% Off,Yes,Spring,No
271255,2021-09-25 21:15:47,113,6486,9,409.93,0.1,Mobile Payment,Location C,18,Tuesday,13,6,7110.64,500,Flash Sale,No,Winter,No
990418,2020-12-08 06:16:39,114,2593,9,100.86,0.49,Cash,Location B,20,Sunday,35,5,1243.18,138,20% Off,No,Fall,No
732408,2020-02-02 15:03:17,115,7307,7,62.47,0.44,Mobile Payment,Location A,4,Sunday,33,1,7283.92,725,20% Off,Yes,Winter,No
203021,2020-10-27 23:27:57,116,4103,4,718.62,0.1,Credit Card,Location B,6,Friday,30,6,1721.44,265,Flash Sale,No,Fall,No
180229,2021-05-31 09:42:16,117,7077,8,589.1,0.29,Mobile Payment,Location D,18,Wednesday,10,10,174.13,29,20% Off,Yes,Spring,Yes
475371,2020-10-20 07:10:31,118,3767,5,237.01,0.22,Cash,Location C,17,Friday,31,11,4229.67,329,Flash Sale,Yes,Winter,Yes
435937,2020-10-09 21:17:47,119,258,4,272.0,0.23,Debit Card,Location A,11,Thursday,4,10,3894.32,473,20% Off,Yes,Winter,No
979242,2021-08-04 10:51:20,120,5052,9,590.66,0.07,Cash,Location A,22,Friday,34,8,7388.3,859,Buy One Get One Free,Yes,Spring,Yes
25795,2020-08-26 06:32:20,121,6295,7,672.36,0.37,Mobile Payment,Location D,4,Wednesday,51,11,4997.96,989,Flash Sale,No,Spring,No
853979,2021-10-15 03:58:48,122,7392,9,178.54,0.24,Mobile Payment,Location B,17,Thursday,39,9,9705.93,776,Flash Sale,Yes,Winter,No
897417,2021-04-02 02:04:02,123,5392,2,305.23,0.05,Credit Card,Location B,19,Sunday,43,12,2626.98,718,Buy One Get One Free,No,Fall,Yes
328716,2021-10-30 21:40:28,124,7113,5,173.8,0.25,Mobile Payment,Location A,16,Thursday,48,8,360.57,187,20% Off,No,Spring,No
67538,2020-07-08 21:15:40,125,8757,2,573.35,0.39,Cash,Location B,21,Wednesday,22,1,2062.32,748,Buy One Get One Free,No,Spring,Yes
83949,2021-02-11 23:34:50,126,7061,6,272.17,0.41,Credit Card,Location A,15,Saturday,1,7,6712.84,837,Buy One Get One Free,No,Summer,Yes
572637,2021-05-30 07:10:36,127,8348,5,915.09,0.0,Credit Card,Location C,9,Tuesday,49,6,8498.19,419,Flash Sale,Yes,Winter,No
237227,2021-02-11 19:18:34,128,2900,8,816.23,0.41,Mobile Payment,Location C,18,Thursday,5,9,7941.47,296,Buy One Get One Free,Yes,Winter,No
759134,2021-12-13 03:34:30,129,8378,3,569.78,0.04,Debit Card,Location D,6,Thursday,33,6,3875.14,258,Flash Sale,Yes,Spring,Yes
726061,2021-08-10 13:15:02,130,2913,9,632.12,0.11,Mobile Payment,Location B,15,Friday,45,1,149.47,100,20% Off,No,Winter,No
834742,2020-04-24 22:53:08,131,8768,3,800.59,0.38,Debit Card,Location A,1,Tuesday,42,3,9076.38,745,Buy One Get One Free,No,Winter,No
367249,2021-12-15 05:13:20,132,2574,4,709.52,0.33,Cash,Location B,13,Saturday,11,3,2443.46,238,Flash Sale,Yes,Spring,Yes
49296,2020-04-04 04:51:10,133,7152,8,132.28,0.17,Cash,Location B,22,Wednesday,46,5,8586.01,850,Flash Sale,No,Fall,No
606870,2021-02-13 15:31:28,134,83,4,116.2,0.12,Cash,Location C,5,Tuesday,34,3,2013.73,739,Buy One Get One Free,No,Fall,No
624617,2021-03-09 04:28:26,135,100,4,629.45,0.44,Mobile Payment,Location C,9,Saturday,23,1,612.5,613,20% Off,No,Summer,Yes
457729,2020-12-25 08:33:19,136,5647,8,175.27,0.28,Debit Card,Location A,22,Wednesday,20,6,1385.39,26,20% Off,No,Fall,No
250710,2020-08-12 19:56:31,137,6698,6,685.53,0.37,Cash,Location D,21,Tuesday,38,11,8410.8,81,Buy One Get One Free,Yes,Spring,Yes
307058,2020-06-05 00:28:56,138,9463,9,987.76,0.1,Credit Card,Location C,11,Saturday,47,7,3108.89,825,Buy One Get One Free,No,Spring,No
433382,2020-10-28 14:12:08,139,8637,5,367.28,0.39,Mobile Payment,Location C,0,Thursday,11,11,1296.73,365,Buy One Get One Free,Yes,Summer,No
870865,2021-07-31 23:18:41,140,8464,7,833.18,0.28,Debit Card,Location D,23,Saturday,41,1,8677.05,973,Buy One Get One Free,Yes,Fall,No
616037,2021-02-14 13:23:19,141,4823,2,618.24,0.4,Debit Card,Location D,20,Tuesday,11,5,5471.47,574,Flash Sale,Yes,Winter,Yes
207902,2021-04-02 05:06:45,142,5413,7,81.6,0.3,Cash,Location B,20,Tuesday,7,11,3905.72,392,Flash Sale,No,Fall,Yes
707622,2021-03-04 06:38:38,143,7782,1,326.04,0.37,Cash,Location A,23,Sunday,11,12,7071.93,68,Buy One Get One Free,Yes,Spring,No
855532,2020-02-13 08:54:43,144,9466,6,386.6,0.5,Credit Card,Location A,12,Saturday,40,4,9621.38,283,Flash Sale,No,Fall,No
622830,2020-03-11 09:33:41,145,3697,7,843.12,0.21,Mobile Payment,Location C,20,Thursday,31,6,4172.37,508,Buy One Get One Free,Yes,Summer,Yes
566489,2020-09-24 08:56:19,146,3946,1,366.63,0.08,Cash,Location C,19,Tuesday,11,7,9067.69,891,Flash Sale,Yes,Spring,Yes
289767,2021-11-06 07:35:42,147,8594,4,212.82,0.32,Debit Card,Location B,10,Thursday,8,4,3110.05,739,Buy One Get One Free,No,Summer,No
558959,2020-03-06 21:43:38,148,1877,6,349.41,0.18,Mobile Payment,Location C,16,Saturday,9,10,6876.95,577,20% Off,Yes,Summer,Yes
408007,2021-08-27 05:45:17,149,1082,5,844.21,0.07,Cash,Location A,11,Tuesday,2,2,9505.89,849,Buy One Get One Free,Yes,Spring,No
950119,2020-06-26 13:35:36,150,9399,5,208.19,0.44,Cash,Location A,21,Thursday,34,2,9912.97,560,Buy One Get One Free,Yes,Summer,Yes
789333,2020-05-27 22:56:58,151,6932,8,166.6,0.28,Mobile Payment,Location D,8,Thursday,30,6,7478.83,479,20% Off,Yes,Winter,No
268814,2020-05-14 14:18:58,152,5101,5,433.34,0.16,Debit Card,Location A,4,Monday,39,6,6356.61,187,Flash Sale,Yes,Fall,No
905367,2020-02-22 00:09:20,153,4685,4,79.46,0.18,Cash,Location B,8,Tuesday,16,1,7337.12,483,20% Off,No,Winter,No
209889,2021-03-02 14:11:35,154,3872,1,698.48,0.28,Credit Card,Location C,0,Friday,8,7,4976.54,364,Buy One Get One Free,Yes,Winter,Yes
903423,2021-11-25 17:04:33,155,7019,1,134.72,0.37,Credit Card,Location B,10,Saturday,49,11,1564.96,683,Flash Sale,No,Fall,Yes
570897,2021-07-02 20:15:27,156,6216,2,766.2,0.25,Mobile Payment,Location B,10,Wednesday,51,4,9483.24,322,Flash Sale,No,Summer,No
306271,2021-10-08 21:06:58,157,4913,1,907.25,0.39,Mobile Payment,Location A,16,Wednesday,41,4,5836.53,723,Buy One Get One Free,No,Winter,Yes
733939,2020-08-02 17:50:03,158,9042,9,30.05,0.25,Cash,Location D,6,Wednesday,33,12,5826.85,135,20% Off,No,Winter,No
847666,2021-05-30 20:38:49,159,9742,1,381.55,0.09,Credit Card,Location C,19,Tuesday,33,5,6692.45,610,Buy One Get One Free,No,Summer,No
82787,2020-06-04 10:06:37,160,9080,6,112.31,0.47,Credit Card,Location C,21,Wednesday,33,12,4187.87,504,20% Off,No,Fall,Yes
708613,2021-05-18 06:22:00,161,2352,4,595.19,0.19,Cash,Location D,20,Thursday,27,11,1772.39,318,20% Off,Yes,Summer,No
375263,2021-03-09 12:28:12,162,6456,5,445.5,0.1,Mobile Payment,Location B,22,Sunday,3,2,7058.31,729,20% Off,Yes,Fall,No
359740,2021-11-30 17:45:40,163,4643,1,736.13,0.46,Cash,Location B,2,Saturday,18,1,9677.58,273,20% Off,No,Spring,Yes
729121,2020-08-11 07:04:06,164,322,5,653.95,0.01,Cash,Location B,9,Wednesday,10,7,9001.97,427,Flash Sale,No,Summer,No
745398,2020-02-29 19:43:58,165,7148,6,714.51,0.08,Debit Card,Location D,12,Saturday,34,6,9491.37,130,Flash Sale,No,Fall,No
40520,2021-04-03 07:10:09,166,4092,2,826.72,0.47,Credit Card,Location A,9,Sunday,31,12,350.57,580,20% Off,No,Fall,Yes
78832,2021-06-07 03:40:28,167,7229,7,986.39,0.46,Mobile Payment,Location B,4,Saturday,15,2,198.26,274,Flash Sale,No,Spring,Yes
161693,2020-07-15 20:53:44,168,1621,3,477.76,0.14,Debit Card,Location D,0,Sunday,25,3,8597.69,773,Flash Sale,Yes,Fall,Yes
988300,2020-03-26 10:41:25,169,8823,7,634.59,0.19,Cash,Location C,6,Sunday,13,10,3928.04,538,Flash Sale,Yes,Fall,Yes
984846,2020-10-22 07:36:36,170,1201,6,735.33,0.18,Debit Card,Location B,13,Wednesday,42,7,2799.87,16,Buy One Get One Free,No,Fall,Yes
252361,2021-10-19 07:29:11,171,5170,2,583.77,0.13,Cash,Location B,2,Tuesday,16,9,9924.37,629,Flash Sale,No,Winter,Yes
215935,2020-07-13 08:14:14,172,6645,8,492.0,0.3,Cash,Location A,14,Sunday,9,6,4500.05,16,Buy One Get One Free,Yes,Spring,Yes
237540,2021-10-16 02:37:51,173,1447,2,19.38,0.03,Debit Card,Location D,19,Monday,27,8,5596.97,877,20% Off,No,Spring,No
879510,2021-02-21 03:21:25,174,5720,9,554.48,0.18,Debit Card,Location B,1,Saturday,25,6,5475.39,946,Flash Sale,Yes,Winter,Yes
226330,2020-10-15 04:02:16,175,6928,1,757.48,0.0,Debit Card,Location A,8,Friday,11,2,9413.41,835,Buy One Get One Free,Yes,Summer,Yes
430394,2020-05-10 18:00:01,176,6159,7,735.46,0.07,Debit Card,Location A,7,Thursday,46,7,2823.61,113,20% Off,Yes,Summer,No
504788,2021-04-30 23:52:23,177,8968,9,184.2,0.19,Cash,Location D,16,Sunday,25,10,3767.09,112,Flash Sale,No,Summer,No
541460,2021-03-30 05:43:36,178,6892,4,201.0,0.2,Mobile Payment,Location B,18,Monday,35,1,4337.68,78,20% Off,Yes,Spring,Yes
409589,2021-08-17 04:10:57,179,2083,7,57.44,0.01,Cash,Location A,19,Thursday,47,3,7121.63,833,Flash Sale,Yes,Winter,Yes
115038,2020-08-21 07:53:48,180,7671,4,168.06,0.22,Debit Card,Location C,20,Friday,4,4,2659.7,650,20% Off,Yes,Fall,No
904715,2021-08-07 03:08:06,181,3958,6,96.98,0.34,Debit Card,Location A,5,Tuesday,22,6,5018.47,664,Flash Sale,No,Spring,Yes
631876,2021-11-19 11:15:30,182,5962,1,275.12,0.27,Credit Card,Location B,20,Thursday,13,8,2535.64,781,Buy One Get One Free,No,Spring,Yes
665812,2020-09-01 21:29:14,183,5721,8,928.48,0.32,Debit Card,Location C,20,Saturday,17,8,9906.3,365,Flash Sale,No,Spring,No
395957,2020-11-21 17:36:29,184,2848,4,81.25,0.29,Mobile Payment,Location D,17,Tuesday,30,1,5625.28,425,20% Off,Yes,Fall,Yes
791474,2020-02-25 19:59:23,185,2896,5,198.41,0.04,Debit Card,Location D,1,Wednesday,13,9,660.64,778,Buy One Get One Free,Yes,Summer,Yes
818380,2021-09-02 01:08:07,186,5936,3,5.19,0.37,Cash,Location B,2,Friday,39,12,6291.77,802,Buy One Get One Free,No,Spring,Yes
501872,2021-05-02 00:39:16,187,1310,9,333.78,0.2,Credit Card,Location B,12,Tuesday,35,7,2485.11,778,Flash Sale,No,Winter,Yes
993100,2020-09-13 07:05:59,188,9502,1,286.14,0.14,Cash,Location D,6,Wednesday,43,8,3282.51,73,Buy One Get One Free,Yes,Spring,Yes
392269,2021-03-08 02:32:29,189,4429,1,81.23,0.2,Credit Card,Location B,4,Sunday,19,7,662.32,904,20% Off,Yes,Fall,No
662868,2020-02-04 01:38:30,190,92,4,650.31,0.42,Cash,Location C,2,Sunday,11,10,4543.19,972,20% Off,Yes,Winter,Yes
647986,2020-06-23 18:56:25,191,2021,9,571.09,0.08,Mobile Payment,Location B,23,Tuesday,11,4,9926.1,526,Flash Sale,No,Summer,Yes
754850,2020-10-02 06:48:24,192,1674,5,588.44,0.38,Debit Card,Location A,10,Wednesday,32,2,8543.38,701,Buy One Get One Free,Yes,Fall,No
33280,2021-07-28 23:30:51,193,3582,6,127.63,0.21,Credit Card,Location A,12,Wednesday,30,4,8571.14,591,20% Off,Yes,Spring,Yes
235333,2021-06-19 23:35:54,194,946,6,313.98,0.2,Debit Card,Location D,1,Friday,13,1,9032.46,584,Flash Sale,No,Summer,Yes
764589,2020-10-06 01:21:11,195,7345,7,287.94,0.05,Cash,Location A,21,Friday,2,11,4980.79,527,Flash Sale,Yes,Winter,No
389043,2020-12-27 00:17:07,196,5850,7,822.97,0.15,Mobile Payment,Location D,21,Saturday,18,10,7366.97,688,20% Off,No,Spring,Yes
640279,2020-04-17 09:47:06,197,8171,2,243.76,0.42,Debit Card,Location D,7,Tuesday,42,4,570.25,548,Buy One Get One Free,Yes,Winter,Yes
463807,2020-02-01 21:39:14,198,9526,1,832.98,0.11,Credit Card,Location B,19,Sunday,4,5,4964.32,976,20% Off,Yes,Spring,Yes
509005,2021-02-01 16:21:03,199,9284,5,780.72,0.24,Credit Card,Location B,6,Monday,14,6,7573.35,663,Flash Sale,Yes,Summer,Yes
696410,2020-11-11 06:18:02,200,4839,2,609.48,0.06,Cash,Location B,7,Monday,50,9,7371.0,979,Flash Sale,Yes,Spring,Yes
118539,2020-10-30 15:47:05,201,4508,6,214.76,0.05,Credit Card,Location A,5,Sunday,36,6,6338.99,460,Flash Sale,Yes,Spring,Yes
435739,2020-11-22 07:08:57,202,7027,8,885.17,0.41,Debit Card,Location D,20,Saturday,41,4,2501.71,191,Flash Sale,Yes,Fall,Yes
655699,2021-06-25 05:36:18,203,5138,6,730.94,0.1,Credit Card,Location D,19,Friday,40,7,2252.41,301,20% Off,Yes,Fall,Yes
224923,2020-07-26 23:03:20,204,7685,7,829.38,0.41,Cash,Location A,8,Tuesday,10,8,6085.99,212,20% Off,No,Spring,No
946759,2020-03-26 21:25:43,205,4171,2,616.27,0.1,Mobile Payment,Location A,5,Sunday,1,3,6175.9,600,Flash Sale,Yes,Summer,No
137888,2020-09-26 03:42:51,206,6568,6,618.72,0.34,Mobile Payment,Location C,23,Saturday,26,12,8470.81,615,20% Off,Yes,Winter,Yes
720448,2021-09-17 22:57:43,207,9202,8,393.25,0.26,Cash,Location A,0,Wednesday,43,7,9346.77,32,Buy One Get One Free,No,Summer,No
696296,2021-12-03 00:44:30,208,7985,1,457.81,0.43,Credit Card,Location C,20,Sunday,42,10,458.86,149,Buy One Get One Free,No,Summer,Yes
40939,2020-04-27 04:43:03,209,2610,1,621.68,0.09,Debit Card,Location B,10,Wednesday,51,8,2621.44,230,Buy One Get One Free,Yes,Summer,No
638730,2021-05-25 03:53:21,210,6672,1,377.38,0.02,Mobile Payment,Location B,8,Friday,21,1,1040.39,221,20% Off,No,Summer,Yes
627102,2021-07-30 11:57:44,211,560,5,698.63,0.16,Credit Card,Location D,18,Tuesday,50,11,3484.43,776,20% Off,Yes,Winter,No
236595,2021-03-31 12:43:15,212,9059,2,782.19,0.1,Debit Card,Location D,9,Saturday,36,8,8483.15,332,20% Off,No,Fall,No
126422,2021-02-15 18:25:05,213,135,1,16.61,0.13,Cash,Location D,6,Thursday,10,5,1268.23,250,Buy One Get One Free,Yes,Spring,Yes
551630,2021-04-09 14:38:38,214,3423,5,743.48,0.35,Debit Card,Location D,17,Tuesday,3,10,6219.51,238,Buy One Get One Free,No,Spring,No
452908,2021-02-21 11:13:33,215,3897,6,750.99,0.34,Cash,Location A,10,Sunday,46,6,2550.81,232,Buy One Get One Free,Yes,Summer,No
342057,2021-01-01 04:30:58,216,6597,6,259.45,0.18,Debit Card,Location A,3,Monday,1,5,6275.02,10,Flash Sale,No,Summer,Yes
514232,2021-05-15 10:40:04,217,8961,1,863.39,0.01,Mobile Payment,Location C,11,Monday,16,8,9053.95,116,Flash Sale,No,Spring,Yes
446125,2020-06-11 19:46:52,218,3308,2,36.47,0.29,Cash,Location D,21,Sunday,39,12,8008.36,942,20% Off,Yes,Winter,No
975362,2020-03-02 16:35:39,219,7850,3,732.03,0.1,Cash,Location D,1,Tuesday,5,5,1253.98,886,Flash Sale,No,Winter,No
905505,2020-10-17 20:47:11,220,2545,1,148.37,0.42,Debit Card,Location C,3,Wednesday,46,8,4066.06,606,Buy One Get One Free,No,Fall,No
694826,2020-02-05 20:07:15,221,7883,7,891.1,0.31,Mobile Payment,Location C,1,Thursday,11,8,2998.3,126,Flash Sale,Yes,Fall,No
647246,2021-04-13 09:04:20,222,3937,9,105.16,0.35,Credit Card,Location C,20,Thursday,46,5,9397.1,543,20% Off,No,Winter,Yes
427257,2021-07-24 21:11:51,223,4089,7,425.95,0.4,Credit Card,Location D,4,Tuesday,44,11,1677.02,541,20% Off,Yes,Spring,Yes
542446,2020-06-19 02:23:51,224,2436,6,65.09,0.16,Mobile Payment,Location A,9,Friday,12,9,5982.89,494,Buy One Get One Free,No,Spring,No
263329,2020-02-19 04:15:06,225,9708,1,841.1,0.36,Cash,Location A,1,Sunday,13,8,7566.9,816,Buy One Get One Free,No,Winter,Yes
452113,2021-09-30 23:04:30,226,8268,7,269.37,0.44,Mobile Payment,Location C,14,Thursday,42,3,825.92,450,Flash Sale,No,Summer,No
783950,2020-01-14 04:40:49,227,5237,6,159.48,0.45,Debit Card,Location C,18,Sunday,21,6,7108.17,373,20% Off,No,Winter,Yes
649951,2021-11-12 09:44:30,228,8582,9,226.58,0.3,Cash,Location C,19,Tuesday,3,1,2314.17,133,20% Off,No,Winter,Yes
530269,2020-06-24 14:36:40,229,532,8,329.15,0.43,Cash,Location D,15,Thursday,17,5,2736.64,23,Flash Sale,No,Spring,No
435914,2021-03-19 22:42:10,230,554,6,344.76,0.34,Cash,Location B,4,Monday,32,3,9914.05,748,Buy One Get One Free,Yes,Fall,No
997715,2021-04-06 16:21:51,231,1966,4,719.29,0.15,Credit Card,Location B,7,Tuesday,40,4,5966.31,785,20% Off,No,Summer,No
827128,2020-07-29 17:11:24,232,1162,2,621.48,0.27,Credit Card,Location B,0,Tuesday,43,5,3479.3,312,Flash Sale,No,Winter,No
722771,2021-07-08 12:21:44,233,578,4,271.03,0.16,Mobile Payment,Location B,2,Friday,41,5,8430.99,867,Buy One Get One Free,Yes,Fall,Yes
61634,2020-04-07 23:05:20,234,5390,6,146.33,0.14,Cash,Location D,1,Friday,6,7,9479.33,266,Flash Sale,Yes,Summer,No
884705,2020-07-16 22:02:11,235,9282,3,579.27,0.09,Cash,Location A,19,Monday,49,4,493.16,728,20% Off,Yes,Fall,No
24443,2020-06-20 23:35:10,236,8940,3,814.03,0.34,Credit Card,Location A,16,Wednesday,11,4,7997.34,997,20% Off,No,Winter,Yes
877098,2020-06-20 17:28:48,237,82,2,304.64,0.44,Credit Card,Location A,5,Tuesday,16,2,6889.56,445,Flash Sale,Yes,Summer,No
945172,2020-02-21 02:20:42,238,2244,3,409.41,0.0,Cash,Location C,7,Thursday,16,12,6675.46,178,Buy One Get One Free,No,Fall,No
561067,2021-09-03 22:22:48,239,188,7,430.71,0.36,Debit Card,Location A,6,Monday,43,2,6032.57,318,20% Off,Yes,Fall,No
854269,2021-12-21 01:04:31,240,5559,2,421.06,0.31,Mobile Payment,Location D,5,Wednesday,38,6,9642.67,959,Buy One Get One Free,Yes,Winter,No
275586,2020-09-09 17:16:58,241,991,9,509.28,0.27,Mobile Payment,Location A,20,Saturday,36,10,5593.24,202,20% Off,Yes,Spring,No
408630,2020-06-01 15:10:07,242,6072,1,522.48,0.44,Cash,Location A,0,Saturday,51,10,7275.15,288,Buy One Get One Free,Yes,Spring,Yes
727750,2020-02-05 00:03:36,243,6796,8,461.46,0.01,Mobile Payment,Location A,5,Tuesday,23,1,9307.17,283,Buy One Get One Free,Yes,Winter,No
306139,2021-04-01 13:54:29,244,8382,3,827.04,0.23,Cash,Location C,13,Thursday,12,8,9658.84,156,Buy One Get One Free,Yes,Fall,Yes
349434,2021-06-17 00:13:10,245,2168,2,36.23,0.32,Debit Card,Location C,22,Wednesday,2,11,9913.35,518,Buy One Get One Free,No,Summer,No
93687,2021-10-27 08:19:41,246,8544,8,114.02,0.18,Debit Card,Location A,7,Monday,35,8,1569.3,532,20% Off,Yes,Summer,No
668799,2020-01-16 23:01:04,247,5454,1,102.55,0.32,Credit Card,Location A,12,Monday,33,1,761.6,389,Buy One Get One Free,Yes,Fall,No
598910,2020-03-07 10:08:08,248,3024,6,662.94,0.19,Credit Card,Location B,3,Thursday,49,6,6283.47,36,Flash Sale,Yes,Summer,Yes
379041,2020-10-31 03:34:09,249,4672,5,424.69,0.37,Mobile Payment,Location B,16,Tuesday,33,3,4312.48,509,20% Off,No,Spring,Yes
852306,2021-10-28 04:55:04,250,9608,5,781.68,0.48,Mobile Payment,Location C,17,Tuesday,35,4,8759.34,273,Buy One Get One Free,No,Winter,No
894852,2021-03-10 18:01:53,251,5335,4,26.79,0.4,Mobile Payment,Location A,8,Tuesday,13,11,8821.45,647,Flash Sale,Yes,Spring,No
199101,2021-12-09 16:30:40,252,4736,1,11.91,0.07,Mobile Payment,Location C,18,Sunday,3,12,4468.13,202,Flash Sale,No,Spring,Yes
945904,2021-01-31 22:37:28,253,2218,1,642.92,0.1,Debit Card,Location A,4,Monday,8,8,5532.35,839,20% Off,No,Fall,No
977757,2021-01-09 14:16:45,254,140,8,955.07,0.3,Credit Card,Location B,2,Sunday,43,10,9828.74,439,Flash Sale,Yes,Spring,Yes
922548,2021-04-03 22:41:32,255,9343,5,580.52,0.26,Cash,Location B,8,Wednesday,29,7,7763.97,469,20% Off,Yes,Winter,No
620508,2020-04-23 11:57:06,256,8296,6,212.08,0.44,Mobile Payment,Location C,23,Saturday,19,5,5093.91,187,Flash Sale,Yes,Fall,No
355616,2020-10-08 03:17:19,257,5139,9,698.91,0.41,Credit Card,Location D,9,Monday,48,11,1254.2,921,20% Off,No,Spring,No
185609,2020-02-27 14:39:48,258,8225,5,412.63,0.36,Cash,Location B,17,Friday,6,5,1485.05,898,20% Off,Yes,Spring,Yes
922073,2021-01-30 17:40:16,259,2355,7,758.04,0.22,Mobile Payment,Location C,13,Sunday,13,5,263.15,656,Buy One Get One Free,Yes,Fall,Yes
430896,2020-04-14 00:00:57,260,9738,6,264.1,0.41,Credit Card,Location C,21,Thursday,32,8,5845.49,232,20% Off,No,Spring,No
391241,2020-08-19 23:52:38,261,1819,3,924.59,0.32,Mobile Payment,Location C,20,Saturday,13,2,4505.88,407,Flash Sale,No,Spring,No
383871,2020-05-06 16:51:23,262,5337,7,316.94,0.07,Debit Card,Location D,12,Saturday,52,9,4422.4,473,20% Off,Yes,Summer,Yes
767655,2020-12-06 02:42:20,263,7534,3,904.0,0.32,Debit Card,Location D,11,Friday,51,11,7852.44,569,20% Off,Yes,Fall,Yes
495081,2020-03-30 10:04:38,264,6083,3,280.82,0.14,Mobile Payment,Location C,21,Tuesday,37,6,3556.08,432,Flash Sale,No,Winter,Yes
575429,2020-10-16 02:44:43,265,1612,1,428.76,0.02,Credit Card,Location C,21,Tuesday,18,8,3522.13,9,Buy One Get One Free,Yes,Winter,Yes
39323,2020-05-03 01:43:27,266,4375,9,941.85,0.03,Cash,Location A,11,Friday,16,7,3086.19,635,Flash Sale,Yes,Summer,Yes
969073,2020-11-19 20:51:08,267,674,2,771.04,0.2,Cash,Location C,0,Tuesday,7,6,2817.32,972,Buy One Get One Free,No,Winter,Yes
45668,2020-08-23 07:44:19,268,3066,9,926.24,0.17,Credit Card,Location B,22,Monday,12,5,9126.07,353,Flash Sale,Yes,Winter,No
560850,2021-11-05 05:04:04,269,9622,5,179.22,0.28,Debit Card,Location A,22,Sunday,49,1,5927.58,258,Flash Sale,No,Winter,No
931646,2021-08-06 23:45:17,270,1197,1,654.35,0.34,Credit Card,Location A,2,Sunday,40,3,4217.94,546,Flash Sale,No,Winter,Yes
761887,2021-03-11 11:36:54,271,4039,3,832.43,0.32,Mobile Payment,Location B,21,Friday,52,12,2310.93,897,20% Off,Yes,Summer,Yes
655988,2021-10-19 03:05:16,272,108,1,552.57,0.17,Debit Card,Location D,1,Wednesday,12,10,7958.52,100,Buy One Get One Free,Yes,Fall,Yes
568547,2021-10-28 03:35:35,273,2416,2,549.24,0.08,Cash,Location B,8,Thursday,2,6,8740.47,353,Flash Sale,No,Fall,Yes
481654,2021-02-09 10:46:58,274,8171,5,87.02,0.44,Mobile Payment,Location D,20,Sunday,20,2,7218.09,290,20% Off,No,Summer,Yes
56139,2021-10-08 13:20:16,275,2579,9,41.84,0.05,Credit Card,Location C,5,Thursday,35,6,4123.48,780,20% Off,No,Fall,No
143722,2020-07-12 18:14:02,276,5450,2,861.79,0.42,Mobile Payment,Location B,13,Friday,39,12,9033.06,612,Flash Sale,Yes,Winter,Yes
482994,2020-12-21 10:03:34,277,5262,1,600.66,0.01,Mobile Payment,Location D,17,Friday,41,6,6608.47,30,Buy One Get One Free,No,Winter,Yes
561782,2021-07-30 20:11:17,278,597,5,678.6,0.44,Mobile Payment,Location A,20,Friday,1,11,996.83,736,20% Off,No,Fall,Yes
759609,2020-12-09 04:29:22,279,7691,8,124.21,0.21,Credit Card,Location C,4,Tuesday,30,3,5849.2,173,20% Off,No,Summer,No
745652,2020-10-11 01:16:30,280,5823,5,555.02,0.46,Mobile Payment,Location D,2,Friday,50,3,1025.5,959,20% Off,Yes,Summer,Yes
598338,2021-06-27 21:20:31,281,5843,1,67.91,0.49,Debit Card,Location A,9,Friday,7,7,5341.16,926,20% Off,Yes,Summer,Yes
699372,2020-07-14 11:43:45,282,8731,1,487.3,0.45,Debit Card,Location C,23,Wednesday,6,7,6275.95,330,20% Off,No,Winter,Yes
384922,2021-07-21 01:41:27,283,2613,9,364.87,0.31,Credit Card,Location B,4,Sunday,17,8,114.0,535,Flash Sale,No,Winter,No
520158,2021-02-18 21:14:59,284,1506,8,284.73,0.24,Debit Card,Location B,0,Thursday,20,4,5832.52,124,Buy One Get One Free,Yes,Spring,No
783852,2020-08-03 11:42:18,285,9727,9,939.68,0.32,Credit Card,Location C,0,Friday,18,3,9749.48,75,20% Off,No,Winter,Yes
17591,2021-05-24 06:17:29,286,7908,1,122.65,0.02,Mobile Payment,Location D,14,Wednesday,34,7,6464.91,352,Buy One Get One Free,Yes,Fall,Yes
418363,2020-05-27 23:35:05,287,74,5,892.36,0.42,Debit Card,Location C,5,Wednesday,34,12,5625.27,933,Flash Sale,Yes,Summer,No
32060,2020-06-29 05:51:58,288,8115,4,403.26,0.49,Mobile Payment,Location A,2,Thursday,1,5,5032.97,33,20% Off,Yes,Spring,Yes
183557,2020-12-28 10:00:54,289,3286,4,853.26,0.28,Cash,Location C,19,Sunday,40,3,4147.08,197,Flash Sale,No,Spring,No
780303,2020-06-30 20:22:40,290,4552,6,897.38,0.49,Credit Card,Location B,0,Monday,13,6,2902.15,868,20% Off,No,Spring,Yes
46118,2021-06-01 03:45:52,291,667,4,603.03,0.37,Mobile Payment,Location A,21,Tuesday,29,5,259.88,178,20% Off,No,Spring,Yes
354607,2021-10-08 16:23:08,292,4061,3,919.27,0.07,Credit Card,Location C,14,Sunday,1,11,3789.38,644,20% Off,No,Winter,No
253202,2021-06-09 04:06:06,293,6265,4,620.24,0.08,Debit Card,Location C,5,Thursday,32,2,2383.19,893,Flash Sale,Yes,Fall,No
891040,2021-03-31 05:12:24,294,4858,1,273.44,0.15,Debit Card,Location B,18,Tuesday,45,6,6529.58,863,Buy One Get One Free,No,Summer,Yes
222999,2020-09-04 04:55:41,295,7971,8,739.4,0.44,Mobile Payment,Location D,12,Tuesday,36,3,8777.71,46,Flash Sale,No,Fall,Yes
293578,2020-12-06 12:00:50,296,8494,9,421.95,0.18,Mobile Payment,Location B,15,Friday,9,11,6871.79,271,20% Off,No,Fall,No
165644,2021-07-09 12:57:01,297,7361,3,183.66,0.15,Debit Card,Location D,21,Friday,16,6,6386.04,351,20% Off,No,Summer,No
262999,2020-10-08 12:04:59,298,9685,8,173.79,0.11,Credit Card,Location D,21,Sunday,33,7,9147.21,836,Flash Sale,No,Spring,Yes
580282,2020-01-17 19:08:21,299,9854,8,332.09,0.19,Credit Card,Location D,5,Wednesday,20,2,7792.93,397,Buy One Get One Free,No,Winter,Yes
280159,2020-09-28 17:32:17,300,1688,7,594.14,0.31,Credit Card,Location B,15,Tuesday,34,1,1869.47,82,20% Off,Yes,Summer,Yes
279000,2020-03-08 01:53:48,301,1928,8,279.34,0.2,Mobile Payment,Location C,7,Tuesday,45,8,6264.52,426,Flash Sale,No,Summer,Yes
930470,2021-09-20 11:27:01,302,7825,8,790.54,0.08,Debit Card,Location C,2,Tuesday,50,8,664.44,915,Flash Sale,Yes,Fall,No
976431,2020-07-10 03:39:46,303,2855,9,505.96,0.13,Cash,Location B,19,Saturday,49,11,6453.57,878,Flash Sale,No,Winter,No
524926,2020-07-15 21:42:28,304,422,6,593.8,0.33,Credit Card,Location C,0,Thursday,33,1,5408.16,796,Flash Sale,Yes,Fall,Yes
949420,2020-07-04 15:55:46,305,606,6,897.0,0.2,Cash,Location D,1,Wednesday,25,7,5048.54,748,20% Off,Yes,Winter,Yes
370556,2020-05-24 03:04:48,306,6616,2,194.07,0.09,Mobile Payment,Location C,20,Tuesday,8,7,4425.25,396,Flash Sale,No,Fall,Yes
419952,2021-07-17 20:21:24,307,7605,4,664.87,0.11,Debit Card,Location A,18,Friday,5,12,571.9,686,Flash Sale,No,Winter,Yes
203261,2020-04-14 07:20:09,308,3940,4,10.3,0.12,Cash,Location D,5,Friday,48,7,7164.85,781,Buy One Get One Free,No,Winter,Yes
232644,2021-03-15 11:08:40,309,7931,4,288.55,0.45,Credit Card,Location D,1,Tuesday,41,1,7153.95,929,Flash Sale,No,Summer,No
192373,2020-12-22 17:06:27,310,7330,1,389.48,0.33,Credit Card,Location D,22,Saturday,46,7,3122.1,318,Buy One Get One Free,No,Summer,No
30595,2021-04-22 11:18:59,311,1091,4,199.78,0.27,Mobile Payment,Location B,14,Thursday,9,5,5937.19,90,20% Off,No,Spring,No
374609,2020-12-18 17:55:40,312,4651,2,655.09,0.2,Credit Card,Location D,2,Monday,40,7,1817.2,958,Flash Sale,No,Spring,Yes
313679,2021-11-02 00:03:21,313,1163,1,544.47,0.31,Debit Card,Location B,16,Thursday,8,6,263.9,121,20% Off,No,Winter,No
383028,2020-02-09 23:18:57,314,7928,1,788.14,0.21,Mobile Payment,Location B,1,Thursday,44,4,7665.43,638,Flash Sale,Yes,Summer,Yes
308907,2021-09-01 23:39:43,315,2545,2,387.97,0.04,Credit Card,Location D,6,Sunday,13,4,1917.96,669,Buy One Get One Free,Yes,Summer,No
5072,2021-10-18 14:37:55,316,9779,6,600.71,0.25,Cash,Location C,10,Thursday,3,9,7078.1,579,Flash Sale,Yes,Summer,No
834583,2020-07-21 15:51:26,317,6403,2,370.48,0.33,Cash,Location C,16,Wednesday,23,6,7182.99,616,20% Off,Yes,Summer,No
510752,2021-12-16 22:49:11,318,3909,1,708.58,0.34,Mobile Payment,Location A,4,Wednesday,27,7,2548.68,343,Flash Sale,No,Summer,Yes
585223,2020-07-15 23:04:25,319,3695,9,765.91,0.28,Mobile Payment,Location C,9,Tuesday,26,3,7426.47,565,20% Off,Yes,Summer,No
995300,2021-09-16 16:41:43,320,8215,9,366.8,0.08,Debit Card,Location B,7,Sunday,45,4,5672.65,908,Flash Sale,Yes,Winter,No
570834,2021-01-21 08:39:38,321,6623,4,209.95,0.36,Mobile Payment,Location D,11,Sunday,50,11,1411.21,984,20% Off,Yes,Spring,Yes
639688,2021-01-15 06:51:25,322,3906,3,784.35,0.02,Credit Card,Location D,11,Monday,9,7,4193.69,888,20% Off,Yes,Fall,Yes
44534,2021-09-26 15:36:58,323,3174,9,485.44,0.1,Mobile Payment,Location C,19,Wednesday,34,11,7493.63,387,Flash Sale,No,Winter,Yes
196172,2020-09-19 17:57:11,324,6528,7,81.23,0.13,Mobile Payment,Location C,22,Tuesday,51,1,523.87,173,Flash Sale,No,Winter,Yes
887824,2021-04-22 02:48:11,325,3032,3,673.81,0.24,Credit Card,Location C,19,Wednesday,1,9,4925.35,649,Buy One Get One Free,No,Summer,No
329177,2020-07-19 18:54:05,326,6797,1,445.22,0.43,Mobile Payment,Location D,12,Tuesday,50,1,7092.48,796,Flash Sale,Yes,Summer,No
850581,2021-12-31 10:47:07,327,949,1,318.71,0.21,Cash,Location D,0,Tuesday,16,2,4457.13,236,Buy One Get One Free,No,Spring,No
949349,2020-12-25 09:28:16,328,356,8,256.24,0.15,Debit Card,Location B,18,Tuesday,20,7,6813.52,656,Flash Sale,Yes,Winter,Yes
420897,2020-10-24 10:21:28,329,7779,6,731.84,0.17,Cash,Location B,3,Friday,23,9,9337.91,556,Flash Sale,Yes,Winter,Yes
31286,2021-09-08 00:24:04,330,8710,9,250.45,0.13,Mobile Payment,Location C,5,Thursday,25,6,3131.5,573,20% Off,No,Winter,No
276102,2021-04-06 18:42:47,331,217,4,528.2,0.34,Cash,Location D,0,Friday,38,1,2654.4,468,20% Off,Yes,Summer,Yes
987097,2021-12-10 22:52:41,332,4232,1,601.05,0.37,Debit Card,Location D,8,Saturday,6,5,2560.16,195,20% Off,Yes,Fall,No
807496,2020-10-02 00:14:54,333,3277,4,6.73,0.36,Credit Card,Location A,14,Saturday,8,3,7131.55,618,Flash Sale,Yes,Winter,Yes
122202,2020-11-15 08:45:31,334,5855,1,957.87,0.4,Mobile Payment,Location C,4,Wednesday,1,3,447.54,259,Buy One Get One Free,No,Winter,No
833929,2020-11-13 17:24:58,335,1972,8,884.79,0.31,Mobile Payment,Location C,8,Saturday,27,9,6554.4,966,20% Off,No,Summer,Yes
581972,2020-02-15 11:23:21,336,9527,9,882.92,0.39,Mobile Payment,Location D,15,Tuesday,16,1,9441.81,164,Flash Sale,Yes,Spring,No
55586,2020-03-19 17:57:58,337,8008,4,969.85,0.06,Mobile Payment,Location D,2,Sunday,26,6,4434.97,53,Buy One Get One Free,Yes,Winter,Yes
577984,2021-02-27 11:16:36,338,5123,4,309.69,0.02,Credit Card,Location D,20,Friday,25,4,204.69,697,Buy One Get One Free,Yes,Winter,No
469474,2020-11-21 04:52:45,339,9206,3,418.14,0.45,Mobile Payment,Location B,10,Thursday,31,8,6337.53,904,Flash Sale,No,Spring,No
71746,2021-05-31 23:44:33,340,5572,6,463.57,0.28,Mobile Payment,Location B,6,Sunday,5,11,1175.58,439,Flash Sale,Yes,Spring,Yes
141282,2021-01-21 07:01:34,341,2875,4,975.67,0.12,Cash,Location C,5,Monday,11,4,7499.45,560,Buy One Get One Free,No,Winter,No
495047,2020-12-14 05:34:51,342,8901,2,86.94,0.4,Debit Card,Location B,2,Monday,17,3,2672.37,140,Buy One Get One Free,No,Winter,Yes
594913,2020-10-05 08:45:21,343,7466,8,513.29,0.01,Mobile Payment,Location B,22,Thursday,25,7,5186.6,404,Flash Sale,No,Spring,No
135581,2020-03-10 07:24:39,344,3633,8,540.84,0.34,Debit Card,Location C,18,Sunday,28,5,1338.69,309,Buy One Get One Free,Yes,Summer,Yes
93849,2021-06-05 08:23:16,345,735,3,326.45,0.35,Mobile Payment,Location C,23,Thursday,20,2,4066.87,363,Flash Sale,No,Summer,Yes
49425,2020-12-25 19:11:38,346,8848,9,986.01,0.07,Debit Card,Location D,23,Monday,13,7,3671.87,109,Flash Sale,No,Summer,Yes
614654,2020-07-23 06:03:40,347,8528,4,339.23,0.49,Mobile Payment,Location A,14,Saturday,10,6,8593.23,264,Buy One Get One Free,Yes,Spring,No
85206,2021-06-16 06:16:57,348,7514,7,631.93,0.0,Credit Card,Location B,16,Saturday,4,7,3315.28,146,20% Off,Yes,Summer,No
839478,2020-01-27 15:47:14,349,687,8,929.04,0.06,Mobile Payment,Location D,15,Friday,42,6,4372.31,742,Flash Sale,Yes,Spring,No
296958,2020-01-22 12:28:12,350,6844,9,869.53,0.1,Credit Card,Location C,20,Tuesday,30,11,1095.38,582,Buy One Get One Free,Yes,Spring,No
960971,2021-11-24 10:20:30,351,6984,4,785.9,0.44,Debit Card,Location A,3,Monday,12,6,5599.85,669,20% Off,Yes,Summer,Yes
541376,2021-02-22 21:31:15,352,7931,4,725.22,0.35,Credit Card,Location B,18,Saturday,29,1,8260.96,649,Buy One Get One Free,No,Fall,Yes
489283,2021-01-09 03:52:34,353,2735,6,623.39,0.19,Mobile Payment,Location B,0,Wednesday,33,8,6984.85,205,Buy One Get One Free,No,Winter,No
34514,2020-01-11 10:48:48,354,5786,6,146.35,0.1,Mobile Payment,Location D,19,Sunday,17,5,6251.79,742,20% Off,No,Winter,No
494142,2021-08-21 06:09:46,355,5,3,17.04,0.02,Credit Card,Location A,2,Tuesday,50,6,4820.37,438,20% Off,Yes,Spring,Yes
566610,2021-08-06 21:09:55,356,3391,6,777.04,0.43,Mobile Payment,Location C,10,Saturday,12,5,1982.04,100,20% Off,Yes,Spring,No
399976,2020-10-30 20:53:32,357,1523,6,159.01,0.28,Debit Card,Location B,19,Monday,30,9,8972.38,668,Buy One Get One Free,No,Fall,Yes
36127,2020-10-14 02:06:38,358,1827,4,545.28,0.26,Credit Card,Location D,8,Sunday,40,6,9756.94,533,Flash Sale,Yes,Summer,No
263398,2021-09-30 09:18:54,359,484,3,526.74,0.1,Mobile Payment,Location D,20,Sunday,42,6,1499.56,927,20% Off,No,Summer,Yes
161184,2020-03-14 20:30:30,360,1914,2,470.4,0.16,Credit Card,Location B,5,Thursday,16,9,8986.77,299,Buy One Get One Free,Yes,Summer,Yes
696018,2020-12-17 18:59:09,361,4551,5,29.98,0.2,Cash,Location C,5,Tuesday,48,7,3749.5,499,Flash Sale,No,Spring,Yes
280130,2020-02-14 18:19:58,362,29,3,321.08,0.17,Credit Card,Location A,22,Sunday,17,3,359.22,665,20% Off,Yes,Winter,Yes
17551,2021-01-22 08:05:51,363,4295,4,598.0,0.08,Cash,Location A,0,Thursday,52,4,5168.12,494,Buy One Get One Free,No,Fall,No
164076,2020-07-11 06:45:24,364,9062,1,284.62,0.13,Credit Card,Location D,18,Saturday,16,4,2651.55,979,Buy One Get One Free,Yes,Fall,No
288747,2020-10-15 04:59:00,365,9547,4,35.94,0.11,Debit Card,Location A,6,Tuesday,7,11,4373.66,415,Flash Sale,No,Summer,No
48312,2021-07-26 00:40:10,366,7351,4,425.58,0.11,Cash,Location A,6,Thursday,35,6,2397.94,732,Buy One Get One Free,Yes,Winter,No
164202,2021-08-28 15:06:23,367,8955,9,678.08,0.23,Debit Card,Location B,12,Thursday,5,1,1577.8,470,Flash Sale,No,Fall,No
209714,2020-09-15 07:14:58,368,826,5,348.41,0.36,Debit Card,Location D,8,Friday,20,10,6004.73,643,Buy One Get One Free,Yes,Winter,No
470853,2020-10-05 17:15:48,369,4504,8,657.4,0.33,Debit Card,Location A,14,Sunday,41,12,1402.56,980,Buy One Get One Free,Yes,Spring,No
610251,2021-10-21 06:44:55,370,5150,2,499.4,0.11,Debit Card,Location D,20,Tuesday,30,11,9587.66,587,Buy One Get One Free,Yes,Spring,Yes
77608,2021-04-16 23:48:30,371,7302,9,90.11,0.21,Mobile Payment,Location B,7,Sunday,47,7,9154.5,626,Buy One Get One Free,Yes,Fall,No
565388,2021-03-20 12:09:34,372,4281,9,638.47,0.19,Debit Card,Location D,4,Monday,5,1,4065.99,217,20% Off,No,Winter,Yes
75298,2020-01-19 21:53:50,373,3647,1,528.81,0.09,Cash,Location B,4,Sunday,36,7,9003.14,55,Buy One Get One Free,Yes,Fall,No
394990,2020-09-17 15:15:01,374,8443,3,671.77,0.05,Credit Card,Location B,7,Tuesday,32,3,7666.43,552,Buy One Get One Free,No,Fall,No
867397,2020-04-02 09:34:54,375,9713,5,303.11,0.24,Cash,Location C,16,Wednesday,4,11,5592.02,603,20% Off,Yes,Spring,Yes
126617,2020-10-07 14:13:55,376,4457,7,655.27,0.41,Credit Card,Location A,23,Tuesday,22,2,3732.41,308,Buy One Get One Free,Yes,Fall,Yes
269456,2020-02-14 15:07:25,377,4503,4,637.81,0.41,Mobile Payment,Location B,19,Wednesday,21,1,7399.14,761,Flash Sale,Yes,Spring,Yes
771560,2020-03-23 07:57:38,378,6289,8,583.63,0.13,Debit Card,Location C,20,Thursday,35,1,7873.13,393,Buy One Get One Free,Yes,Spring,Yes
267186,2020-01-02 09:57:03,379,8091,9,363.53,0.14,Mobile Payment,Location B,2,Wednesday,17,11,1323.49,516,Flash Sale,Yes,Spring,No
607037,2020-01-24 11:47:37,380,9640,2,632.39,0.05,Debit Card,Location A,21,Monday,36,4,5653.81,78,Flash Sale,Yes,Winter,No
666477,2020-05-10 22:05:05,381,5253,7,948.12,0.04,Cash,Location A,7,Monday,20,8,2882.22,799,Flash Sale,No,Spring,No
369952,2021-03-20 05:11:12,382,3402,1,239.24,0.12,Mobile Payment,Location D,18,Wednesday,25,8,9816.22,876,20% Off,Yes,Winter,No
299481,2020-09-30 09:03:11,383,414,4,194.7,0.26,Mobile Payment,Location B,2,Sunday,46,1,5012.39,895,Buy One Get One Free,Yes,Winter,No
728961,2020-11-29 08:31:57,384,1446,6,653.49,0.36,Debit Card,Location A,12,Thursday,27,9,7452.75,72,Buy One Get One Free,Yes,Fall,No
384697,2020-09-15 00:55:43,385,1168,8,558.09,0.35,Debit Card,Location A,19,Friday,43,11,8746.78,537,20% Off,Yes,Fall,Yes
666170,2020-08-24 21:13:42,386,8109,6,25.63,0.33,Mobile Payment,Location C,16,Thursday,45,8,9730.37,557,20% Off,No,Summer,No
820212,2020-09-17 13:19:03,387,1141,4,19.45,0.31,Debit Card,Location C,3,Sunday,5,3,5666.4,945,Buy One Get One Free,Yes,Summer,Yes
968062,2020-09-14 16:34:43,388,280,6,578.25,0.22,Debit Card,Location D,0,Monday,6,8,9644.07,624,Buy One Get One Free,No,Winter,Yes
640458,2021-06-30 05:20:33,389,4063,8,296.12,0.22,Cash,Location B,13,Tuesday,51,1,941.49,848,Buy One Get One Free,Yes,Summer,No
126411,2020-03-16 19:40:42,390,1872,9,530.11,0.23,Debit Card,Location C,2,Saturday,40,10,3639.95,922,Flash Sale,No,Fall,No
564020,2020-02-05 02:28:24,391,9558,8,479.13,0.22,Debit Card,Location A,14,Wednesday,17,4,3727.08,806,Flash Sale,Yes,Spring,No
263406,2021-07-22 13:12:02,392,1121,7,302.17,0.2,Mobile Payment,Location A,0,Monday,39,8,1858.26,894,20% Off,No,Spring,No
962402,2021-01-31 18:25:40,393,5285,8,323.97,0.12,Debit Card,Location B,4,Saturday,41,12,7362.41,714,20% Off,No,Spring,Yes
826542,2021-08-25 04:54:24,394,4674,7,139.63,0.47,Debit Card,Location C,12,Monday,5,11,1604.9,768,Buy One Get One Free,Yes,Spring,No
887018,2020-07-10 23:59:20,395,5007,6,149.37,0.27,Debit Card,Location A,21,Saturday,18,12,4222.32,178,Buy One Get One Free,No,Winter,No
571991,2020-12-18 06:30:49,396,4766,8,583.33,0.44,Mobile Payment,Location C,23,Thursday,50,7,9977.53,899,Buy One Get One Free,No,Spring,No
898452,2021-04-12 20:53:56,397,966,5,716.32,0.38,Debit Card,Location C,20,Wednesday,20,1,3710.64,821,20% Off,Yes,Spring,No
302383,2020-04-28 01:32:02,398,2161,7,340.55,0.48,Mobile Payment,Location B,10,Monday,52,6,381.13,769,Buy One Get One Free,Yes,Fall,No
922236,2020-02-23 04:58:49,399,1666,3,374.53,0.42,Mobile Payment,Location D,4,Monday,9,6,6756.61,250,20% Off,Yes,Fall,No
763646,2020-06-13 15:57:23,400,9537,9,122.86,0.18,Debit Card,Location B,6,Sunday,27,2,4505.58,972,Flash Sale,No,Winter,Yes
275410,2020-01-01 19:55:47,401,149,8,388.75,0.02,Debit Card,Location B,20,Saturday,29,6,741.21,797,20% Off,Yes,Fall,Yes
728457,2020-06-17 14:48:28,402,3137,2,994.61,0.48,Debit Card,Location A,22,Tuesday,44,7,9601.49,911,Buy One Get One Free,Yes,Winter,Yes
767359,2020-02-02 12:48:47,403,3172,4,122.14,0.2,Credit Card,Location C,3,Wednesday,22,9,6835.52,664,20% Off,No,Spring,No
432055,2021-07-30 18:50:19,404,1910,2,727.23,0.32,Mobile Payment,Location A,20,Wednesday,44,9,4059.26,632,Buy One Get One Free,Yes,Spring,No
606815,2020-02-26 05:34:14,405,3034,7,983.18,0.49,Credit Card,Location B,1,Thursday,47,10,9489.59,939,Buy One Get One Free,Yes,Summer,No
607207,2021-10-01 16:49:06,406,1251,4,490.03,0.03,Credit Card,Location D,22,Thursday,34,8,5916.23,216,Flash Sale,Yes,Fall,No
931660,2021-01-31 06:51:52,407,6232,2,681.75,0.5,Mobile Payment,Location D,13,Monday,39,3,144.18,713,Buy One Get One Free,Yes,Summer,Yes
652672,2021-08-16 14:37:50,408,8767,7,867.71,0.05,Mobile Payment,Location D,6,Monday,28,3,2688.95,210,20% Off,No,Spring,No
526024,2020-07-09 07:46:32,409,3498,1,51.95,0.38,Mobile Payment,Location D,21,Sunday,43,4,2031.05,607,Flash Sale,No,Spring,Yes
733197,2021-12-25 13:01:06,410,4311,6,398.78,0.04,Mobile Payment,Location B,22,Wednesday,51,5,4935.97,334,Flash Sale,Yes,Summer,No
113579,2021-05-26 10:59:35,411,9579,8,772.79,0.26,Debit Card,Location A,9,Saturday,4,12,2759.72,775,20% Off,No,Spring,No
750959,2020-03-21 12:09:12,412,5095,7,544.74,0.17,Debit Card,Location B,0,Tuesday,1,5,8739.23,613,20% Off,Yes,Spring,Yes
800175,2021-04-28 18:04:06,413,317,4,730.21,0.41,Mobile Payment,Location D,23,Sunday,22,10,683.91,941,Flash Sale,No,Spring,Yes
218323,2020-03-04 15:29:55,414,1885,3,583.54,0.42,Mobile Payment,Location A,10,Monday,40,7,6279.69,559,Flash Sale,No,Spring,No
503933,2021-10-04 12:30:54,415,7642,4,464.55,0.04,Credit Card,Location D,22,Wednesday,11,1,7858.18,111,Flash Sale,Yes,Winter,Yes
933756,2020-04-14 13:46:06,416,4718,6,973.1,0.07,Mobile Payment,Location A,7,Wednesday,20,1,5174.87,64,20% Off,Yes,Fall,Yes
310093,2020-09-30 16:50:20,417,7728,2,354.25,0.13,Debit Card,Location C,8,Monday,4,12,3239.53,417,20% Off,Yes,Fall,No
925444,2021-02-16 12:27:59,418,9402,1,492.78,0.49,Mobile Payment,Location B,1,Thursday,28,6,2482.4,236,Flash Sale,No,Summer,Yes
851207,2021-03-22 05:14:39,419,5173,6,578.28,0.5,Cash,Location B,17,Friday,46,1,190.18,843,Flash Sale,No,Summer,Yes
418395,2020-11-07 11:44:41,420,4771,6,956.62,0.23,Mobile Payment,Location C,10,Friday,30,9,1020.58,29,Buy One Get One Free,No,Summer,No
846665,2020-04-26 19:45:19,421,4999,2,436.81,0.07,Credit Card,Location D,5,Sunday,52,3,820.84,472,Buy One Get One Free,Yes,Winter,Yes
288114,2020-08-31 10:16:41,422,3786,1,792.99,0.34,Mobile Payment,Location B,9,Friday,10,2,1940.12,74,20% Off,No,Spring,Yes
494383,2021-08-12 18:47:50,423,7706,5,25.38,0.38,Cash,Location D,15,Sunday,30,2,9832.25,265,20% Off,No,Fall,Yes
95154,2020-12-24 18:14:06,424,8804,7,822.7,0.43,Mobile Payment,Location B,18,Saturday,12,6,7890.79,109,Flash Sale,Yes,Winter,No
46323,2020-06-07 10:56:28,425,9731,8,599.3,0.21,Credit Card,Location B,3,Tuesday,37,4,9498.38,823,20% Off,Yes,Fall,No
22730,2021-06-09 01:17:29,426,4680,3,782.33,0.18,Credit Card,Location D,6,Tuesday,27,7,9554.55,844,Buy One Get One Free,No,Spring,Yes
196051,2021-04-23 08:55:05,427,7334,3,126.12,0.13,Mobile Payment,Location D,13,Tuesday,14,10,5756.78,332,Flash Sale,Yes,Summer,No
245943,2021-08-13 07:49:32,428,5282,4,528.77,0.36,Cash,Location A,10,Thursday,9,4,1693.11,56,Flash Sale,No,Spring,Yes
521608,2020-08-16 17:48:11,429,5245,8,593.59,0.48,Mobile Payment,Location C,5,Monday,26,11,2100.34,569,Flash Sale,Yes,Summer,No
893728,2021-04-21 16:20:05,430,9718,9,877.56,0.22,Debit Card,Location D,11,Friday,28,6,7431.2,600,20% Off,Yes,Winter,No
413060,2021-08-21 12:05:17,431,488,8,86.43,0.03,Mobile Payment,Location C,13,Wednesday,5,12,3714.54,964,Buy One Get One Free,No,Fall,Yes
375829,2020-10-01 10:41:00,432,6885,6,361.99,0.19,Debit Card,Location D,3,Wednesday,37,1,7111.55,434,Buy One Get One Free,No,Winter,Yes
176272,2021-08-01 22:31:03,433,1055,6,392.08,0.33,Credit Card,Location C,18,Tuesday,9,11,6699.98,646,Buy One Get One Free,No,Fall,Yes
586124,2021-05-05 12:41:05,434,9273,3,639.66,0.18,Mobile Payment,Location C,23,Wednesday,38,7,4142.23,242,Flash Sale,Yes,Summer,Yes
64549,2020-09-24 19:48:48,435,8324,8,349.45,0.46,Mobile Payment,Location A,4,Monday,46,6,296.77,161,20% Off,No,Summer,No
566587,2021-10-05 23:01:47,436,9873,1,44.13,0.21,Mobile Payment,Location C,0,Friday,24,8,1488.31,414,Flash Sale,Yes,Summer,No
846563,2021-02-14 23:11:23,437,6068,3,388.22,0.45,Cash,Location B,17,Thursday,19,2,1006.35,820,20% Off,No,Summer,No
655644,2020-04-11 09:15:44,438,3114,8,367.41,0.32,Cash,Location A,20,Saturday,8,2,8946.72,695,20% Off,No,Summer,Yes
910428,2021-03-03 22:01:39,439,4609,2,117.32,0.28,Credit Card,Location A,17,Wednesday,5,6,5960.86,37,Flash Sale,Yes,Summer,No
251460,2021-01-01 02:58:25,440,1468,3,269.35,0.34,Credit Card,Location B,9,Friday,7,1,1782.01,920,Buy One Get One Free,Yes,Spring,Yes
960295,2021-06-19 03:38:08,441,9553,4,358.82,0.15,Mobile Payment,Location C,1,Saturday,10,8,1997.1,225,Buy One Get One Free,No,Winter,No
569953,2021-03-20 23:04:57,442,604,4,662.25,0.14,Credit Card,Location C,5,Saturday,37,8,6844.94,228,20% Off,No,Summer,No
89954,2021-10-02 05:42:04,443,6770,6,72.97,0.44,Mobile Payment,Location D,21,Friday,22,9,4013.15,225,20% Off,Yes,Spring,Yes
707325,2020-11-14 04:35:22,444,2861,3,715.6,0.2,Cash,Location A,11,Thursday,45,8,9150.52,660,Buy One Get One Free,No,Summer,No
551462,2021-08-18 23:49:39,445,196,8,840.34,0.0,Debit Card,Location C,1,Saturday,41,12,749.23,758,Buy One Get One Free,Yes,Summer,Yes
254677,2020-10-11 02:33:39,446,7378,6,852.86,0.45,Mobile Payment,Location B,2,Monday,37,1,5898.61,974,Buy One Get One Free,No,Winter,No
515017,2020-08-20 03:09:36,447,3251,3,989.05,0.26,Cash,Location C,18,Friday,12,8,4095.43,498,Buy One Get One Free,Yes,Winter,No
828997,2020-06-13 06:06:31,448,5258,5,811.96,0.5,Debit Card,Location A,11,Sunday,14,2,7967.49,71,Flash Sale,No,Fall,Yes
17611,2020-07-30 05:50:48,449,2501,6,936.27,0.07,Credit Card,Location C,8,Sunday,12,10,636.53,584,Buy One Get One Free,Yes,Summer,No
67888,2020-05-25 11:25:31,450,6156,1,887.9,0.47,Mobile Payment,Location A,6,Sunday,27,1,5000.08,722,Buy One Get One Free,No,Summer,Yes
632078,2021-01-09 18:52:50,451,5096,1,404.7,0.29,Cash,Location D,11,Wednesday,15,2,3372.85,90,Flash Sale,Yes,Fall,Yes
101760,2020-08-11 18:00:19,452,4242,1,535.79,0.21,Cash,Location C,21,Tuesday,4,7,3333.29,730,20% Off,No,Spring,Yes
289907,2021-02-03 03:52:43,453,8120,8,739.32,0.37,Credit Card,Location B,2,Sunday,42,11,671.25,371,Flash Sale,Yes,Summer,Yes
84753,2021-09-19 21:22:02,454,2833,9,177.91,0.05,Cash,Location A,18,Thursday,44,10,7614.07,392,Buy One Get One Free,No,Winter,Yes
817315,2020-04-03 08:32:10,455,4356,4,660.79,0.22,Credit Card,Location B,20,Tuesday,10,4,411.66,729,Buy One Get One Free,No,Winter,Yes
62922,2020-07-02 01:57:40,456,6705,8,634.6,0.49,Debit Card,Location C,19,Thursday,22,5,220.36,677,20% Off,No,Fall,No
174688,2020-11-05 05:51:44,457,2918,6,252.1,0.46,Debit Card,Location A,4,Friday,52,10,5856.92,663,Flash Sale,No,Winter,Yes
553460,2021-09-14 17:02:42,458,6556,8,184.98,0.12,Credit Card,Location A,23,Saturday,49,6,9369.89,858,20% Off,Yes,Summer,No
329126,2020-07-13 06:26:16,459,1562,7,738.2,0.49,Debit Card,Location C,5,Sunday,37,10,4495.68,575,Buy One Get One Free,Yes,Fall,No
560754,2020-06-10 21:11:56,460,6395,1,364.39,0.31,Mobile Payment,Location C,23,Friday,39,7,8362.79,812,20% Off,Yes,Spring,Yes
630827,2020-06-09 15:49:36,461,8420,9,305.66,0.22,Debit Card,Location D,1,Thursday,42,7,1013.19,112,20% Off,Yes,Fall,No
687883,2021-08-27 08:10:22,462,7096,3,439.92,0.19,Cash,Location C,3,Sunday,35,2,6730.0,341,Flash Sale,Yes,Summer,No
998344,2021-01-20 18:04:30,463,9276,6,437.57,0.38,Cash,Location A,4,Friday,46,12,8498.32,478,Buy One Get One Free,Yes,Summer,Yes
60868,2020-01-04 11:25:32,464,4066,2,382.03,0.28,Credit Card,Location C,7,Sunday,9,5,8654.54,895,Buy One Get One Free,Yes,Spring,No
684924,2020-03-07 22:34:43,465,7468,8,362.32,0.03,Mobile Payment,Location B,9,Tuesday,39,5,7569.87,22,20% Off,Yes,Summer,Yes
650330,2020-02-21 00:55:04,466,5254,1,234.77,0.04,Credit Card,Location A,8,Wednesday,3,9,7980.62,156,20% Off,No,Winter,No
287222,2021-11-30 11:56:03,467,8957,8,541.27,0.35,Cash,Location B,10,Friday,28,8,644.32,96,Flash Sale,No,Winter,No
625584,2020-04-29 11:49:03,468,9618,7,471.29,0.11,Cash,Location B,19,Sunday,50,7,9072.23,985,Flash Sale,No,Winter,Yes
412050,2021-03-23 22:25:46,469,5756,1,529.87,0.34,Mobile Payment,Location A,0,Friday,18,2,1360.24,677,Buy One Get One Free,No,Fall,Yes
11930,2020-07-20 03:18:28,470,464,6,244.36,0.01,Mobile Payment,Location D,10,Monday,16,6,2879.62,66,20% Off,No,Fall,No
292330,2020-03-02 01:01:11,471,3330,8,995.17,0.06,Mobile Payment,Location D,20,Tuesday,1,8,5676.3,782,Flash Sale,No,Summer,No
918552,2020-11-05 03:12:26,472,7796,5,739.52,0.36,Debit Card,Location D,8,Monday,20,6,3733.18,751,Flash Sale,Yes,Fall,Yes
692649,2020-07-01 00:17:07,473,4545,5,785.7,0.33,Cash,Location C,11,Tuesday,34,6,7598.56,357,Buy One Get One Free,Yes,Fall,Yes
248739,2020-02-18 14:26:09,474,5875,7,48.03,0.08,Credit Card,Location A,1,Thursday,21,10,8185.48,695,20% Off,Yes,Summer,Yes
562960,2021-01-25 01:12:30,475,4651,7,869.3,0.01,Credit Card,Location D,8,Thursday,30,2,4638.01,569,20% Off,Yes,Winter,Yes
771131,2021-10-19 21:24:39,476,7584,9,351.63,0.13,Credit Card,Location C,0,Wednesday,5,7,9597.32,410,Flash Sale,Yes,Fall,Yes
215481,2020-03-02 12:13:14,477,6428,7,517.52,0.1,Credit Card,Location D,8,Thursday,11,6,1611.82,115,Flash Sale,No,Spring,Yes
927633,2020-02-22 08:35:43,478,5360,9,802.65,0.22,Debit Card,Location B,8,Sunday,39,4,8013.46,843,20% Off,No,Fall,Yes
992480,2020-09-06 03:49:41,479,2741,4,373.16,0.47,Credit Card,Location B,7,Wednesday,13,2,7041.77,197,Buy One Get One Free,No,Summer,Yes
592610,2021-05-11 00:57:53,480,6878,8,971.07,0.04,Debit Card,Location B,23,Saturday,10,3,9085.92,474,20% Off,No,Winter,No
21809,2021-11-04 03:15:09,481,5265,4,509.87,0.44,Debit Card,Location D,16,Monday,44,11,3410.39,791,20% Off,Yes,Summer,Yes
528,2020-09-21 13:37:21,482,2551,2,585.49,0.13,Mobile Payment,Location C,23,Friday,20,8,5642.25,811,Flash Sale,Yes,Summer,No
893407,2021-10-02 16:42:24,483,891,2,19.05,0.38,Debit Card,Location D,7,Monday,39,5,8074.8,385,20% Off,No,Summer,Yes
82500,2020-01-24 20:31:51,484,6559,2,950.22,0.46,Cash,Location D,5,Wednesday,27,11,8643.8,39,20% Off,No,Winter,Yes
214031,2021-07-16 09:35:50,485,466,6,232.78,0.32,Cash,Location B,11,Sunday,15,7,7974.35,486,Buy One Get One Free,No,Fall,No
637084,2020-11-23 22:38:13,486,8339,3,296.18,0.33,Cash,Location B,3,Thursday,51,6,5740.87,878,20% Off,No,Spring,Yes
729227,2020-04-15 15:32:48,487,2653,2,448.96,0.1,Credit Card,Location C,23,Sunday,32,8,4110.66,96,Flash Sale,No,Fall,No
275469,2020-04-27 18:14:06,488,790,9,113.36,0.32,Mobile Payment,Location C,4,Sunday,13,5,939.86,9,Flash Sale,Yes,Summer,No
684408,2020-07-04 19:02:59,489,686,2,150.55,0.31,Debit Card,Location A,18,Sunday,50,3,738.02,697,20% Off,Yes,Summer,Yes
387201,2021-08-03 03:28:25,490,3914,9,778.85,0.46,Mobile Payment,Location D,16,Sunday,13,2,8389.19,795,Buy One Get One Free,Yes,Spring,Yes
132784,2021-05-02 07:17:17,491,853,5,309.12,0.44,Cash,Location A,17,Thursday,25,7,9202.2,930,Flash Sale,No,Summer,No
66743,2020-11-15 03:30:44,492,6146,1,5.96,0.09,Mobile Payment,Location B,11,Wednesday,19,8,5224.84,952,20% Off,No,Spring,No
969990,2021-05-11 00:59:42,493,1453,2,263.0,0.41,Credit Card,Location B,9,Friday,20,9,2374.1,18,20% Off,No,Fall,No
35626,2021-06-01 20:19:20,494,2839,1,376.74,0.28,Cash,Location D,5,Monday,39,4,319.05,712,Flash Sale,Yes,Summer,Yes
415028,2021-03-07 08:48:40,495,8418,4,917.35,0.02,Cash,Location B,17,Monday,52,9,1229.72,454,20% Off,No,Summer,No
606441,2020-06-25 17:39:36,496,6146,4,355.78,0.13,Mobile Payment,Location C,8,Monday,14,10,4073.23,540,Buy One Get One Free,No,Winter,Yes
621987,2021-07-23 04:54:01,497,4035,6,817.9,0.33,Mobile Payment,Location D,17,Saturday,9,8,416.86,745,Flash Sale,Yes,Winter,Yes
268749,2020-07-08 16:40:59,498,1851,8,193.94,0.06,Credit Card,Location D,13,Wednesday,36,11,8510.12,997,Buy One Get One Free,No,Fall,No
682174,2021-07-18 04:43:38,499,2194,3,309.67,0.08,Debit Card,Location B,20,Sunday,4,2,2231.13,13,Flash Sale,Yes,Summer,No
313479,2021-04-03 03:59:45,500,6662,7,488.57,0.09,Mobile Payment,Location C,14,Saturday,35,12,5156.78,659,Flash Sale,No,Summer,No
978720,2020-12-01 16:31:54,6,1883,2,751.17,0.32,Credit Card,Location B,19,Saturday,50,2,3372.17,171,Buy One Get One Free,Yes,Summer,No
768929,2020-07-04 12:42:16,21,2012,1,422.93,0.31,Credit Card,Location C,22,Thursday,21,8,9174.37,270,Flash Sale,No,Summer,Yes
9980433,2022-03-15 03:35:24,797,9318,9,986.49,0.27,Credit Card,Location B,3,,11,3,6481.24,74,Flash Sale,No,Spring,
9980434,2022-12-18 15:54:49,254,4585,4,790.71,0.23,Cash,,,Thursday,50,12,2435.39,492,Flash Sale,,Summer,No
9980435,2022-01-18 23:46:08,769,8237,5,260.56,0.12,Credit Card,Location C,23,Saturday,3,1,1146.46,989,,Yes,Winter,No
9980436,2023-06-21 09:44:45,838,1832,10,625.66,0.42,Credit Card,Location D,9,,25,6,3628.83,710,20% Off,Yes,Fall,Yes
9980437,2023-11-25 09:04:19,956,1104,7,438.35,0.38,Debit Card,Location B,9,Thursday,47,11,1902.44,286,Buy One Get One Free,,,
9980438,2022-01-16 00:45:33,857,9594,8,507.4,0.15,,Location D,,Friday,,1,3450.32,349,,No,,Yes
9980439,2022-10-06 01:36:29,313,2434,4,572.75,0.05,Cash,Location D,1,Wednesday,40,10,2176.45,146,Buy One Get One Free,,,No
9980440,2022-07-01 21:34:03,516,9893,8,420.63,0.26,Credit Card,Location A,21,,26,7,2490.13,27,,Yes,Fall,Yes
9980441,2023-10-25 17:05:56,607,4415,8,511.21,0.16,Mobile Payment,,,Monday,43,10,3435.33,479,,,Fall,Yes
9980442,2022-04-06 18:08:22,218,788,9,98.86,0.1,Mobile Payment,Location B,18,Wednesday,14,4,800.77,538,,Yes,,
9980443,2022-01-17 12:24:59,220,534,5,965.93,0.02,Mobile Payment,Location A,12,Wednesday,3,1,4733.06,413,Flash Sale,Yes,Fall,
9980444,2023-12-09 15:08:07,172,9095,3,800.74,0.28,Mobile Payment,,15,Thursday,49,12,1729.6,123,Buy One Get One Free,Yes,Summer,No
9980445,2022-08-05 20:07:29,270,3909,6,166.59,0.46,Cash,Location A,20,Saturday,31,8,539.75,609,20% Off,No,,No
9980446,2022-06-25 20:43:49,545,1057,8,386.31,,Cash,,20,Tuesday,,6,3090.48,223,,Yes,,
9980447,2022-12-07 03:21:33,300,8512,4,994.43,0.25,Credit Card,Location B,3,Tuesday,49,12,2983.29,649,20% Off,Yes,Fall,No
9980448,2022-07-22 14:20:48,649,3266,4,480.72,0.23,,Location B,14,Friday,29,7,1480.62,879,Flash Sale,,Fall,No
9980449,2023-03-14 12:52:15,100,9359,3,69.02,0.05,,,,Sunday,11,3,196.71,314,,Yes,,
9980450,2023-02-28 21:58:45,690,2439,5,389.05,0.33,,Location B,21,Thursday,9,2,1303.32,195,,,,
9980451,2023-04-10 15:36:57,929,7811,8,580.42,0.01,Credit Card,Location A,15,Thursday,15,4,4596.93,826,,No,,Yes
9980452,2023-05-17 14:06:51,177,1766,5,808.7,0.0,Cash,Location C,14,Sunday,20,5,4043.5,830,20% Off,No,Spring,
9980453,2023-01-28 10:53:54,159,3360,1,90.71,0.47,,Location B,10,Wednesday,4,,48.08,982,20% Off,Yes,Summer,
9980454,2023-05-15 13:07:23,468,2945,3,579.02,0.21,Debit Card,Location A,13,Monday,20,5,1372.28,123,Buy One Get One Free,No,Summer,Yes
9980455,2023-09-02 20:16:27,308,8568,3,519.47,0.01,Cash,,20,Wednesday,35,9,1542.83,47,,,Fall,Yes
9980456,2023-10-26 23:30:12,707,7960,10,336.45,0.29,Debit Card,Location B,23,Sunday,43,10,2388.8,296,20% Off,Yes,Fall,Yes
9980457,2023-10-03 01:06:51,949,4158,9,731.15,0.38,Mobile Payment,Location D,1,Monday,40,10,4079.82,68,20% Off,Yes,Summer,Yes
9980458,2022-10-04 06:40:38,900,8586,1,335.1,0.43,Debit Card,Location B,6,Friday,40,10,191.01,678,Buy One Get One Free,Yes,,
9980459,2023-08-22 15:58:59,173,723,7,128.0,0.2,Mobile Payment,Location D,15,Monday,34,8,716.8,281,Buy One Get One Free,No,,No
9980460,2023-04-09 19:00:45,187,2105,7,188.74,0.13,Credit Card,Location B,19,Tuesday,14,4,1149.43,358,20% Off,Yes,Summer,
9980461,2022-10-07 15:57:24,706,9727,10,335.55,0.16,Cash,,15,Friday,40,10,2818.62,836,20% Off,,Fall,
9980462,2023-10-27 13:56:23,709,2650,2,74.7,0.44,Mobile Payment,,13,Saturday,43,10,83.66,465,Flash Sale,Yes,Summer,Yes
9980463,2022-08-31 06:42:04,974,3941,5,192.22,0.32,Credit Card,Location C,6,Thursday,35,8,,448,20% Off,No,Fall,No
9980464,2022-02-26 15:53:34,577,8906,8,795.54,0.4,,Location D,15,Tuesday,8,2,3818.59,561,20% Off,,Spring,
9980465,2023-07-18 20:12:13,110,8697,4,783.07,0.2,Debit Card,Location D,20,Tuesday,29,7,2505.82,802,Buy One Get One Free,No,Summer,
9980466,2023-10-29 15:03:36,532,2938,4,143.84,0.34,Debit Card,Location D,15,Thursday,43,10,379.74,196,Flash Sale,Yes,Fall,No
9980467,2022-01-16 06:53:23,805,2926,10,974.98,0.46,Cash,Location B,6,Monday,2,1,5264.89,159,,Yes,Fall,No
9980468,2022-08-28 19:25:49,118,6969,3,342.89,0.08,,Location B,19,Tuesday,34,8,946.38,568,,No,Winter,Yes
9980469,2022-01-14 16:33:56,357,7847,9,587.13,0.06,,,16,Monday,2,1,4967.12,246,Flash Sale,,Summer,Yes
9980470,2022-11-07 13:40:58,392,947,4,854.19,0.46,Debit Card,Location C,,Tuesday,45,11,1845.05,326,Flash Sale,No,Fall,No
9980471,2022-02-28 07:55:03,255,3402,5,151.75,0.37,Cash,Location B,7,Tuesday,9,,478.01,327,Flash Sale,Yes,Summer,
9980472,2023-06-27 11:53:34,453,9213,4,561.11,0.03,Debit Card,Location C,11,Monday,26,6,2177.11,783,Buy One Get One Free,No,Summer,No
9980473,2023-04-14 08:32:20,145,1472,3,876.01,0.09,Mobile Payment,Location D,8,Friday,15,4,2391.51,391,,Yes,Summer,Yes
9980474,2023-12-04 20:02:38,273,3578,5,177.64,0.12,Mobile Payment,Location B,20,Tuesday,49,12,781.62,153,Flash Sale,Yes,Winter,Yes
9980475,2023-01-04 00:03:00,702,5035,1,142.36,0.41,Credit Card,Location B,0,Sunday,1,1,83.99,818,Buy One Get One Free,,Winter,
9980476,2023-03-17 05:32:16,511,5135,7,558.96,0.47,,Location C,5,Monday,11,3,2073.74,866,,Yes,Spring,No
9980477,2022-04-08 21:40:11,727,7187,8,462.64,0.32,Debit Card,,21,Tuesday,14,4,2516.76,302,Buy One Get One Free,No,Spring,No
9980478,2022-09-19 08:42:06,374,5405,1,236.27,0.08,,,,Tuesday,38,9,217.37,221,,No,Spring,Yes
9980479,2022-09-10 10:33:41,471,3981,10,708.91,0.09,,Location D,10,,36,9,6451.08,805,,No,Summer,
9980480,2022-05-28 07:41:06,210,4993,10,301.17,0.41,Mobile Payment,Location D,7,Friday,21,5,,349,Flash Sale,,Spring,
9980481,2022-03-01 08:31:16,78,9445,8,,0.02,Credit Card,Location D,8,Wednesday,,3,4160.84,63,Flash Sale,No,Summer,No
9980482,2023-03-05 05:24:41,102,707,3,838.66,0.26,Cash,Location B,5,Saturday,9,3,1861.83,499,Buy One Get One Free,,Summer,
9980483,2023-09-03 05:05:08,47,8053,2,32.82,0.01,Credit Card,Location C,5,Wednesday,,9,64.98,587,,,,No
9980484,2022-10-23 13:44:36,128,8237,10,167.8,0.15,,,13,Wednesday,42,10,1426.3,803,Buy One Get One Free,,Summer,Yes
9980485,2022-01-04 11:53:23,681,3416,1,993.34,0.29,Mobile Payment,Location A,11,Tuesday,1,1,705.27,868,20% Off,No,,Yes
9980486,2023-10-01 12:13:03,518,9311,7,687.75,0.41,Credit Card,Location D,12,Tuesday,39,10,2840.41,565,,Yes,,
9980487,,781,5448,3,939.48,0.43,Debit Card,Location C,7,Friday,30,9,1606.51,516,Flash Sale,Yes,,
9980488,2023-10-03 23:06:39,852,1633,5,443.98,0.43,Debit Card,Location A,23,Saturday,40,10,1265.34,726,Buy One Get One Free,No,Spring,
9980489,,774,846,10,729.63,0.34,Cash,Location B,11,Wednesday,46,,4815.56,635,Flash Sale,,Spring,Yes
9980490,2022-02-05 15:50:19,928,6155,2,602.05,0.11,Credit Card,Location A,15,Friday,5,2,1071.65,961,,,Winter,Yes
9980491,2023-07-29 21:59:04,488,2255,2,222.1,0.01,Credit Card,Location B,,Thursday,,7,439.76,213,,No,Fall,Yes
9980492,2023-07-10 04:08:43,543,1126,3,900.08,0.46,Debit Card,Location C,,,28,7,1458.13,291,,,Winter,Yes
9980493,2022-10-16 02:48:08,273,2654,2,921.19,0.16,Debit Card,Location B,2,Saturday,41,10,1547.6,827,,Yes,Fall,No
9980494,2023-09-30 02:38:32,851,5772,1,958.23,0.0,Mobile Payment,Location D,2,Sunday,39,9,958.23,799,Flash Sale,No,Spring,No
9980495,2022-11-09 13:31:25,656,8642,9,54.87,0.14,Cash,Location A,13,Monday,45,11,424.69,284,20% Off,Yes,Spring,
9980496,2022-09-29 11:57:51,760,3957,9,42.14,0.4,,Location B,11,Sunday,39,9,227.56,462,,No,Winter,No
9980497,,626,4726,7,648.95,0.2,Debit Card,Location C,22,Monday,34,12,3634.12,936,Buy One Get One Free,No,Summer,No
9980498,2022-05-10 13:45:55,128,2344,8,786.2,0.47,Mobile Payment,Location B,13,Thursday,19,5,,892,Flash Sale,,Summer,Yes
9980499,2022-10-18 22:26:02,158,1242,6,210.12,0.25,Debit Card,Location D,22,Thursday,42,10,945.54,711,20% Off,No,Fall,Yes
9980500,2023-02-18 01:58:33,286,7225,8,10.58,0.36,Debit Card,Location C,,Tuesday,7,2,54.17,14,,,,Yes
9980501,2023-06-07 20:13:24,131,5682,6,83.16,0.13,,Location B,20,,23,,,318,Flash Sale,Yes,Summer,
9980502,2022-04-16 19:40:50,118,4331,3,610.76,0.25,,Location D,19,,15,4,1374.21,622,,No,Fall,No
9980503,2022-07-13 01:46:06,10,1451,3,82.69,0.05,,Location C,,Tuesday,28,7,235.67,215,Buy One Get One Free,,Spring,
9980504,2022-02-13 07:34:04,595,8342,4,681.97,0.01,Credit Card,Location A,,Friday,6,2,2700.6,881,Buy One Get One Free,,Summer,No
9980505,2022-06-13 07:29:33,800,24,9,696.8,0.06,Credit Card,,7,Wednesday,24,6,5894.93,265,Buy One Get One Free,No,Summer,No
9980506,2023-06-29 13:02:41,411,2494,5,626.9,0.26,Credit Card,Location A,13,Friday,26,6,2319.53,877,20% Off,No,,Yes
9980507,2023-02-10 03:05:15,680,4349,6,448.02,0.23,Debit Card,Location A,3,Monday,6,2,2069.85,512,20% Off,,Fall,
9980508,2023-09-12 11:54:00,104,6538,9,317.05,0.28,Cash,Location A,11,,37,9,2054.48,915,20% Off,,Summer,No
9980509,2023-01-19 01:34:24,318,5392,5,861.33,0.0,Mobile Payment,Location C,1,Saturday,3,1,4306.65,784,Flash Sale,,Summer,Yes
9980510,2022-11-08 23:49:21,479,6789,7,765.12,0.11,,Location D,23,Sunday,45,11,4766.7,295,,Yes,Fall,
9980511,2022-07-08 07:39:08,845,4598,6,770.34,,Credit Card,Location B,7,Wednesday,27,7,4622.04,96,,No,Winter,
9980512,2023-11-02 16:39:39,853,6966,9,,0.49,Credit Card,Location B,16,,44,11,3502.65,809,,Yes,Winter,No
9980513,2022-11-29 03:50:56,142,5619,5,168.63,0.26,Cash,Location D,,Monday,48,11,,748,Buy One Get One Free,No,Winter,Yes
9980514,2022-06-14 14:16:38,756,1153,6,420.04,0.45,Debit Card,,14,Friday,24,6,1386.13,395,Flash Sale,Yes,Spring,No
9980515,2022-08-11 11:03:06,57,4652,6,,0.06,,Location A,11,Tuesday,32,8,420.08,503,20% Off,No,Summer,
9980516,2023-05-17 21:10:26,577,3870,10,249.96,0.1,Cash,Location D,21,Thursday,20,,2249.64,406,Buy One Get One Free,Yes,Fall,
9980517,2023-08-14 03:46:36,60,1077,8,712.02,0.31,Debit Card,Location C,3,Saturday,33,8,,935,Buy One Get One Free,Yes,Summer,Yes
9980518,2023-02-21 15:27:16,401,1209,6,381.37,0.47,Credit Card,Location D,15,Wednesday,8,2,1212.76,92,Buy One Get One Free,Yes,Spring,No
9980519,2023-09-15 04:45:04,51,2717,4,807.18,,,Location D,4,Thursday,37,9,3228.72,593,Buy One Get One Free,No,,No
9980520,2023-07-17 16:32:52,682,4976,9,928.63,,,Location C,16,,29,7,8357.67,505,Flash Sale,No,Spring,Yes
9980521,2022-09-24 12:34:25,201,5738,4,27.33,0.21,Debit Card,Location C,12,Monday,38,9,86.36,418,20% Off,,Summer,Yes
9980522,2022-03-18 20:09:55,157,2263,3,,,,Location D,20,Friday,11,3,2155.28,735,Buy One Get One Free,,Spring,Yes
9980523,2022-04-16 05:39:30,453,1375,5,378.69,0.27,Debit Card,,5,Sunday,15,4,1382.22,15,20% Off,,Spring,No
9980524,2023-08-06 18:09:50,381,6013,2,695.78,0.47,Cash,Location B,18,Saturday,31,,737.53,33,,Yes,Summer,
9980525,2023-12-13 15:44:44,342,5498,2,63.63,0.11,Credit Card,Location D,15,Wednesday,50,12,113.26,151,Buy One Get One Free,,Spring,No
9980526,2022-10-22 22:37:54,28,6186,1,644.02,0.03,,Location D,22,Wednesday,42,10,624.7,497,20% Off,Yes,,
9980527,2023-03-21 12:18:16,194,3091,6,471.41,0.25,,Location A,12,Monday,12,3,2121.35,989,Flash Sale,Yes,Summer,Yes
9980528,,755,6221,10,462.7,0.3,Mobile Payment,Location B,7,Monday,46,4,3238.9,77,,No,Summer,Yes
9980529,2022-03-04 18:22:44,938,642,2,,0.19,,Location B,18,Saturday,9,3,36.64,253,Buy One Get One Free,No,,
9980530,2023-06-20 17:06:42,255,1742,2,339.62,0.05,Credit Card,Location B,17,Wednesday,25,6,645.28,632,20% Off,,Spring,
9980531,2022-08-04 23:48:16,470,4667,4,,0.5,Mobile Payment,,23,Saturday,31,8,4599.48,616,20% Off,,Summer,No
9980532,2022-02-21 09:56:40,590,6387,3,,0.47,Mobile Payment,Location C,9,Friday,8,2,3522.61,710,,Yes,,
9980533,,212,1170,6,480.31,0.24,Cash,,,Thursday,49,6,2190.21,521,Buy One Get One Free,No,Fall,No
9980534,2022-07-25 07:15:48,194,7051,1,384.69,0.25,Debit Card,Location B,7,Sunday,30,7,288.52,294,,Yes,Spring,No
9980535,2023-10-27 14:43:40,490,8875,10,828.48,0.08,Debit Card,Location B,14,Sunday,43,10,7622.02,154,,Yes,Summer,No
9980536,2022-10-20 14:47:17,98,5493,7,231.2,0.43,Debit Card,Location A,14,Tuesday,42,10,922.49,138,20% Off,No,Fall,
9980537,2023-11-12 13:21:06,780,2374,5,362.72,0.49,Mobile Payment,Location C,13,Friday,45,11,924.94,846,Flash Sale,,Spring,Yes
9980538,2023-11-01 04:37:36,73,6463,9,552.32,0.09,Debit Card,,4,Saturday,44,11,4523.5,474,Flash Sale,No,Summer,Yes
9980539,2023-06-13 11:25:06,632,713,10,585.24,0.38,,Location C,11,Wednesday,24,6,3628.49,271,20% Off,,Fall,No
9980540,2022-10-27 09:56:57,539,4927,2,440.48,0.27,,Location C,9,Thursday,43,10,643.1,718,,No,Summer,Yes
9980541,2022-01-21 14:43:43,782,5981,1,947.89,0.2,,Location C,14,Saturday,,1,758.31,575,20% Off,,Winter,
9980542,,235,3518,5,595.67,0.49,Cash,Location B,16,Wednesday,34,12,1518.96,532,20% Off,No,Winter,No
9980543,2022-12-21 15:34:39,381,2563,6,899.15,0.12,Mobile Payment,Location D,15,Wednesday,51,12,4747.51,594,20% Off,Yes,,Yes
9980544,2022-06-04 11:11:28,331,9115,1,707.83,0.48,Mobile Payment,,11,Saturday,22,6,368.07,496,20% Off,,Fall,Yes
9980545,2023-02-23 21:32:53,866,7816,4,256.78,0.4,Credit Card,,21,Friday,8,2,616.27,22,Buy One Get One Free,,,
9980546,2023-02-24 17:02:07,979,4504,5,865.06,0.11,,Location A,17,Monday,8,2,3849.52,136,,No,Winter,Yes
9980547,2022-01-11 16:54:40,817,6565,3,497.64,0.07,Credit Card,Location D,,Thursday,2,1,1388.42,519,Flash Sale,Yes,,
9980548,2022-10-22 07:12:28,584,1333,10,696.91,0.14,Debit Card,,7,Wednesday,42,10,5993.43,878,Buy One Get One Free,,Spring,
9980549,2023-07-12 06:09:54,325,6535,8,688.15,0.02,,Location A,6,Sunday,28,7,5395.1,544,Flash Sale,No,Summer,Yes
9980550,2022-08-31 17:47:33,428,9558,8,447.52,0.32,Mobile Payment,Location D,17,Tuesday,35,8,2434.51,555,,,Spring,
9980551,2022-09-07 07:07:05,175,9560,7,249.14,0.16,Cash,Location D,7,Friday,36,9,1464.94,537,20% Off,,Spring,No
9980552,2022-02-06 10:59:59,313,9777,4,96.22,0.17,,Location B,10,Wednesday,5,2,319.45,618,Buy One Get One Free,,Winter,No
9980553,2023-01-06 00:24:17,690,3801,4,430.15,0.29,Debit Card,Location D,0,Tuesday,1,1,1221.63,899,,No,Summer,No
9980554,2022-12-23 05:09:50,638,61,9,484.72,0.04,Mobile Payment,Location D,5,Friday,51,12,4187.98,104,20% Off,Yes,Fall,No
9980555,2023-04-21 03:45:01,439,9214,9,963.35,0.46,Debit Card,Location C,3,Thursday,16,4,4681.88,150,Buy One Get One Free,,,No
9980556,2023-07-21 22:21:36,189,1100,6,845.58,0.22,Mobile Payment,Location D,22,Sunday,29,7,3957.31,225,Flash Sale,No,,Yes
9980557,2023-10-17 20:29:37,845,9760,7,139.09,0.17,,Location B,20,Saturday,42,10,808.11,413,20% Off,,Winter,
9980558,2022-07-03 06:45:55,742,7166,10,193.33,0.45,Credit Card,,6,Wednesday,26,7,1063.32,743,Buy One Get One Free,,Summer,No
9980559,2022-04-27 01:09:08,787,8157,3,514.61,0.1,,Location B,1,,17,4,1389.45,166,,No,Summer,
9980560,2022-03-23 15:27:35,2,7728,1,106.05,0.06,,Location A,15,Tuesday,12,3,99.69,54,Flash Sale,Yes,Fall,No
9980561,2022-08-06 18:21:12,152,1940,6,225.83,0.06,Mobile Payment,Location A,,Thursday,31,8,1273.68,374,,,,
9980562,2023-04-03 17:05:20,857,9391,9,800.58,0.46,Credit Card,Location A,17,,14,4,3890.82,757,20% Off,No,,No
9980563,2022-10-18 00:35:38,618,9197,10,460.08,,,Location D,0,Friday,42,10,4600.8,170,Flash Sale,Yes,Winter,No
9980564,2023-02-28 02:02:15,182,1202,5,121.69,0.37,,Location D,2,Saturday,9,2,383.32,222,Buy One Get One Free,,Summer,Yes
9980565,2023-11-17 19:10:00,578,689,6,600.43,0.45,Debit Card,Location A,19,Thursday,46,11,1981.42,162,20% Off,,,No
9980566,2023-07-22 13:38:49,116,1123,1,891.18,0.45,Debit Card,,,Saturday,,7,490.15,114,Flash Sale,No,,No
9980567,2023-12-17 08:35:54,252,9712,10,537.87,0.43,Mobile Payment,Location A,8,Thursday,50,12,3065.86,578,Buy One Get One Free,,Spring,Yes
9980568,2022-11-04 13:24:15,81,1074,3,842.6,,Cash,Location D,13,Thursday,,11,2527.8,586,Flash Sale,Yes,Winter,Yes
9980569,2022-12-11 03:46:52,124,4501,9,919.43,0.47,Debit Card,Location C,3,Tuesday,49,,4385.68,385,20% Off,No,Winter,Yes
9980570,2022-01-06 09:09:24,75,3993,3,326.98,0.49,Cash,Location B,9,Tuesday,1,1,500.28,14,20% Off,No,Spring,Yes
9980571,2023-10-14 01:39:04,226,420,10,,0.12,,Location A,1,Saturday,41,10,849.38,33,20% Off,Yes,Spring,No
9980572,2023-09-13 21:48:59,304,5825,10,830.86,0.37,Cash,Location A,21,Wednesday,37,9,5234.42,952,,,Winter,No
9980573,2022-12-17 22:53:24,356,3341,7,598.83,0.15,,Location A,22,,50,12,3563.04,335,Flash Sale,No,Summer,No
9980574,2023-02-16 11:56:08,465,4436,3,795.96,0.18,Credit Card,,11,Wednesday,7,,1958.06,450,,Yes,Fall,No
9980575,2023-10-17 02:08:54,747,7309,10,806.16,0.26,Cash,Location B,2,Thursday,42,10,5965.58,608,20% Off,,Summer,No
9980576,2022-05-13 08:32:37,130,5189,8,47.88,0.31,Credit Card,Location D,8,Monday,19,5,264.3,730,,Yes,Spring,
9980577,2022-11-01 16:44:06,169,2706,9,188.33,0.17,Mobile Payment,Location B,16,Tuesday,44,11,1406.83,976,Buy One Get One Free,No,Summer,No
9980578,2022-12-27 00:31:11,211,1024,2,499.42,0.18,Mobile Payment,Location B,0,Saturday,52,12,819.05,919,Flash Sale,,Summer,
9980579,2022-10-23 23:24:54,544,6525,10,674.94,0.23,,Location D,,Wednesday,42,10,5197.04,709,Flash Sale,Yes,Fall,
9980580,2023-03-01 14:49:32,312,9548,7,550.8,0.26,,Location D,14,Saturday,9,3,2853.14,800,,Yes,Fall,No
9980581,2022-04-29 20:48:21,706,3533,4,5.81,0.12,Debit Card,,20,Wednesday,,4,20.45,731,20% Off,No,Spring,Yes
9980582,2023-02-24 03:12:33,966,5361,7,464.21,0.18,Credit Card,Location A,3,Thursday,8,2,2664.57,799,Flash Sale,Yes,Fall,No
9980583,2022-01-26 08:44:56,671,8393,5,760.15,0.41,Credit Card,,8,Thursday,4,1,2242.44,496,,No,Fall,
9980584,,841,4858,7,948.81,0.15,Cash,,19,,4,8,5645.42,203,20% Off,,,No
9980585,2023-03-08 14:41:19,454,3834,2,556.58,0.28,Mobile Payment,Location B,14,Saturday,10,3,801.48,418,Flash Sale,Yes,Winter,Yes
9980586,2022-06-13 22:50:19,457,8235,3,144.6,0.13,Credit Card,Location B,22,Tuesday,24,,377.41,728,,,Spring,No
9980587,2023-05-23 22:26:35,404,6284,10,877.73,0.28,Credit Card,Location C,22,Tuesday,21,5,,80,20% Off,Yes,Fall,No
9980588,2023-11-09 07:47:10,971,8663,7,22.37,0.48,Cash,Location D,7,Wednesday,45,11,81.43,440,,No,,No
9980589,2023-10-19 17:08:33,527,3006,9,902.02,0.01,Mobile Payment,Location D,17,Monday,42,10,8037.0,902,Buy One Get One Free,No,Winter,Yes
9980590,2022-12-16 08:05:32,907,937,3,694.56,0.07,Debit Card,,8,Wednesday,50,12,1937.82,136,Buy One Get One Free,,Spring,No
9980591,2023-03-24 20:37:35,960,3349,4,92.27,0.31,,Location C,20,Thursday,12,3,254.67,676,,No,Winter,No
9980592,,282,9427,4,368.3,0.04,,Location A,,Wednesday,22,11,1414.27,591,20% Off,Yes,Winter,Yes
9980593,2023-10-12 01:23:42,594,5319,7,843.03,0.5,Debit Card,Location B,1,Tuesday,41,10,2950.61,131,,No,,
9980594,2022-02-02 01:52:44,3,594,9,953.55,0.28,Credit Card,Location A,1,Sunday,,2,6179.0,779,Buy One Get One Free,Yes,,
9980595,2023-11-23 14:06:53,390,8014,7,516.88,0.31,Debit Card,Location D,14,,47,11,2496.53,659,,Yes,Summer,No
9980596,2023-01-19 01:15:59,149,6289,3,463.89,0.44,,Location D,1,Wednesday,3,1,779.34,273,20% Off,,Fall,No
9980597,2022-01-16 08:31:06,252,5718,6,949.71,0.03,Mobile Payment,Location B,8,Thursday,2,1,5527.31,556,Flash Sale,,,No
9980598,2023-08-04 01:48:09,565,4213,3,8.02,0.37,Debit Card,,1,Sunday,31,8,15.16,733,,No,Summer,
9980599,2022-01-02 22:53:44,962,3058,4,882.9,0.0,,Location C,22,Saturday,52,1,3531.6,923,Buy One Get One Free,,,
9980600,2023-03-18 12:47:35,888,1583,5,384.92,0.19,,Location C,12,Thursday,11,3,1558.93,348,Buy One Get One Free,Yes,Summer,
9980601,2023-12-17 02:48:05,786,1175,4,497.79,0.48,,Location B,2,Thursday,50,12,1035.4,10,20% Off,Yes,Winter,No
9980602,2023-12-26 05:41:44,370,2614,3,897.4,0.27,Credit Card,Location D,5,Friday,52,12,1965.31,669,Flash Sale,,Winter,Yes
9980603,2023-09-23 20:27:17,827,8834,2,767.27,0.23,Debit Card,Location A,20,Wednesday,38,9,1181.6,532,Buy One Get One Free,No,Spring,Yes
9980604,2023-02-15 05:29:24,32,4068,1,281.75,0.25,Debit Card,Location D,5,Tuesday,7,2,211.31,280,,,,Yes
9980605,2023-03-20 03:10:12,154,8297,8,,0.41,Debit Card,Location B,3,,12,3,2154.64,421,,Yes,Winter,
9980606,,663,1009,9,386.61,0.19,Cash,Location A,12,Sunday,43,11,2818.39,716,,Yes,Winter,
9980607,2023-03-31 19:38:31,189,8738,4,184.76,0.45,Credit Card,Location B,19,,13,3,406.47,627,20% Off,Yes,,
9980608,2023-02-21 19:23:41,510,8318,1,60.08,0.49,Mobile Payment,Location B,19,Wednesday,8,2,30.64,3,,No,Summer,
9980609,2022-09-06 06:35:22,636,4165,3,533.12,0.27,Mobile Payment,Location C,6,Wednesday,,9,1167.53,396,,,Fall,
9980610,2023-09-20 04:11:59,454,2219,7,770.82,0.35,,Location B,,Saturday,38,9,3507.23,729,,No,,
9980611,2023-12-11 19:43:03,208,4659,8,430.05,0.18,,,19,Tuesday,50,12,2821.13,196,20% Off,,,No
9980612,2022-03-02 09:58:45,225,7789,10,441.1,0.22,,Location A,9,Sunday,9,3,3440.58,202,Buy One Get One Free,,Spring,
9980613,2023-05-01 15:21:16,6,1896,7,902.77,0.06,,,15,Monday,18,5,,871,Buy One Get One Free,,Fall,
9980614,2023-05-23 16:20:19,471,8649,1,781.81,0.14,Debit Card,,16,Monday,21,5,672.36,447,20% Off,Yes,Summer,Yes
9980615,,677,1981,8,699.62,,Mobile Payment,Location C,8,,30,3,,927,Buy One Get One Free,,,
9980616,2023-06-13 21:26:57,674,5469,4,550.77,0.14,,Location A,,Monday,,6,1894.65,834,Buy One Get One Free,No,Spring,
9980617,2023-07-04 16:45:33,178,117,9,468.27,0.03,Cash,,16,,27,7,,584,Flash Sale,No,Spring,No
9980618,2023-05-12 18:21:05,519,945,8,515.31,0.02,Credit Card,Location C,18,Tuesday,,5,4040.03,602,,Yes,,Yes
9980619,2022-01-25 03:14:03,978,3526,2,317.32,0.25,,Location C,3,Thursday,4,1,475.98,922,Flash Sale,Yes,Fall,
9980620,2023-07-25 10:18:46,568,2703,2,639.45,0.02,Mobile Payment,Location B,10,Monday,30,7,1253.32,585,Buy One Get One Free,Yes,Summer,
9980621,2022-01-18 04:01:12,789,883,4,352.66,0.42,Mobile Payment,Location C,4,Monday,3,1,,923,,,Summer,
9980622,2022-09-13 04:10:07,61,4307,5,429.13,0.32,Credit Card,Location C,4,Thursday,37,9,1459.04,922,20% Off,Yes,Spring,
9980623,2022-02-06 05:37:50,100,2168,8,894.0,,Cash,Location D,5,Sunday,5,2,7152.0,614,20% Off,No,Winter,No
9980624,2022-04-27 13:13:36,647,9792,10,73.39,0.21,Cash,Location C,13,Sunday,17,4,579.78,515,20% Off,No,Fall,
9980625,2023-01-26 11:50:30,334,1564,8,484.41,0.27,,Location D,11,,4,1,2828.95,342,Buy One Get One Free,Yes,Spring,Yes
9980626,2023-01-20 10:21:38,463,9400,7,645.69,0.49,Cash,Location B,10,Saturday,3,1,2305.11,703,,,,
9980627,2023-10-04 11:08:35,173,1292,7,484.28,0.38,Mobile Payment,Location D,11,Wednesday,40,10,2101.78,372,20% Off,Yes,,Yes
9980628,2023-02-12 05:43:53,881,3156,4,818.61,0.06,Cash,,5,Wednesday,6,2,3077.97,581,Buy One Get One Free,,Fall,Yes
9980629,2023-09-04 13:33:10,866,2600,4,415.03,0.14,Debit Card,Location B,13,Sunday,36,9,1427.7,971,,Yes,,Yes
9980630,2023-12-30 20:58:47,794,7781,1,74.73,,Debit Card,Location C,20,Sunday,,,74.73,780,,Yes,Fall,No
9980631,2023-08-25 06:49:40,367,7926,8,453.26,0.37,Credit Card,Location D,6,Thursday,34,8,2284.43,806,,Yes,Spring,
9980632,2022-10-07 12:33:35,160,5889,10,,0.41,Debit Card,Location A,12,Thursday,,10,3678.79,433,20% Off,Yes,Fall,Yes
9980633,2022-03-24 00:31:43,319,3494,5,704.22,0.12,Cash,Location B,0,,12,3,,613,Buy One Get One Free,No,Winter,Yes
9980634,2022-08-11 10:20:54,974,3944,9,371.05,0.07,Credit Card,Location D,10,Thursday,32,8,3105.69,982,Buy One Get One Free,No,Fall,
9980635,2023-09-05 17:53:06,652,7758,8,702.27,0.38,Mobile Payment,Location C,17,Saturday,36,9,3483.26,910,Flash Sale,,Fall,
9980636,2022-01-16 12:32:38,353,1660,2,971.28,0.05,Cash,,12,Wednesday,2,1,1845.43,375,Flash Sale,No,Fall,No
9980637,2023-02-01 02:24:21,615,8907,10,911.57,0.33,,Location D,2,Saturday,5,2,6107.52,617,20% Off,Yes,Fall,
9980638,2022-08-16 05:22:18,640,7261,8,232.03,,Credit Card,Location C,5,Sunday,33,8,1856.24,634,Flash Sale,No,Fall,Yes
9980639,2022-01-09 14:52:38,554,5256,6,484.88,0.18,Mobile Payment,Location C,14,,1,1,2385.61,307,20% Off,,Spring,Yes
9980640,2022-03-18 16:58:02,89,45,5,574.46,0.21,Mobile Payment,Location D,16,,11,3,2269.12,114,Flash Sale,Yes,,Yes
9980641,2022-05-03 02:09:34,902,4360,9,594.48,0.43,Cash,,2,Wednesday,18,5,3049.68,291,Buy One Get One Free,Yes,,
9980642,2022-06-10 14:22:48,684,7939,8,525.56,0.35,Credit Card,Location B,14,Wednesday,23,6,2732.91,466,20% Off,Yes,Winter,
9980643,2022-12-28 09:54:26,811,5009,9,308.76,0.21,Credit Card,Location A,9,Saturday,52,12,2195.28,731,Buy One Get One Free,Yes,Spring,
9980644,,380,4186,7,,0.46,Debit Card,Location D,17,Saturday,19,6,136.96,633,Buy One Get One Free,,Spring,Yes
9980645,,438,519,3,462.96,0.4,Debit Card,Location A,1,Friday,12,11,833.33,149,,No,,Yes
9980646,2022-08-12 18:32:19,410,1885,6,978.28,0.28,Debit Card,Location B,18,Friday,32,8,4226.17,383,Buy One Get One Free,Yes,Spring,
9980647,2022-11-24 23:56:21,157,7723,4,67.36,0.45,Cash,Location B,23,Tuesday,47,11,148.19,56,20% Off,,Winter,
9980648,2022-01-29 03:12:13,575,5111,1,132.58,0.14,Debit Card,Location A,,,4,1,114.02,838,Flash Sale,,Winter,No
9980649,2022-05-21 07:54:45,886,3790,3,314.73,0.04,Credit Card,Location A,7,,20,5,906.42,251,Buy One Get One Free,No,Summer,
9980650,2022-09-29 07:27:29,679,8385,6,230.65,0.35,Credit Card,Location A,7,Tuesday,39,9,899.54,642,20% Off,Yes,,
9980651,2022-08-31 01:42:54,631,5238,4,839.35,0.45,,Location D,1,Saturday,,8,1846.57,781,Buy One Get One Free,,Fall,No
9980652,2023-05-05 12:55:00,692,658,2,,0.29,Credit Card,,12,Wednesday,18,5,1887.01,699,Buy One Get One Free,,,No
9980653,2023-09-27 18:05:36,899,929,2,429.59,0.01,Cash,,18,Monday,39,9,850.59,593,Buy One Get One Free,No,Spring,Yes
9980654,2022-10-17 15:46:55,528,298,10,53.17,0.36,Credit Card,Location C,15,Wednesday,42,10,340.29,864,Flash Sale,No,Winter,No
9980655,2022-04-24 22:11:24,668,9709,6,336.45,0.09,Credit Card,Location B,22,Saturday,16,4,1837.02,310,Flash Sale,Yes,Fall,Yes
9980656,2022-07-14 07:27:38,69,1779,8,114.36,0.38,Mobile Payment,Location C,7,,,7,567.23,437,Flash Sale,Yes,Spring,No
9980657,2023-08-16 04:25:19,799,7812,9,120.42,0.07,Cash,Location B,4,Thursday,33,8,1007.92,68,20% Off,,Fall,
9980658,2023-04-13 23:02:24,12,189,7,172.19,0.03,Debit Card,Location A,23,Monday,15,4,,407,20% Off,,Winter,No
9980659,2023-11-14 22:28:51,704,6500,6,857.64,0.26,,Location D,22,,46,11,3807.92,358,20% Off,,Spring,
9980660,2023-10-16 13:34:42,137,1275,7,630.8,0.44,Debit Card,Location A,13,Sunday,42,10,2472.74,668,20% Off,Yes,Spring,Yes
9980661,2022-09-11 08:57:34,421,2873,10,968.19,0.23,Cash,Location B,8,Friday,36,9,7455.06,937,,,Summer,No
9980662,2023-09-29 00:38:20,354,8245,8,200.58,0.1,Credit Card,Location C,0,,39,9,1444.18,16,Buy One Get One Free,,Summer,No
9980663,2022-09-03 18:56:24,957,1195,3,300.88,0.16,Credit Card,Location A,18,Sunday,35,9,758.22,967,20% Off,,Summer,
9980664,2023-02-22 13:51:41,488,4146,8,239.25,0.37,Debit Card,,13,Wednesday,8,2,,754,20% Off,Yes,Winter,No
9980665,2023-09-13 17:57:02,387,5403,4,66.03,0.18,Credit Card,,17,Sunday,,9,216.58,732,Buy One Get One Free,No,Spring,No
9980666,2023-02-23 22:07:09,874,3588,5,488.76,0.43,Cash,,22,Monday,8,2,1392.97,809,,No,,Yes
9980667,2022-08-31 21:43:23,414,3779,10,683.71,0.46,,Location D,21,Tuesday,35,8,3692.03,60,Buy One Get One Free,Yes,,No
9980668,2022-05-25 17:07:08,410,7895,9,769.09,0.06,Debit Card,Location C,17,Wednesday,21,5,6506.5,153,20% Off,Yes,Fall,No
9980669,2022-04-07 01:07:09,64,2443,1,,0.28,Debit Card,,1,Friday,14,4,1127.45,544,Buy One Get One Free,No,,
9980670,2022-01-23 16:19:34,516,3294,7,435.08,0.38,Cash,Location A,16,Monday,,1,1888.25,867,Flash Sale,No,Spring,Yes
9980671,2022-05-27 13:41:48,240,4397,8,854.47,0.04,,Location A,13,Sunday,21,5,,998,20% Off,No,,Yes
9980672,2022-09-22 21:42:15,828,5812,7,,0.09,Mobile Payment,Location A,21,Wednesday,38,9,1674.35,782,Flash Sale,,Summer,No
9980673,2023-12-05 14:45:30,856,2587,4,30.37,0.49,Cash,Location D,14,Saturday,49,12,61.95,347,20% Off,Yes,,No
9980674,2022-09-19 18:43:40,151,4504,1,270.0,0.44,Mobile Payment,Location A,18,Saturday,38,9,,830,Buy One Get One Free,No,Fall,Yes
9980675,2023-07-26 06:23:41,782,3150,8,126.43,0.23,Debit Card,,6,Monday,30,7,778.81,129,,,Summer,No
9980676,2023-06-13 20:06:20,37,4835,7,699.33,0.01,Credit Card,Location A,20,,,6,,401,Flash Sale,Yes,Summer,
9980677,,288,9282,4,980.48,0.31,Credit Card,Location A,22,Sunday,21,7,2706.12,716,Buy One Get One Free,Yes,Winter,Yes
9980678,2022-01-07 16:53:28,213,7304,5,538.89,0.49,Mobile Payment,,16,Friday,1,1,1374.17,588,Buy One Get One Free,No,Spring,
9980679,2022-06-29 05:28:19,931,4058,2,,0.22,Cash,,5,,26,6,365.31,702,,Yes,Summer,
9980680,2023-08-30 12:08:24,382,1316,9,498.01,0.45,Debit Card,Location D,12,Wednesday,35,8,2465.15,111,20% Off,,Spring,
9980681,2023-11-20 17:31:06,706,6429,5,219.51,0.04,Cash,Location C,17,,47,11,1053.65,582,,No,Fall,
9980682,2022-02-11 15:25:07,604,5849,4,535.77,0.0,Credit Card,Location A,,Monday,6,2,2143.08,171,20% Off,Yes,Fall,Yes
9980683,2023-12-30 09:26:27,177,74,6,998.76,0.43,Cash,Location A,9,Wednesday,52,12,3415.76,41,Buy One Get One Free,,Winter,Yes
9980684,2023-08-13 22:23:32,975,9059,9,148.63,0.28,Mobile Payment,Location C,22,Thursday,32,8,963.12,271,Buy One Get One Free,,Summer,
9980685,2023-02-15 11:27:04,969,8695,2,637.51,0.09,Cash,Location B,11,Tuesday,,2,1160.27,550,,Yes,Summer,
9980686,2022-05-15 05:02:08,662,4646,5,83.4,0.16,Debit Card,Location B,5,Sunday,19,5,350.28,993,Buy One Get One Free,,Winter,
9980687,2022-12-23 19:28:05,361,3789,8,112.53,0.05,Debit Card,Location B,19,Sunday,51,12,855.23,168,,No,Fall,Yes
9980688,2023-01-31 20:30:21,667,2349,7,863.88,0.26,Credit Card,Location C,20,Wednesday,5,1,4474.9,607,,Yes,Fall,No
9980689,2023-02-28 07:57:04,740,92,1,115.37,0.05,Cash,Location C,7,Wednesday,9,2,,876,Flash Sale,No,Winter,
9980690,,852,3135,2,137.87,0.45,Cash,Location C,9,Saturday,5,8,151.66,798,Flash Sale,Yes,Summer,
9980691,2023-07-08 03:10:47,386,3383,4,,0.41,,,3,Tuesday,27,7,3238.59,207,20% Off,No,Fall,
9980692,2022-01-24 20:39:03,765,8267,3,932.64,0.34,Credit Card,Location A,20,Saturday,4,1,1846.63,133,Buy One Get One Free,,Fall,No
9980693,2023-07-02 08:46:35,547,6032,3,174.88,0.16,Debit Card,,8,Monday,,7,440.7,670,20% Off,Yes,Spring,No
9980694,2022-04-03 16:09:11,777,7832,5,487.23,0.17,Mobile Payment,Location C,16,Friday,13,4,2022.0,546,Flash Sale,,Winter,
9980695,2022-10-16 08:34:03,246,9463,4,379.6,0.42,Debit Card,,8,Thursday,41,10,880.67,123,Flash Sale,Yes,,No
9980696,2022-03-05 04:33:13,429,4355,7,742.69,0.09,Credit Card,Location B,4,Tuesday,9,3,4730.94,926,Flash Sale,,Fall,No
9980697,2022-03-01 15:52:13,523,4843,4,933.38,0.47,Cash,Location B,15,Thursday,9,3,1978.77,791,Flash Sale,No,Spring,No
9980698,2023-06-07 18:22:32,244,360,5,84.2,0.05,Debit Card,Location D,18,Tuesday,23,6,399.95,292,20% Off,Yes,Winter,No
9980699,2022-08-29 03:21:21,35,9737,9,749.27,0.06,Credit Card,Location A,3,,35,8,6338.82,479,20% Off,,Fall,Yes
9980700,2023-03-25 16:42:33,110,9324,8,617.0,0.27,Cash,Location D,16,Sunday,12,3,3603.28,422,Buy One Get One Free,No,Winter,
9980701,2022-06-13 20:22:57,745,2799,10,312.14,0.33,Credit Card,Location A,20,Thursday,24,6,2091.34,441,20% Off,Yes,Winter,
9980702,2022-12-09 21:15:50,310,7365,9,597.42,0.34,Debit Card,Location B,,Wednesday,49,12,3548.67,143,20% Off,Yes,Summer,Yes
9980703,2023-03-25 20:17:48,613,9245,8,567.81,0.12,Mobile Payment,Location B,20,Sunday,12,3,3997.38,463,20% Off,,Winter,
9980704,2022-02-26 02:24:00,983,7831,9,980.62,0.06,,Location B,2,Wednesday,8,2,8296.05,644,,No,Fall,
9980705,2023-05-10 02:06:25,322,5737,8,124.82,0.34,Mobile Payment,,2,Saturday,19,5,659.05,841,Buy One Get One Free,Yes,,No
9980706,2023-07-04 09:39:20,890,9237,8,763.57,0.48,Debit Card,Location C,9,Saturday,27,7,3176.45,919,Flash Sale,No,Summer,Yes
9980707,2022-04-15 05:13:08,904,1207,8,271.1,0.25,Credit Card,Location D,5,Monday,15,4,1626.6,848,,No,Spring,
9980708,2022-11-17 01:03:19,186,2228,1,463.31,0.27,,Location C,1,Saturday,46,11,338.22,261,,No,Fall,No
9980709,2023-08-06 10:10:41,230,5201,10,555.82,0.48,,Location C,10,Wednesday,31,8,2890.26,67,Buy One Get One Free,Yes,Fall,
9980710,2022-09-27 00:21:15,436,8486,1,937.12,0.29,Mobile Payment,Location C,0,Saturday,39,9,665.36,943,20% Off,Yes,Spring,No
9980711,2022-07-20 06:30:22,258,6243,5,243.55,,Mobile Payment,Location A,6,Friday,29,7,1217.75,195,Flash Sale,No,Spring,
9980712,2023-10-14 16:53:41,601,6196,7,253.17,0.39,Cash,,16,Sunday,41,10,1081.04,579,,No,,
9980713,2022-01-11 13:14:05,662,7432,7,504.09,,Cash,,13,Saturday,2,1,3528.63,923,20% Off,Yes,,Yes
9980714,2022-07-14 07:48:56,415,5836,9,848.42,0.12,,Location A,7,Tuesday,28,7,6719.49,605,Flash Sale,No,Fall,
9980715,2022-03-21 02:45:27,36,1961,6,222.66,0.36,,Location B,2,Saturday,12,3,855.01,474,Buy One Get One Free,No,Summer,
9980716,2023-06-06 05:24:33,587,6173,3,,0.39,Credit Card,Location B,5,Saturday,23,6,4108.96,126,,Yes,Summer,
9980717,2023-07-13 17:26:56,489,7903,4,167.27,0.22,Debit Card,Location C,17,Monday,28,7,521.88,243,20% Off,No,Fall,
9980718,2023-07-18 15:58:58,468,6444,4,335.98,0.45,Credit Card,Location A,15,Wednesday,29,7,739.16,103,Buy One Get One Free,Yes,Fall,Yes
9980719,2023-06-15 19:28:56,460,6978,1,317.85,0.08,,Location A,19,,24,6,292.42,969,Buy One Get One Free,,,
9980720,2022-03-31 20:07:35,212,4894,7,852.93,0.04,Cash,Location C,20,Monday,13,3,5731.69,515,20% Off,,,
9980721,2022-07-30 00:58:18,768,9509,7,549.71,0.31,,,0,Thursday,30,7,2655.1,363,Flash Sale,,,
9980722,2023-05-06 21:52:50,621,6412,7,191.56,0.15,Credit Card,Location D,21,,18,5,1139.78,179,20% Off,Yes,,
9980723,,304,844,2,651.21,0.15,Debit Card,Location D,17,Sunday,27,4,1107.06,781,20% Off,No,Summer,Yes
9980724,2023-09-09 11:21:15,518,445,7,879.94,0.2,Cash,Location A,11,Tuesday,36,,4927.66,966,20% Off,No,Spring,Yes
9980725,2023-01-14 16:57:09,41,4620,7,586.99,0.22,Debit Card,Location D,16,Monday,2,1,3204.97,339,Buy One Get One Free,,Winter,
9980726,2023-03-15 19:29:26,407,1399,10,308.76,0.41,Credit Card,Location A,19,Wednesday,11,3,1821.68,675,Buy One Get One Free,No,Summer,Yes
9980727,2022-06-04 05:23:06,810,8697,7,814.05,0.37,Cash,,5,Wednesday,22,6,3589.96,125,Buy One Get One Free,Yes,Fall,
9980728,2023-05-16 18:46:53,970,5226,7,188.69,0.17,Credit Card,Location A,18,Saturday,20,5,1096.29,949,Flash Sale,,Spring,
9980729,2022-03-24 22:37:20,809,8122,4,206.17,0.36,Debit Card,Location B,22,Wednesday,12,3,,356,Flash Sale,,Winter,Yes
9980730,2023-07-18 03:04:54,758,4660,9,354.49,0.17,Debit Card,Location A,3,Sunday,29,7,2648.04,772,,No,Fall,No
9980731,2022-12-15 07:08:09,482,5110,4,684.72,0.23,Cash,Location D,7,Wednesday,50,12,2108.94,109,Buy One Get One Free,,Winter,No
9980732,2023-02-27 14:35:15,190,4298,6,174.97,0.36,,Location A,14,Sunday,,2,671.88,51,Flash Sale,Yes,Summer,
9980733,2022-11-22 10:55:28,655,6110,8,531.78,0.28,,Location A,10,,47,11,3063.05,639,Flash Sale,,Fall,
9980734,2023-10-18 12:09:51,584,8954,10,,0.37,Credit Card,Location B,12,Monday,42,10,1368.41,251,20% Off,No,Fall,Yes
9980735,2022-05-14 04:08:02,230,8602,3,358.57,,Mobile Payment,Location A,4,Sunday,19,5,1075.71,615,Flash Sale,,Fall,Yes
9980736,2022-07-29 15:50:58,482,6731,10,,0.07,Credit Card,Location D,15,Sunday,30,7,2174.48,278,,No,Spring,No
9980737,2022-12-27 11:27:42,638,4342,2,524.51,0.17,Credit Card,Location A,11,Saturday,52,,870.69,379,20% Off,No,Summer,Yes
9980738,,1,6976,7,682.21,0.42,Cash,Location B,10,Sunday,13,3,2769.77,454,Buy One Get One Free,Yes,Winter,No
9980739,2023-11-15 10:08:54,174,3515,4,359.64,0.12,Mobile Payment,Location B,10,,46,11,1265.93,312,Flash Sale,No,Fall,Yes
9980740,2023-01-09 00:16:16,427,8812,8,779.23,0.34,Cash,Location A,0,Thursday,2,1,4114.33,50,Buy One Get One Free,No,Spring,
9980741,2022-11-19 23:30:00,666,6554,2,691.99,0.43,Credit Card,Location D,23,Friday,46,11,788.87,24,Buy One Get One Free,No,Winter,Yes
9980742,2022-12-21 12:05:38,304,932,4,479.95,0.01,,,,,51,12,1900.6,78,,No,,
9980743,2022-11-04 13:07:05,91,5682,4,665.64,0.02,Debit Card,,,Tuesday,44,11,2609.31,473,Buy One Get One Free,Yes,,
9980744,2022-06-27 15:48:30,335,9689,4,302.63,0.41,Mobile Payment,Location B,15,Wednesday,26,6,714.21,82,,,Summer,Yes
9980745,2023-10-30 09:48:46,415,1446,9,,,Cash,Location C,9,Saturday,44,10,4117.71,17,Buy One Get One Free,Yes,Winter,Yes
9980746,2023-02-07 10:50:15,8,7256,5,295.21,0.09,Cash,Location A,10,,6,2,1343.21,158,Flash Sale,Yes,Spring,Yes
9980747,2023-05-31 20:24:32,435,5100,9,868.65,0.05,Cash,Location C,20,Thursday,22,5,7426.96,67,20% Off,No,Winter,
9980748,2022-03-24 19:11:44,530,5173,3,258.16,0.47,Mobile Payment,Location B,19,Wednesday,,3,410.47,355,Flash Sale,Yes,Winter,Yes
9980749,2022-05-13 14:07:17,813,5050,9,742.65,0.42,Cash,Location A,14,Wednesday,19,5,3876.63,787,20% Off,No,,No
9980750,2022-01-08 22:23:44,368,9925,1,260.7,,Credit Card,Location B,22,Friday,1,1,260.7,535,Flash Sale,Yes,Spring,
9980751,2022-07-04 01:23:09,797,2776,6,554.97,0.27,Cash,,1,Friday,27,7,2430.77,435,Buy One Get One Free,Yes,Winter,No
9980752,2023-09-27 08:42:42,554,383,8,47.11,0.34,,Location B,8,Thursday,39,9,248.74,467,Buy One Get One Free,,Spring,Yes
9980753,2022-08-20 11:55:45,427,7062,9,780.08,0.16,,,11,Friday,33,8,5897.4,39,Flash Sale,Yes,,
9980754,2023-11-26 07:24:09,112,1812,3,847.06,0.0,,Location D,7,Wednesday,47,11,2541.18,974,Flash Sale,,Winter,
9980755,2022-07-30 07:28:37,658,3770,6,95.76,0.41,Debit Card,Location C,7,Sunday,30,7,338.99,731,Flash Sale,Yes,Fall,
9980756,2023-02-12 04:40:20,503,1540,6,291.31,0.42,Credit Card,,4,Friday,6,2,1013.76,302,20% Off,No,,Yes
9980757,2022-09-11 12:08:19,134,9091,7,6.18,0.27,,Location C,12,Wednesday,36,9,31.58,929,Flash Sale,No,,
9980758,2022-02-10 23:17:28,977,4905,6,404.28,0.18,Cash,Location C,23,Sunday,6,2,1989.06,37,20% Off,,Winter,No
9980759,2022-09-05 01:31:36,204,4092,2,689.41,0.14,,,1,Monday,36,9,1185.79,215,20% Off,Yes,,
9980760,,551,1873,2,329.78,0.18,Debit Card,Location C,18,,31,8,540.84,471,,No,,No
9980761,2022-12-29 03:23:10,957,2626,10,870.08,0.03,Cash,Location C,3,Friday,52,12,8439.78,422,,Yes,Winter,Yes
9980762,2022-08-31 17:52:24,559,9690,3,74.57,0.36,,Location D,17,Sunday,35,8,143.17,874,Flash Sale,Yes,Summer,Yes
9980763,2023-09-27 03:23:56,425,986,9,565.1,0.32,,Location A,3,Saturday,39,9,3458.41,904,Buy One Get One Free,No,Fall,
9980764,2022-05-15 17:26:44,244,4079,5,691.56,0.06,Credit Card,,17,Wednesday,19,5,3250.33,346,20% Off,,Fall,No
9980765,2023-12-02 03:12:09,474,9967,6,438.56,0.32,Credit Card,Location D,3,Monday,,12,1789.32,395,Flash Sale,Yes,,Yes
9980766,2023-01-22 12:58:01,285,8525,4,411.54,0.37,Credit Card,Location B,12,,3,1,1037.08,238,Flash Sale,,Winter,
9980767,2022-11-22 04:56:34,223,7184,10,773.18,0.24,Debit Card,,4,Tuesday,47,11,5876.17,731,,,Winter,
9980768,2023-10-12 22:35:35,499,5623,10,768.76,0.4,Debit Card,,22,Monday,,10,4612.56,913,Buy One Get One Free,,Winter,No
9980769,2022-01-28 19:54:10,914,2021,4,400.91,0.45,Cash,Location D,19,Tuesday,4,1,882.0,272,,Yes,Spring,
9980770,2023-06-14 23:58:23,504,7780,10,184.34,0.14,Cash,Location A,23,Thursday,24,6,1585.32,668,Buy One Get One Free,No,Summer,No
9980771,2022-09-23 03:20:24,348,8277,6,809.77,0.16,Credit Card,Location D,3,Saturday,38,9,4081.24,427,,No,Spring,No
9980772,2022-03-01 21:22:40,85,150,5,981.65,0.18,Debit Card,Location D,21,Friday,,3,4024.77,910,Flash Sale,Yes,Winter,Yes
9980773,2023-11-06 02:58:19,487,4242,1,400.52,0.39,,Location A,2,Wednesday,45,11,244.32,511,Flash Sale,No,Winter,
9980774,2022-12-21 22:59:07,413,4054,8,580.43,0.13,Credit Card,Location A,22,Friday,51,12,4039.79,160,Buy One Get One Free,Yes,Winter,
9980775,2023-10-06 21:04:54,576,109,6,19.69,0.24,Mobile Payment,Location A,21,Tuesday,40,10,89.79,188,,Yes,Spring,
9980776,2022-04-22 23:51:41,968,5872,3,27.51,,Mobile Payment,Location A,23,Tuesday,16,4,82.53,262,20% Off,No,Spring,
9980777,2022-12-29 08:42:20,825,8721,3,412.96,0.33,Cash,Location D,8,Tuesday,52,12,830.05,245,,Yes,Fall,No
9980778,2023-12-14 01:32:45,667,2705,1,273.17,0.13,Cash,Location D,1,Friday,50,12,237.66,434,20% Off,,Spring,
9980779,2023-08-24 02:55:51,786,5308,4,163.86,0.25,Mobile Payment,,2,,34,8,491.58,325,20% Off,,Spring,Yes
9980780,2022-04-27 05:14:19,724,6655,9,637.26,0.48,Debit Card,Location C,5,Sunday,,4,2982.38,526,Flash Sale,Yes,Summer,
9980781,2022-01-04 03:13:38,331,5379,2,,0.4,Debit Card,Location C,3,Thursday,1,1,,632,Buy One Get One Free,No,Winter,No
9980782,2023-09-11 17:06:36,768,8241,7,896.07,0.33,Mobile Payment,Location D,17,Tuesday,37,9,4202.57,905,Flash Sale,No,Winter,Yes
9980783,2022-05-20 02:45:59,68,1000,4,602.57,0.04,,Location D,2,Thursday,,5,2313.87,531,20% Off,No,Winter,No
9980784,2022-09-08 20:50:14,315,573,6,739.2,0.38,,Location A,20,Saturday,36,9,2749.82,830,Flash Sale,Yes,Fall,No
9980785,2023-07-03 19:56:37,567,5291,10,,,,Location B,19,Thursday,27,7,1783.29,48,Flash Sale,No,Winter,
9980786,2022-07-02 17:20:10,224,2546,5,590.71,0.19,Mobile Payment,Location C,17,Wednesday,26,7,2392.38,782,Flash Sale,No,Spring,No
9980787,2023-12-28 20:11:06,945,6945,5,417.45,0.06,Cash,Location C,20,Thursday,52,12,,22,Flash Sale,,Summer,
9980788,2023-08-30 11:22:34,477,8529,1,396.35,0.1,,Location B,,,35,8,356.72,877,20% Off,,Summer,
9980789,2022-08-08 08:08:51,554,8245,8,590.6,0.01,Cash,Location B,8,Saturday,32,,4677.55,22,Flash Sale,Yes,Fall,No
9980790,2022-11-16 07:05:48,567,7875,4,899.08,0.09,Debit Card,,7,Sunday,46,11,3272.65,902,,Yes,,Yes
9980791,2023-10-17 22:10:27,544,3343,7,678.29,0.1,,Location C,22,Monday,42,10,4273.23,824,Buy One Get One Free,,Summer,
9980792,2023-06-21 03:05:21,393,548,7,326.43,0.08,Credit Card,,3,Sunday,25,6,2102.21,490,20% Off,No,,
9980793,2023-05-25 06:32:12,987,6903,9,118.18,0.34,Mobile Payment,Location D,6,Sunday,21,,701.99,335,,Yes,,
9980794,2023-07-06 14:54:56,931,866,10,521.91,0.28,Debit Card,Location D,14,Friday,27,7,3757.75,20,Buy One Get One Free,Yes,Summer,
9980795,2022-01-23 13:04:38,832,2092,3,823.41,0.07,Cash,Location B,13,Friday,3,1,2297.31,422,Buy One Get One Free,Yes,Fall,Yes
9980796,2023-01-29 09:42:10,574,7396,5,509.91,0.09,Mobile Payment,Location D,9,Thursday,4,1,2320.09,503,Flash Sale,Yes,Fall,Yes
9980797,2022-11-25 03:46:48,70,3741,4,522.6,0.08,Mobile Payment,,3,Friday,47,11,1923.17,90,Flash Sale,Yes,Fall,Yes
9980798,2023-07-06 11:19:53,817,8905,9,895.93,0.39,Debit Card,Location C,11,Monday,27,7,4918.66,735,Flash Sale,,,No
9980799,2022-01-12 11:24:33,696,5956,6,824.44,0.06,Cash,Location C,11,Thursday,2,1,4649.84,285,Buy One Get One Free,No,Spring,No
9980800,2023-04-29 12:45:34,350,1934,10,376.91,0.23,Credit Card,Location B,12,,17,4,2902.21,647,Buy One Get One Free,Yes,Spring,
9980801,2022-10-30 02:16:11,882,7005,8,589.28,0.35,Debit Card,Location A,2,Sunday,,10,3064.26,711,Buy One Get One Free,Yes,Winter,
9980802,2022-03-12 12:24:34,946,2845,6,557.25,0.27,Mobile Payment,,12,Monday,10,3,2440.76,304,20% Off,No,Summer,
9980803,2023-03-03 22:33:50,667,2077,5,993.1,0.08,Cash,Location D,22,Tuesday,9,3,4568.26,288,Flash Sale,No,Summer,No
9980804,2023-04-27 15:08:46,473,454,3,563.15,0.45,Cash,Location A,,Saturday,,4,929.2,920,20% Off,No,Fall,
9980805,2022-04-05 03:38:14,936,3084,6,557.22,0.21,Cash,Location C,3,Saturday,14,4,2641.22,867,20% Off,,,Yes
9980806,2023-04-03 22:27:17,533,9682,9,991.88,0.33,,Location D,,Friday,14,4,5981.04,486,20% Off,No,Winter,
9980807,2023-05-15 05:33:39,552,8811,10,481.56,0.35,Debit Card,,5,Friday,20,5,3130.14,86,Buy One Get One Free,,,Yes
9980808,2022-07-19 15:12:19,787,6631,2,528.14,0.01,Credit Card,Location D,15,Wednesday,29,7,1045.72,945,20% Off,,Summer,No
9980809,,149,3697,8,653.79,0.3,Cash,Location C,2,Sunday,17,1,3661.22,280,Buy One Get One Free,Yes,Fall,Yes
9980810,2023-07-25 18:23:31,714,7410,5,789.1,0.28,Debit Card,Location B,18,Sunday,30,7,2840.76,967,,No,Fall,
9980811,2023-05-04 11:01:52,190,8960,3,954.19,0.1,,Location A,11,Sunday,18,5,,980,,No,Fall,
9980812,2022-04-02 00:29:36,660,729,1,969.87,0.09,Mobile Payment,Location A,0,,13,4,,400,20% Off,,Spring,No
9980813,2022-06-17 10:15:12,698,3654,5,970.47,0.23,Credit Card,Location A,10,Thursday,24,6,3736.31,848,Flash Sale,No,Winter,
9980814,2023-01-03 04:27:11,995,6263,5,719.68,0.44,Mobile Payment,Location D,4,Sunday,1,,2015.1,641,20% Off,,Fall,No
9980815,2022-01-28 22:21:45,457,4373,5,598.59,0.21,Mobile Payment,,22,Thursday,4,1,2364.43,631,20% Off,Yes,Fall,Yes
9980816,2022-01-31 18:51:53,36,3256,1,864.79,0.22,Mobile Payment,Location A,18,Thursday,5,1,674.54,850,,Yes,Winter,
9980817,2023-04-10 16:50:43,396,9498,3,766.91,0.09,Debit Card,,16,,15,4,2093.66,459,,No,Fall,No
9980818,2022-10-03 06:30:31,505,6684,5,498.45,0.15,Credit Card,Location B,6,Wednesday,40,10,2118.41,852,Flash Sale,No,,No
9980819,2023-08-23 07:06:34,671,5239,6,680.37,0.11,Mobile Payment,Location D,7,Friday,34,8,3633.18,246,20% Off,,Spring,No
9980820,2022-11-30 07:23:37,537,7275,1,663.85,0.03,Debit Card,,7,Wednesday,48,11,643.93,306,,No,Winter,
9980821,2022-09-14 20:33:29,906,8941,8,6.1,0.41,Credit Card,Location D,20,Wednesday,37,9,28.79,822,Flash Sale,Yes,Winter,
9980822,2022-12-10 16:11:34,602,7333,8,72.99,0.24,Cash,Location C,16,Monday,49,12,443.78,797,Buy One Get One Free,,Winter,No
9980823,,941,8013,6,583.42,0.34,Mobile Payment,Location C,14,Monday,14,9,2310.34,609,Flash Sale,No,Spring,No
9980824,2023-11-28 11:52:18,754,8581,8,513.74,0.34,,Location C,11,Saturday,48,11,2712.55,51,,,Winter,
9980825,2023-06-01 15:31:04,770,4304,9,185.07,0.26,Credit Card,Location C,15,Wednesday,22,6,1232.57,506,Buy One Get One Free,No,Fall,
9980826,2022-06-16 20:06:31,895,7126,4,32.65,0.11,,Location D,20,Friday,24,6,,337,Flash Sale,,Summer,No
9980827,2022-04-26 14:16:03,609,7454,8,250.24,0.23,,Location C,14,Monday,17,4,1541.48,862,20% Off,No,Winter,
9980828,2022-12-26 06:50:26,53,2578,10,256.11,0.06,Debit Card,Location C,6,,52,12,2407.43,361,,,Winter,No
9980829,2022-05-19 19:46:27,113,1717,9,653.03,0.1,Credit Card,,19,Monday,20,5,5289.54,371,Buy One Get One Free,No,Winter,Yes
9980830,2022-10-04 05:47:40,477,2870,2,962.33,,Debit Card,Location B,5,Tuesday,40,10,1924.66,991,Buy One Get One Free,Yes,Winter,Yes
9980831,2023-09-13 01:57:06,84,6296,2,618.45,0.07,,Location C,1,Saturday,37,9,1150.32,667,20% Off,Yes,Fall,No
9980832,2023-07-21 22:05:32,718,2041,7,578.28,0.18,Credit Card,Location B,22,Tuesday,29,7,3319.33,116,,Yes,Summer,Yes
9980833,2023-09-28 23:11:19,895,7604,1,47.67,0.49,Credit Card,Location A,23,Tuesday,39,9,24.31,384,Buy One Get One Free,Yes,Spring,Yes
9980834,,365,8938,7,703.34,0.41,Credit Card,Location D,2,Tuesday,,3,2904.79,295,,,Fall,No
9980835,2023-02-18 10:36:40,650,4402,2,525.01,0.09,Cash,Location C,10,Sunday,,2,955.52,838,20% Off,No,Spring,
9980836,,432,717,1,766.96,,Debit Card,Location D,,Monday,30,5,766.96,262,Flash Sale,,Spring,No
9980837,2023-11-01 14:26:25,811,3106,8,204.99,0.25,,Location C,14,,44,11,1229.94,639,Flash Sale,No,Fall,Yes
9980838,2022-08-25 03:18:09,800,2080,2,399.63,0.01,Cash,Location A,3,Sunday,34,8,791.27,695,Buy One Get One Free,,Spring,
9980839,2023-06-13 12:07:11,971,5567,8,594.65,0.07,Credit Card,Location A,12,Wednesday,24,6,4424.2,285,,Yes,Summer,Yes
9980840,2022-06-10 21:15:18,345,3331,6,788.88,0.16,Credit Card,Location C,21,Saturday,23,6,3975.96,283,20% Off,Yes,Summer,
9980841,,192,9577,8,339.29,,Mobile Payment,Location D,3,Monday,14,11,2714.32,869,20% Off,,Summer,No
9980842,2022-03-26 20:10:35,475,9818,6,501.79,0.11,,Location B,20,Wednesday,12,3,2679.56,838,Buy One Get One Free,Yes,Winter,No
9980843,2022-09-23 06:57:05,672,911,10,,0.42,Credit Card,Location D,6,Thursday,38,9,856.38,928,20% Off,No,Winter,No
9980844,2022-09-23 23:09:24,117,2717,1,58.83,,Mobile Payment,Location B,23,Sunday,38,9,,469,Flash Sale,No,Winter,Yes
9980845,2023-12-09 22:53:45,702,6092,4,885.36,0.31,,,22,Monday,49,12,2443.59,430,,Yes,,
9980846,2023-12-02 20:41:12,236,3279,9,956.77,0.0,Mobile Payment,Location D,20,Saturday,48,12,8610.93,553,,No,Fall,
9980847,2022-07-02 15:47:59,374,8308,2,774.48,0.26,Credit Card,Location B,15,Monday,26,7,1146.23,906,20% Off,,,Yes
9980848,2023-05-22 22:09:59,287,4355,10,722.25,0.31,Debit Card,Location D,22,Friday,21,5,4983.52,179,Buy One Get One Free,,Fall,
9980849,2022-10-20 17:00:56,516,6694,5,674.8,,Mobile Payment,,17,Saturday,42,10,3374.0,737,Buy One Get One Free,,Fall,Yes
9980850,2023-03-09 14:33:28,563,5862,4,552.71,0.18,Credit Card,Location C,14,Monday,10,3,1812.89,938,,No,Winter,
9980851,2022-04-17 08:26:46,629,83,9,522.63,0.2,Debit Card,Location A,8,Thursday,15,4,3762.94,175,Buy One Get One Free,Yes,Spring,No
9980852,2023-05-13 13:29:52,524,2144,9,303.09,0.26,Credit Card,,13,Thursday,19,5,2018.58,283,Flash Sale,,Spring,Yes
9980853,2023-11-11 12:11:04,776,1460,10,403.83,0.17,Credit Card,Location A,12,Wednesday,45,11,3351.79,140,20% Off,Yes,Spring,Yes
9980854,2022-01-22 13:31:08,727,5342,4,379.51,0.0,Credit Card,Location D,13,Wednesday,3,1,,811,Buy One Get One Free,No,Spring,No
9980855,2023-11-15 09:59:28,416,536,1,624.02,0.1,Debit Card,Location B,9,Saturday,46,11,561.62,597,,,Fall,Yes
9980856,2022-11-27 20:45:57,917,3445,2,865.89,0.45,Mobile Payment,Location B,20,Thursday,,11,952.48,923,Buy One Get One Free,No,Winter,Yes
9980857,2022-12-21 09:43:58,363,3814,5,884.33,0.31,Credit Card,Location A,9,Sunday,51,12,3050.94,327,Buy One Get One Free,,Summer,Yes
9980858,2023-07-21 15:33:24,615,7068,3,206.79,0.37,Credit Card,Location D,15,Sunday,29,7,390.83,810,,No,Winter,Yes
9980859,2023-03-14 19:47:37,639,9416,1,617.37,0.22,Credit Card,Location A,19,Sunday,11,3,481.55,635,20% Off,Yes,Spring,No
9980860,2022-07-27 19:09:32,707,4871,7,149.74,0.5,Cash,Location D,19,Tuesday,30,7,524.09,642,20% Off,No,Summer,
9980861,2023-08-17 19:19:29,553,84,1,980.39,0.31,Mobile Payment,Location C,19,Saturday,33,8,676.47,368,Flash Sale,No,Spring,No
9980862,2023-01-15 04:37:23,869,119,4,43.11,0.01,Debit Card,Location C,4,Sunday,2,1,170.72,681,20% Off,Yes,Fall,No
9980863,2022-01-13 23:45:48,638,1783,3,408.71,0.07,Credit Card,Location D,23,Friday,2,1,1140.3,603,Flash Sale,No,Winter,
9980864,2023-03-23 23:24:59,875,7722,8,701.85,0.38,Cash,Location D,23,Sunday,12,3,3481.18,86,20% Off,No,Summer,Yes
9980865,2023-09-28 06:55:51,709,1985,8,144.17,0.18,Cash,Location C,6,Thursday,39,9,945.76,91,Flash Sale,Yes,Fall,Yes
9980866,2023-12-21 11:24:36,352,2328,1,606.5,0.08,,Location B,11,Friday,51,12,557.98,151,,Yes,Spring,
9980867,2023-01-02 01:25:05,878,5990,8,759.31,0.42,Credit Card,Location B,1,Saturday,1,,3523.2,539,20% Off,Yes,Summer,No
9980868,2022-09-20 07:43:10,289,4545,1,554.45,0.13,Debit Card,Location C,7,Friday,,9,482.37,935,Buy One Get One Free,,Summer,Yes
9980869,2023-01-02 03:47:18,165,1544,7,363.0,0.41,Cash,,3,Tuesday,1,1,1499.19,785,Buy One Get One Free,No,Winter,
9980870,2023-12-04 04:21:02,516,999,4,781.38,0.08,Debit Card,,4,Tuesday,49,12,2875.48,923,Buy One Get One Free,,Summer,No
9980871,2023-07-09 00:30:48,591,8085,1,763.92,0.48,Debit Card,,0,Wednesday,27,7,397.24,554,Flash Sale,No,Fall,
9980872,2022-06-20 14:07:33,415,4573,7,591.8,0.41,Cash,Location A,14,Wednesday,25,6,2444.13,411,20% Off,Yes,,Yes
9980873,2023-02-05 02:41:03,624,2762,8,609.88,,,Location D,2,Saturday,5,2,4879.04,386,,,Summer,No
9980874,2022-10-16 20:28:04,744,3998,3,899.2,0.12,Mobile Payment,Location D,20,Saturday,41,10,2373.89,226,,No,Winter,Yes
9980875,2023-05-13 17:48:50,98,9323,10,193.4,0.2,Debit Card,Location C,17,Friday,19,5,1547.2,545,20% Off,No,,No
9980876,2023-05-07 06:50:36,288,4855,3,152.27,0.21,Mobile Payment,Location A,6,Thursday,18,5,360.88,734,,Yes,Summer,
9980877,2023-09-14 08:20:40,630,4366,2,316.65,0.4,Mobile Payment,Location D,8,,37,9,379.98,346,,,,No
9980878,2023-03-08 10:02:31,634,4329,7,994.38,0.47,Debit Card,Location D,10,Monday,10,3,3689.15,75,Flash Sale,Yes,Winter,No
9980879,2022-01-19 03:27:40,999,8396,8,910.36,0.09,Debit Card,Location C,,Wednesday,3,1,6627.42,788,Flash Sale,No,Summer,
9980880,2022-12-31 03:23:16,839,834,1,639.83,0.05,,Location D,3,Sunday,52,12,607.84,224,,No,,Yes
9980881,2023-07-29 22:01:12,375,732,4,935.32,0.5,,Location B,22,Monday,30,7,1870.64,4,20% Off,,Fall,
9980882,2023-12-22 19:45:17,718,7098,6,20.45,0.12,,Location D,19,Monday,51,12,107.98,799,,,Fall,Yes
9980883,2022-12-26 14:10:49,930,1189,9,916.53,0.2,Mobile Payment,Location B,14,,52,12,6599.02,918,,No,,No
9980884,2022-04-03 15:51:05,6,4045,2,199.36,0.18,Debit Card,Location D,,Thursday,13,,326.95,838,20% Off,No,,Yes
9980885,2023-10-20 17:46:05,290,7640,7,541.09,0.29,Credit Card,,17,Monday,42,10,,830,Buy One Get One Free,,Fall,Yes
9980886,2023-09-14 23:00:54,771,5299,6,315.17,0.02,,Location D,23,,37,9,1853.2,191,Buy One Get One Free,Yes,,Yes
9980887,2022-02-01 16:55:33,101,8428,4,908.34,0.26,Mobile Payment,,16,Saturday,5,2,2688.69,62,20% Off,Yes,Winter,
9980888,2023-02-24 11:04:26,381,155,4,878.34,,Credit Card,Location D,11,Friday,8,2,3513.36,267,20% Off,No,Summer,No
9980889,2022-10-11 08:26:21,924,215,7,475.86,0.09,Debit Card,Location B,8,,41,10,3031.23,97,Buy One Get One Free,,Summer,No
9980890,2022-05-13 21:46:06,311,5918,2,200.76,0.32,Mobile Payment,,21,,19,5,273.03,625,Flash Sale,No,Fall,No
9980891,2023-12-16 20:42:49,716,6890,3,496.25,0.06,Cash,Location B,20,Wednesday,50,12,1399.42,332,,No,,No
9980892,2023-06-21 17:37:05,727,8598,9,684.41,0.2,,Location A,17,,25,6,4927.75,887,Flash Sale,Yes,,No
9980893,,509,4539,10,841.53,0.05,Cash,Location B,6,Saturday,45,10,7994.53,130,,,Spring,Yes
9980894,,619,5233,8,548.84,0.18,Mobile Payment,Location B,15,Monday,28,3,3600.39,82,20% Off,,Winter,Yes
9980895,2022-08-21 16:35:04,145,6528,5,238.71,0.31,Credit Card,Location C,16,Tuesday,33,8,823.55,756,,,Spring,Yes
9980896,2022-03-05 19:29:41,9,8238,1,364.02,0.25,Mobile Payment,Location B,19,Thursday,9,3,273.01,210,Flash Sale,Yes,Winter,
9980897,2022-11-20 23:21:32,9,579,8,858.4,0.33,Cash,Location B,23,Sunday,46,11,4601.02,425,,No,Fall,No
9980898,2022-10-29 13:29:57,589,4618,5,259.0,0.48,,Location A,13,,43,10,673.4,601,Flash Sale,No,Spring,Yes
9980899,2022-05-24 17:07:52,668,894,2,524.86,0.21,,Location C,17,,21,5,829.28,671,Buy One Get One Free,Yes,Spring,Yes
9980900,2023-05-04 05:14:42,144,3231,2,377.1,0.17,Debit Card,Location B,5,,18,5,625.99,29,20% Off,No,Spring,
9980901,2022-11-25 12:02:27,270,4995,6,367.15,0.37,,Location B,12,Monday,47,11,1387.83,935,Buy One Get One Free,No,,Yes
9980902,2023-09-22 08:32:30,999,6928,7,625.72,0.44,Cash,,8,Wednesday,38,9,2452.82,540,,,Fall,
9980903,2022-05-21 07:40:36,770,926,8,753.19,0.29,,,7,Wednesday,20,5,4278.12,269,20% Off,No,,
9980904,2023-05-19 05:18:22,956,1942,4,885.24,0.29,,Location B,5,Thursday,20,5,2514.08,652,Flash Sale,Yes,Fall,Yes
9980905,2023-05-21 15:15:34,797,2336,2,234.48,0.02,Credit Card,,15,Saturday,20,5,,725,,,Spring,No
9980906,2023-11-28 10:57:54,720,6329,8,135.32,0.38,Cash,,10,Thursday,48,11,671.19,185,Buy One Get One Free,No,Fall,No
9980907,2022-08-02 05:38:02,296,7492,9,648.92,0.17,Credit Card,Location C,,,31,8,4847.43,612,,Yes,Fall,
9980908,2022-05-30 18:57:48,49,1587,1,543.09,0.4,,Location C,18,,22,5,325.85,535,20% Off,Yes,Winter,
9980909,2023-12-17 21:15:10,489,2746,10,245.45,0.49,Debit Card,Location B,21,Sunday,50,12,1251.8,833,,,,
9980910,2022-06-04 04:05:04,728,4422,7,10.56,0.3,Credit Card,,4,Friday,22,6,51.74,790,20% Off,Yes,Winter,No
9980911,2023-10-10 12:42:06,817,8818,2,341.13,0.2,Credit Card,Location C,12,Thursday,41,10,545.81,946,20% Off,,,Yes
9980912,2022-01-25 23:52:28,377,7120,8,493.16,0.42,Credit Card,Location A,23,Wednesday,4,1,2288.26,812,20% Off,No,Fall,No
9980913,2023-06-14 01:28:02,422,912,4,,0.22,,Location D,,Saturday,24,6,1594.14,460,Buy One Get One Free,,Spring,No
9980914,2022-11-10 09:43:49,916,4997,3,677.17,0.24,Mobile Payment,Location B,9,Wednesday,45,11,1543.95,644,20% Off,Yes,Summer,Yes
9980915,2023-09-23 23:34:16,382,7189,5,202.75,0.38,Debit Card,Location A,23,Sunday,38,9,628.52,45,,No,Winter,Yes
9980916,2023-04-09 17:48:28,901,7711,3,507.48,0.08,Mobile Payment,Location C,17,Tuesday,14,4,1400.64,904,Buy One Get One Free,No,Fall,No
9980917,2022-10-13 04:33:24,171,2969,3,940.47,0.04,Debit Card,,4,Sunday,41,10,2708.55,668,20% Off,,,
9980918,2023-06-24 01:29:33,272,8358,7,452.38,0.14,Cash,Location A,1,,25,6,2723.33,835,Buy One Get One Free,No,Fall,No
9980919,2023-09-11 11:00:42,762,5347,9,217.19,0.39,Credit Card,Location A,11,Monday,37,9,1192.37,178,20% Off,,Summer,
9980920,2022-03-28 01:10:26,27,2349,1,410.99,0.37,Mobile Payment,Location C,1,Friday,13,3,258.92,971,,No,Winter,Yes
9980921,,602,6099,9,16.61,0.2,,Location B,1,Wednesday,10,,119.59,893,,No,Summer,
9980922,2022-12-21 17:45:10,652,3840,6,,0.33,Debit Card,Location B,17,Wednesday,51,12,1258.15,463,20% Off,No,Winter,Yes
9980923,2022-11-12 09:12:16,246,8994,5,450.35,0.37,,,9,Wednesday,45,11,1418.6,533,,Yes,Winter,
9980924,2023-12-10 19:48:57,512,9937,8,771.27,0.46,Credit Card,Location A,19,Wednesday,49,12,3331.89,252,,No,Summer,
9980925,2023-01-07 01:28:37,372,1552,2,210.49,0.47,Mobile Payment,Location C,1,Wednesday,1,1,223.12,601,Flash Sale,,Summer,
9980926,2022-07-12 05:22:36,182,8605,4,181.35,0.41,Mobile Payment,Location B,5,,28,7,427.99,860,,No,Fall,
9980927,2022-01-22 17:30:31,620,3342,4,54.77,0.38,Debit Card,Location A,17,,3,1,135.83,766,20% Off,No,Spring,Yes
9980928,2023-09-02 15:08:24,60,4577,10,355.82,0.37,Debit Card,Location B,15,Friday,35,9,2241.67,36,20% Off,,Summer,
9980929,2023-01-31 17:42:42,172,3582,6,336.22,0.39,Debit Card,,17,Tuesday,5,1,1230.57,417,Flash Sale,No,Summer,
9980930,2022-11-11 16:13:05,934,2766,8,897.51,,Credit Card,,16,Thursday,45,11,7180.08,401,,Yes,Summer,
9980931,2022-04-30 06:10:34,304,3261,6,499.2,0.08,Credit Card,Location B,6,,17,4,2755.58,916,,,Summer,Yes
9980932,,241,8109,10,442.22,0.25,Cash,Location B,20,,35,5,3316.65,899,Buy One Get One Free,No,Summer,Yes
