transaction_id,transaction_date,customer_id,product_id,quantity,unit_price,discount_applied,payment_method,store_location,transaction_hour,day_of_week,week_of_year,month_of_year,total_sales,promotion_id,promotion_type,holiday_season,season,weekend
5002714,2023-02-04 19:23:44,334,258,8,987.33,0.35,Credit Card,,19,Monday,5,2,,100,20% Off,No,Fall,No
5256471,2023-02-15 02:02:05,73,5708,2,519.75,0.41,Cash,Location D,2,Monday,7,2,613.31,358,,,Summer,
6989689,2023-09-05 07:34:41,195,8719,2,806.52,0.47,Mobile Payment,Location A,7,,36,9,854.91,475,20% Off,,,Yes
3145707,2023-11-20 04:12:02,831,5830,7,193.05,0.35,Credit Card,,4,Thursday,47,11,878.38,967,Flash Sale,Yes,,
7253487,2023-01-26 14:42:18,379,5489,8,,0.38,Mobile Payment,Location D,14,,4,1,2821.02,476,Buy One Get One Free,No,Spring,
7583179,,601,5080,3,239.94,0.48,,Location C,4,Wednesday,17,8,374.31,160,,Yes,,
9670485,2023-05-14 17:49:31,564,650,5,675.61,0.41,Debit Card,Location C,17,Saturday,,5,1993.05,915,Buy One Get One Free,Yes,Winter,
4558281,2023-01-09 00:58:09,440,1197,1,769.85,0.0,,Location A,0,Wednesday,2,1,769.85,219,20% Off,Yes,Fall,
9479252,2023-04-29 21:50:19,41,4911,8,113.05,0.4,,,21,Tuesday,17,4,542.64,980,,Yes,Summer,No
9973800,2022-03-26 08:38:14,936,6833,2,434.36,0.27,Credit Card,Location A,8,Sunday,12,3,634.17,884,Flash Sale,No,Winter,Yes
2677309,2022-02-05 10:29:05,4,6966,9,536.11,0.45,Mobile Payment,Location A,10,,5,2,2653.74,83,20% Off,Yes,Fall,Yes
7061323,2023-03-29 22:20:26,820,5481,4,31.78,0.28,Cash,Location D,22,Sunday,,3,91.53,857,,Yes,Summer,
1864067,2023-11-17 16:56:26,534,418,5,797.87,,,Location C,16,Tuesday,46,11,3989.35,371,,No,Spring,Yes
2395256,2023-08-13 07:22:33,598,3640,5,590.33,0.26,Debit Card,,7,Sunday,32,8,2184.22,652,Buy One Get One Free,No,Winter,No
7393906,2023-04-08 20:12:22,971,5256,2,913.31,0.21,Debit Card,Location A,20,Friday,14,4,1443.03,574,20% Off,,Winter,No
6648275,2023-11-11 22:38:44,599,936,6,365.95,0.2,Debit Card,Location A,22,Thursday,45,11,1756.56,659,20% Off,,,Yes
6034336,2023-01-04 02:05:58,482,3101,7,549.92,0.49,Debit Card,Location C,2,Saturday,1,1,1963.21,73,,,Winter,No
8913334,2022-12-29 15:07:56,294,2283,10,307.31,0.09,Debit Card,Location D,15,Wednesday,52,12,2796.52,445,Buy One Get One Free,Yes,Fall,Yes
5112309,2022-01-28 06:58:34,385,8092,4,139.1,0.1,Cash,Location D,6,Thursday,4,1,500.76,829,20% Off,No,Fall,No
5654424,2023-09-16 05:16:04,403,1138,9,664.26,0.33,,Location C,5,,37,9,4005.49,79,Buy One Get One Free,No,Winter,No
7990803,2023-06-23 13:43:55,717,6715,2,242.84,,Cash,,13,Friday,25,6,485.68,664,Buy One Get One Free,No,Spring,
1058504,2022-04-06 23:26:18,959,6139,6,517.7,0.26,,Location B,23,Monday,,4,2298.59,764,Buy One Get One Free,No,Fall,Yes
9260751,2023-10-11 04:13:16,663,7918,2,33.3,0.24,,Location A,4,Friday,41,10,50.62,872,Buy One Get One Free,,Summer,Yes
4530538,2023-05-09 01:15:45,456,4364,5,714.96,0.14,,,1,Monday,19,5,3074.33,831,Buy One Get One Free,Yes,Summer,
9206070,2023-02-26 04:26:36,671,1031,4,768.22,0.0,Mobile Payment,Location A,4,Monday,8,2,3072.88,727,Flash Sale,Yes,,Yes
1453842,2022-08-26 02:16:12,218,2929,1,446.05,0.35,,,2,Tuesday,34,8,289.93,196,20% Off,Yes,Winter,
4732606,2022-12-06 03:18:19,626,1426,4,399.65,0.03,Debit Card,Location A,3,Thursday,49,12,1550.64,687,,No,Fall,No
8483670,2022-12-16 20:20:16,244,1349,6,539.41,0.15,Cash,Location B,20,Saturday,50,12,2750.99,921,Buy One Get One Free,No,,
3504799,2023-07-29 21:42:02,201,1666,3,963.39,0.43,Mobile Payment,Location C,21,Wednesday,30,,1647.4,392,,Yes,Winter,
3671760,2023-09-07 18:43:03,903,5955,3,540.06,0.43,Cash,,18,Friday,36,9,923.5,832,Buy One Get One Free,No,Winter,Yes
2116490,2022-11-05 04:20:16,391,3066,6,167.63,0.44,Credit Card,,4,Saturday,44,11,563.24,973,,No,,No
6895383,2023-11-20 04:06:58,368,6805,10,454.36,0.35,Mobile Payment,,4,Thursday,47,11,2953.34,922,Flash Sale,No,Spring,No
5352337,,191,6073,10,70.12,,Cash,Location D,2,Tuesday,18,1,701.2,468,,,Fall,
1054456,2022-07-08 04:15:15,399,8023,4,195.71,0.08,Mobile Payment,Location C,4,Sunday,27,7,720.21,89,,No,Fall,Yes
8484288,,11,2206,8,624.83,0.17,,,6,Saturday,26,11,4148.87,616,Buy One Get One Free,Yes,Summer,
3089648,2023-07-05 12:28:01,563,1161,2,409.94,0.13,,,12,Saturday,27,7,,692,Buy One Get One Free,Yes,Fall,
6316158,2022-03-29 22:53:07,628,9871,3,772.5,0.26,Credit Card,Location D,22,,13,3,1714.95,423,Buy One Get One Free,,,No
7072004,2023-07-17 05:48:48,471,7547,2,324.73,0.23,,Location C,5,Saturday,29,7,500.08,155,20% Off,,Winter,No
2851389,2023-04-20 18:22:36,599,3323,4,244.17,0.06,Cash,Location B,18,Thursday,16,4,918.08,279,,,Spring,Yes
3223278,2022-09-24 19:11:46,715,5825,5,396.09,0.22,Credit Card,Location A,,Sunday,38,9,1544.75,637,,,Winter,Yes
5091209,2023-07-21 09:35:40,231,7384,4,526.77,0.29,Credit Card,Location B,9,Friday,,7,1496.03,753,Buy One Get One Free,,Spring,
7072681,2023-10-14 18:13:33,455,545,7,900.13,0.32,Debit Card,Location C,18,Sunday,41,10,,997,20% Off,No,Summer,No
3237259,2022-02-25 20:41:06,334,1880,4,690.97,0.15,Cash,,20,Friday,8,2,2349.3,129,20% Off,No,,No
9399911,2022-02-15 07:16:32,840,4117,1,849.29,0.31,,Location B,7,Tuesday,7,2,586.01,416,,Yes,,Yes
9366297,2023-03-05 23:30:05,218,3549,5,719.46,0.46,,Location D,23,Tuesday,9,3,1942.54,750,20% Off,No,Spring,Yes
9931177,2023-06-30 04:26:48,836,7081,1,313.17,0.33,Mobile Payment,,4,Friday,26,6,209.82,324,20% Off,Yes,Fall,No
8244890,2022-11-08 09:42:53,768,1867,9,167.93,0.49,Credit Card,Location A,9,Wednesday,45,11,770.8,293,,Yes,Summer,No
9187094,2023-02-20 15:45:34,549,1974,8,346.95,0.19,Credit Card,,15,Wednesday,8,2,2248.24,788,20% Off,,Winter,Yes
5011172,2023-02-15 16:51:14,878,7444,1,374.47,0.18,Credit Card,Location D,16,,7,2,307.07,843,20% Off,No,Spring,No
5605616,2022-03-22 20:39:47,374,618,8,658.19,0.1,Mobile Payment,Location B,20,Tuesday,12,3,4738.97,136,Buy One Get One Free,Yes,Summer,Yes
5285877,2023-05-30 06:57:05,283,8703,2,149.39,0.3,Credit Card,Location D,6,Wednesday,22,5,209.15,482,Flash Sale,Yes,,Yes
5535122,2023-04-16 17:38:48,921,660,7,515.61,0.2,Mobile Payment,,17,,15,4,2887.42,473,Flash Sale,No,,Yes
4941755,,911,7289,8,289.37,0.32,,Location D,4,Tuesday,29,8,1574.17,66,20% Off,,Summer,No
2699822,2022-10-10 11:45:26,254,2072,6,336.68,0.04,Mobile Payment,Location B,11,Wednesday,41,10,,953,,No,,No
1845618,2022-01-29 15:15:06,19,1989,4,340.57,0.12,Cash,Location A,15,Thursday,4,1,1198.81,799,Flash Sale,,,Yes
3119991,2023-07-19 01:36:02,8,2903,10,154.63,0.32,Cash,,1,Wednesday,29,7,1051.48,711,Buy One Get One Free,,Winter,Yes
5954931,2022-10-06 14:50:05,305,5006,1,679.72,0.04,,Location C,14,Monday,40,10,652.53,967,,Yes,Fall,Yes
8460508,2022-02-06 21:14:31,772,2592,8,888.22,0.41,Debit Card,,21,,,2,4192.4,751,,,Summer,
4948177,2023-12-19 13:35:22,404,2517,7,458.79,0.19,Mobile Payment,Location A,13,Monday,,12,2601.34,20,,Yes,Spring,Yes
1252096,2023-04-21 03:45:04,519,118,4,580.72,0.09,Mobile Payment,Location A,3,Tuesday,16,4,2113.82,820,Buy One Get One Free,Yes,Spring,No
6975519,2023-02-22 14:05:22,812,1044,1,568.97,0.47,Credit Card,,14,Wednesday,8,2,301.55,34,Buy One Get One Free,Yes,,No
7451495,2022-12-18 12:55:40,666,6754,9,506.72,0.15,Mobile Payment,Location A,12,Friday,50,12,3876.41,654,20% Off,,,
2903653,2022-10-03 07:41:48,664,9163,3,731.2,0.07,Mobile Payment,Location D,7,Monday,,10,2040.05,912,,,Summer,
7892960,2022-11-26 06:26:10,613,1956,9,684.72,,Debit Card,Location D,6,Sunday,47,11,6162.48,664,,No,Winter,No
1442487,2023-01-15 15:36:28,491,7833,6,408.78,0.43,,,15,,2,1,1398.03,980,Buy One Get One Free,Yes,,No
8345079,2022-04-19 07:27:25,715,1617,2,327.09,0.2,Cash,,,Sunday,16,4,523.34,119,Buy One Get One Free,No,Spring,
8206315,2023-02-02 22:56:25,917,9404,5,312.27,0.37,Cash,Location B,22,Sunday,5,2,983.65,675,Buy One Get One Free,,Summer,No
9734524,2022-09-21 09:58:47,103,1977,9,728.6,0.29,,,9,Monday,38,9,4655.75,846,20% Off,No,Spring,No
5130242,2022-11-11 09:12:12,227,7089,6,199.93,0.35,Mobile Payment,Location A,9,,45,11,779.73,743,,,Summer,No
5282471,2022-01-31 17:35:38,864,7749,6,262.26,0.02,Mobile Payment,Location D,17,Sunday,5,1,1542.09,875,20% Off,Yes,,No
7453241,,246,980,8,,0.14,Cash,Location B,13,,39,,1154.16,649,,,,
5859499,2023-03-20 00:06:09,369,348,6,349.74,0.39,Cash,Location B,0,Monday,,3,1280.05,289,,,Fall,
4041388,2022-02-05 20:31:22,396,7564,4,579.46,0.13,,Location C,20,Friday,5,2,2016.52,619,20% Off,Yes,Spring,Yes
8445618,2022-08-28 00:59:11,383,8173,2,644.62,0.48,Cash,,0,Monday,34,8,670.4,712,Buy One Get One Free,No,Fall,
9336206,2022-03-21 16:03:42,305,9252,4,937.52,0.35,Cash,Location B,16,Sunday,12,3,2437.55,692,Buy One Get One Free,No,Summer,No
5487926,2023-02-09 10:22:47,906,790,2,990.63,0.17,,Location D,10,,6,2,1644.45,341,,Yes,,No
6777185,2023-02-06 00:28:53,129,5373,9,443.03,0.06,Credit Card,Location C,0,Sunday,6,2,3748.03,506,,,,Yes
6570560,2023-05-04 07:37:13,635,4966,2,318.91,0.43,Mobile Payment,Location D,7,Thursday,18,5,363.56,954,Buy One Get One Free,No,Fall,
7221664,2023-11-08 00:32:16,514,5335,3,521.08,0.43,Mobile Payment,Location A,0,Friday,45,11,891.05,172,Buy One Get One Free,,Winter,
9544731,2022-04-18 22:01:47,399,5409,2,167.07,0.35,,,22,Tuesday,16,4,217.19,762,Buy One Get One Free,Yes,Fall,
6499867,2023-07-19 02:21:15,246,1119,8,217.68,0.16,Cash,Location D,2,Thursday,29,7,1462.81,617,Flash Sale,Yes,,Yes
9113971,2022-07-21 04:58:28,893,4616,5,702.1,0.45,Cash,Location D,4,Saturday,29,7,1930.78,451,20% Off,No,Spring,
6333134,2023-06-07 16:16:26,461,8535,5,786.88,0.4,Debit Card,Location B,16,Tuesday,23,6,2360.64,2,20% Off,,Summer,No
9017239,2022-04-29 11:02:01,922,1183,1,55.87,0.43,Debit Card,Location C,11,Wednesday,17,4,31.85,364,Flash Sale,Yes,Winter,Yes
6000814,2023-01-11 07:28:29,96,8960,6,803.28,0.25,Mobile Payment,Location B,7,Friday,2,1,3614.76,215,,No,Winter,No
3168278,2023-04-25 22:25:22,687,2283,10,680.19,0.21,Debit Card,Location C,22,Thursday,17,4,5373.5,186,Flash Sale,No,Summer,Yes
3455033,2023-07-31 12:28:38,755,7809,3,44.57,0.18,Cash,Location A,12,,31,7,109.64,491,Buy One Get One Free,,Fall,
3789648,2022-09-05 18:55:29,613,6115,5,763.94,0.19,Debit Card,Location C,18,Wednesday,36,9,3093.96,999,Flash Sale,Yes,,No
6227955,2023-02-04 23:30:26,393,323,2,778.53,0.07,Mobile Payment,Location B,23,,,2,1448.07,352,,No,Spring,Yes
1758292,2022-08-04 05:40:35,882,6335,8,278.05,0.29,,Location B,5,Wednesday,31,8,1579.32,406,20% Off,,Winter,Yes
9823273,2023-08-09 21:37:11,722,573,8,497.33,0.26,Mobile Payment,,21,,32,8,2944.19,446,20% Off,,Spring,
8536906,2023-06-29 03:41:20,901,4475,1,646.45,0.16,,Location D,3,Saturday,,6,543.02,89,,,Winter,
5697070,2023-12-02 05:13:44,537,9129,10,29.92,0.4,Debit Card,,5,Monday,48,12,179.52,33,Buy One Get One Free,,,
9148329,2023-10-04 12:27:04,994,3097,1,879.55,0.34,Cash,,12,,40,10,580.5,23,20% Off,Yes,,No
8436103,2023-11-09 21:56:14,745,3713,7,340.86,0.33,Debit Card,Location A,21,Friday,45,11,1598.63,742,20% Off,No,Summer,
1970050,2022-12-25 14:51:41,547,1761,5,449.43,0.47,Debit Card,,14,Monday,51,12,1190.99,997,Flash Sale,,Spring,Yes
8332937,2023-09-16 18:18:14,901,2346,2,908.19,0.44,,Location A,18,Tuesday,37,9,1017.17,433,Flash Sale,Yes,Summer,No
5958694,2022-12-04 12:38:20,959,4005,8,15.63,0.34,,Location A,12,Sunday,48,12,82.53,719,Buy One Get One Free,,Spring,
3503030,2023-02-17 13:26:13,193,915,7,685.32,0.19,Cash,Location D,13,Saturday,7,2,3885.76,393,Buy One Get One Free,No,Spring,No
5279073,2022-11-08 19:56:53,354,3900,4,995.64,0.01,Mobile Payment,,19,Wednesday,45,11,3942.73,253,Buy One Get One Free,No,Fall,
2481434,2022-08-03 22:39:49,405,2166,2,280.57,0.32,Mobile Payment,Location D,22,Saturday,31,8,381.58,327,Buy One Get One Free,,,No
5039228,2022-04-24 16:41:24,235,8734,8,996.13,0.45,Credit Card,Location B,16,Sunday,,4,4382.97,599,,No,,Yes
4208108,2023-04-13 14:08:04,454,9116,6,384.97,0.21,,Location C,14,Monday,15,4,1824.76,480,Flash Sale,No,,
7703789,2022-12-02 09:04:07,19,5823,10,302.97,0.47,Debit Card,,9,Wednesday,48,12,1605.74,147,Flash Sale,Yes,Fall,Yes
7620715,2023-01-31 16:19:02,116,2264,4,937.28,0.18,Credit Card,Location D,16,Friday,5,1,3074.28,433,Buy One Get One Free,No,,No
9932988,2023-08-17 21:46:45,138,6818,4,96.26,0.26,Cash,Location D,21,Friday,33,8,284.93,528,Flash Sale,No,Summer,No
3263332,2023-11-28 16:29:01,399,2641,6,448.36,0.29,Debit Card,,16,Sunday,48,11,1910.01,360,20% Off,Yes,Winter,No
5092808,2023-02-24 16:45:24,851,3305,3,196.41,0.29,Mobile Payment,Location B,16,Sunday,8,2,418.35,993,Flash Sale,,Fall,Yes
1298492,2023-08-24 09:53:11,142,2007,5,961.13,0.38,Mobile Payment,,9,Sunday,34,8,2979.5,716,,Yes,Fall,
4079850,2022-11-16 05:10:30,776,8509,10,774.26,0.38,Credit Card,,5,Wednesday,46,11,4800.41,884,Flash Sale,Yes,Fall,Yes
7913095,2023-06-25 10:03:51,199,8983,5,864.73,0.24,Credit Card,Location D,10,Saturday,25,6,3285.97,819,Flash Sale,Yes,Winter,No
5619599,2022-06-18 21:50:11,879,9611,2,781.78,0.18,Credit Card,Location A,21,,24,6,1282.12,758,Buy One Get One Free,,Winter,Yes
7262069,2022-10-24 03:49:46,205,4051,9,506.86,0.18,Cash,,3,Thursday,43,10,3740.63,664,Buy One Get One Free,,Fall,No
6414444,2023-10-31 13:58:44,724,491,3,703.33,0.29,Cash,Location B,13,Tuesday,44,10,1498.09,726,Flash Sale,,Winter,No
9797535,2022-06-16 23:59:52,725,9681,6,957.83,0.01,Mobile Payment,Location C,23,,24,6,5689.51,842,,No,Winter,No
4532918,2022-12-06 02:01:00,816,3366,10,636.49,0.46,,Location D,2,Wednesday,49,12,3437.05,714,Flash Sale,Yes,Winter,No
4723122,2022-03-30 17:41:58,228,7397,10,86.1,0.21,,,17,Monday,13,3,,613,Buy One Get One Free,Yes,Winter,No
7420236,2023-09-01 20:03:20,603,8836,9,173.52,0.16,Mobile Payment,Location B,20,Monday,35,9,1311.81,961,Buy One Get One Free,,Spring,No
7797952,,686,450,10,704.97,,Debit Card,Location D,2,Saturday,16,1,7049.7,628,Flash Sale,Yes,Spring,
6377814,2023-03-14 00:34:01,899,4590,3,935.64,0.13,,Location D,0,Saturday,11,3,2442.02,647,Flash Sale,No,Winter,Yes
5238980,2023-09-03 14:30:10,142,9786,6,724.56,0.5,,Location D,14,Monday,35,9,2173.68,118,,No,,
1452680,2023-08-02 03:16:34,389,3750,1,853.54,0.21,Cash,Location D,3,,31,8,674.3,819,Flash Sale,,Winter,
6803385,2022-04-18 00:00:19,474,3993,1,774.18,0.17,Cash,Location C,0,Thursday,16,4,642.57,986,Flash Sale,No,,
8501072,2023-09-02 15:58:55,324,3100,7,472.85,0.27,Mobile Payment,,15,Wednesday,35,9,2416.26,259,,Yes,,
2922433,2023-02-04 12:02:54,818,4668,9,776.93,,,Location C,12,Wednesday,5,2,6992.37,797,,Yes,Summer,
8171265,2022-12-24 08:17:07,135,8737,4,341.75,,,Location C,8,Sunday,51,12,1367.0,916,20% Off,,Summer,Yes
4854975,2022-06-12 03:00:45,742,5464,6,542.24,0.19,,,3,,23,,2635.29,97,,Yes,Spring,No
3697864,2023-02-10 19:51:05,985,9067,2,552.1,0.35,Mobile Payment,Location B,19,Saturday,6,2,717.73,973,Flash Sale,Yes,Summer,
2785206,2022-05-24 02:58:49,422,8937,5,645.55,0.09,Cash,Location D,2,Sunday,21,5,2937.25,445,,Yes,Spring,Yes
4213391,2022-06-23 12:33:26,481,489,1,809.2,0.17,,Location D,12,,25,6,671.64,517,,,,No
9911025,2022-02-13 22:18:18,678,2017,10,,0.23,,Location D,22,Monday,6,2,3432.95,663,Flash Sale,No,Spring,No
2020971,2022-06-11 08:11:59,631,9306,3,362.37,0.36,Cash,Location C,8,Sunday,23,6,695.75,121,20% Off,No,Spring,No
8052301,2023-06-29 15:37:57,174,7390,5,310.15,0.12,Credit Card,Location B,15,Thursday,26,6,1364.66,937,20% Off,Yes,Spring,No
3411452,2023-08-20 21:25:44,150,7500,9,856.55,0.22,Cash,Location B,21,,33,8,6012.98,891,20% Off,,Spring,
9297138,2023-12-26 06:10:43,765,5096,10,439.11,0.42,Cash,Location B,,Wednesday,52,12,,879,20% Off,No,Summer,No
7171916,2023-03-28 02:39:38,534,6584,4,974.09,0.39,Credit Card,Location D,,Saturday,13,3,2376.78,878,20% Off,Yes,Summer,No
9274701,2023-05-18 02:28:20,236,6914,8,524.57,0.08,Cash,Location C,2,Friday,,5,3860.84,27,Buy One Get One Free,No,Fall,Yes
7544683,2022-07-31 23:59:45,915,4663,6,287.84,0.23,Cash,Location D,23,Thursday,30,7,1329.82,683,Flash Sale,,Winter,
9758920,2023-09-25 12:15:01,923,7224,6,477.68,0.15,Credit Card,Location D,12,Wednesday,39,9,2436.17,867,20% Off,Yes,Fall,
2364728,2023-04-14 00:22:38,947,7016,3,529.06,0.07,Debit Card,Location A,0,Wednesday,15,4,1476.08,124,Buy One Get One Free,,Spring,
1813375,2022-03-24 01:48:36,3,1585,5,645.81,0.12,Cash,Location D,1,,12,3,2841.56,541,Flash Sale,,,Yes
5072780,2022-04-12 07:17:41,643,1497,4,279.98,0.43,Debit Card,,7,Sunday,15,,638.35,282,20% Off,Yes,Fall,Yes
6647078,2023-06-28 01:01:44,933,4377,1,514.27,0.12,Mobile Payment,Location B,,Sunday,26,6,452.56,798,,Yes,Spring,Yes
3523761,2023-11-16 11:55:15,66,9494,1,347.78,0.37,Mobile Payment,Location C,11,Thursday,46,11,219.1,693,20% Off,Yes,,No
7184524,2022-04-22 19:58:06,967,3953,10,411.2,0.26,Debit Card,Location A,19,Friday,16,4,3042.88,787,,Yes,Fall,
6214757,2022-06-01 11:56:23,331,9118,1,280.82,0.48,Mobile Payment,Location A,11,Friday,22,6,146.03,98,20% Off,,Spring,No
4396881,2023-01-29 05:38:16,298,643,9,210.54,0.14,Cash,Location A,5,Wednesday,4,1,1629.58,334,,No,,
3718127,2022-11-29 07:45:52,301,5698,3,960.45,,,Location C,7,Thursday,48,11,2881.35,413,Flash Sale,Yes,Spring,
6978833,2022-12-13 04:49:43,191,6989,4,927.35,0.04,Mobile Payment,,4,Sunday,50,12,3561.02,501,,No,Spring,Yes
8700924,2022-05-08 07:56:52,832,7236,1,847.86,0.19,,Location C,7,Tuesday,18,5,686.77,874,,No,Fall,No
6269409,2022-12-21 06:15:48,974,6838,7,594.59,,Cash,Location B,6,Monday,51,12,4162.13,551,Flash Sale,Yes,Fall,
1057977,2022-11-30 02:07:04,762,9722,9,701.52,0.23,,,2,Tuesday,48,11,4861.53,665,,No,Winter,
2934116,2022-06-27 05:23:44,194,3584,1,40.82,0.21,Credit Card,Location C,5,Friday,26,6,32.25,481,20% Off,,,
3761720,2023-04-19 23:32:16,892,7893,3,788.86,0.09,Cash,Location D,23,Saturday,16,4,,460,20% Off,No,Summer,No
3221143,2022-08-18 18:34:21,116,9027,3,197.88,,Mobile Payment,,18,Tuesday,33,8,593.64,818,Flash Sale,No,Fall,No
1001298,2023-09-16 18:08:01,782,7626,6,745.57,0.09,Credit Card,Location D,18,Saturday,,9,4070.81,848,20% Off,No,Fall,Yes
5662403,2022-01-19 11:28:01,824,645,8,427.8,,Mobile Payment,Location D,11,Saturday,3,1,3422.4,935,20% Off,No,Winter,No
4151019,2023-05-14 09:02:49,110,2250,9,770.98,0.28,,Location D,9,Saturday,19,5,4995.95,559,,,Winter,Yes
4365638,2023-05-30 22:57:02,174,8157,1,166.64,0.01,Credit Card,,22,Tuesday,22,5,164.97,121,Flash Sale,,Fall,No
8588054,2023-10-21 16:36:17,994,28,2,863.99,0.15,Cash,Location D,,,42,10,1468.78,842,,,Summer,No
5874060,2023-10-12 15:18:29,448,4563,3,862.48,0.31,,Location C,15,Thursday,41,10,1785.33,520,,No,Fall,
8492062,2023-09-19 12:38:50,287,7849,8,396.66,0.42,Cash,Location C,12,Tuesday,,9,1840.5,856,,No,Summer,No
8368290,2022-05-15 12:52:25,205,5208,3,829.05,0.42,Credit Card,Location D,12,Saturday,19,5,1442.55,93,20% Off,No,Winter,Yes
4107873,2022-11-05 15:58:49,932,1343,9,782.34,0.25,Credit Card,,15,Monday,44,11,5280.8,519,Buy One Get One Free,,Summer,
1462408,2022-11-30 00:01:28,374,5076,6,672.04,0.23,Credit Card,Location B,0,Friday,48,,3104.82,281,20% Off,,Summer,
6749750,2023-01-16 07:07:39,356,5793,8,327.46,0.3,Cash,Location C,,,3,1,1833.78,304,20% Off,,Winter,No
9973576,2022-03-16 14:55:13,417,857,8,198.14,0.25,Debit Card,,14,Saturday,11,3,1188.84,457,Buy One Get One Free,Yes,,Yes
8742051,2022-01-11 18:49:06,284,7237,1,637.39,0.28,Cash,Location A,18,Saturday,2,1,458.92,953,20% Off,Yes,Fall,Yes
4520422,2023-07-12 03:39:12,570,3851,5,185.98,0.47,,Location A,3,Monday,28,7,492.85,708,Flash Sale,,Winter,No
7137378,2022-12-31 01:13:02,101,7745,10,159.23,0.14,Debit Card,,1,Sunday,52,12,1369.38,684,20% Off,Yes,Fall,Yes
1651024,2023-10-04 13:23:26,601,2540,4,369.16,0.19,Cash,Location B,13,Friday,,10,1196.08,924,Flash Sale,,Spring,Yes
5968076,2023-01-11 20:20:34,128,4204,7,135.39,0.18,,,20,,,1,777.14,242,20% Off,Yes,Summer,
5072146,2022-02-10 04:46:29,234,1211,8,261.67,0.33,Cash,Location B,4,Sunday,6,2,1402.55,481,,No,Winter,Yes
1778649,2023-10-08 15:04:31,811,2587,4,834.09,0.01,Debit Card,,15,Wednesday,40,10,3303.0,567,,No,Fall,No
8949017,2023-10-08 05:48:17,989,694,8,437.2,0.3,Mobile Payment,Location C,5,Saturday,40,10,2448.32,447,20% Off,Yes,Spring,No
7112085,2023-10-17 09:21:02,997,4253,5,452.39,0.29,,Location C,9,Monday,42,10,1605.98,83,20% Off,Yes,Summer,Yes
7949342,2022-09-07 10:40:16,664,5681,4,591.38,0.21,Mobile Payment,Location C,10,Thursday,36,9,1868.76,866,20% Off,,,Yes
7738803,2022-12-13 21:21:43,329,2985,5,79.72,0.26,Debit Card,Location B,21,Thursday,50,12,294.96,860,Buy One Get One Free,No,Summer,No
1951172,2022-04-12 08:42:56,30,2852,10,278.17,0.1,,Location D,8,Thursday,15,4,2503.53,560,,Yes,,No
1095353,2022-05-25 15:53:22,797,7190,7,958.49,,,,15,,21,5,6709.43,74,,,Spring,
7336205,2023-02-23 05:35:17,655,7504,5,38.62,0.29,Debit Card,,5,Thursday,8,2,137.1,929,Flash Sale,Yes,,No
7556316,2022-02-13 21:07:52,98,5011,4,103.2,0.33,Debit Card,,21,Monday,6,2,276.58,491,20% Off,No,Winter,No
3820731,2022-08-01 05:15:48,239,9965,5,605.47,0.18,,Location A,5,Wednesday,31,8,2482.43,704,Flash Sale,Yes,Spring,
5505063,2023-07-20 04:57:40,13,9467,2,137.89,0.38,Credit Card,Location C,4,Friday,29,7,170.98,310,Flash Sale,No,Winter,Yes
5024054,2022-01-13 03:30:33,552,7548,6,412.35,0.01,Debit Card,Location B,3,Monday,2,1,2449.36,426,Buy One Get One Free,No,Fall,No
6329835,2023-12-28 09:20:50,965,532,9,219.25,0.12,,Location D,9,Saturday,52,12,1736.46,808,Buy One Get One Free,Yes,,Yes
9192210,2023-07-30 09:44:30,139,2741,10,254.69,0.46,,Location D,9,Tuesday,30,7,1375.33,445,20% Off,No,Spring,No
2272260,2022-02-02 14:48:06,110,2548,6,749.38,0.35,,Location D,14,Wednesday,5,2,2922.58,712,,No,Summer,Yes
9980432,2022-10-27 03:34:27,577,9903,5,,0.18,Credit Card,Location B,3,Friday,43,10,218.71,263,Buy One Get One Free,,,
4945015,2023-07-08 07:19:42,670,3255,5,146.15,0.46,Debit Card,Location D,7,Thursday,27,7,394.61,923,20% Off,Yes,Summer,No
3020654,2022-09-21 21:42:33,291,6787,7,649.32,0.42,,Location C,21,Wednesday,38,9,2636.24,563,Flash Sale,,Fall,No
8313398,2022-07-15 23:42:20,755,6105,2,567.51,0.3,Debit Card,Location D,23,Wednesday,28,7,794.51,266,,,Summer,No
6158871,2023-06-17 19:37:18,887,5909,4,753.91,0.41,Credit Card,,19,,24,6,1779.23,779,Flash Sale,No,Fall,Yes
2461580,2022-11-14 04:47:04,294,2752,4,295.63,0.42,,Location C,4,,46,11,685.86,535,,No,,Yes
3738298,2023-06-24 12:33:04,400,1396,6,711.08,0.22,Mobile Payment,Location A,12,Friday,25,6,3327.85,534,Buy One Get One Free,Yes,Spring,Yes
8753477,2022-10-13 20:37:13,644,8556,8,788.3,0.42,,,,Tuesday,41,10,3657.71,171,Buy One Get One Free,No,Winter,
2367621,2023-07-13 06:20:09,709,4433,1,533.9,0.33,Debit Card,Location C,6,Thursday,28,7,357.71,158,Flash Sale,,,Yes
5548401,2022-09-28 02:48:48,269,2556,5,206.37,0.3,Mobile Payment,Location A,2,Saturday,39,9,722.29,651,20% Off,No,Fall,
4853347,2022-06-10 14:49:49,840,3918,5,118.17,0.17,Mobile Payment,Location D,14,Monday,23,6,490.41,208,Flash Sale,Yes,,Yes
2340960,2022-10-21 16:58:24,595,8777,10,762.24,0.05,Debit Card,Location C,16,Wednesday,42,10,7241.28,239,20% Off,Yes,Winter,Yes
2382232,2022-06-12 17:41:13,874,931,1,296.77,0.02,Cash,Location D,,Sunday,23,,290.83,180,,,Fall,Yes
9069989,2023-09-11 15:14:05,438,9475,2,903.04,0.3,Cash,Location A,15,,,9,1264.26,805,Buy One Get One Free,Yes,Fall,Yes
8338827,2023-11-16 06:01:56,455,988,8,175.61,0.12,,,6,Sunday,46,11,1236.29,205,Flash Sale,,Summer,
8587297,2023-05-28 00:54:36,738,1616,3,124.9,0.25,Mobile Payment,Location D,0,,21,5,,373,,,Spring,
4475747,2023-07-10 09:30:42,251,6107,8,667.1,0.14,Mobile Payment,Location A,9,Wednesday,28,7,4589.65,502,Flash Sale,No,Fall,Yes
1056798,2022-04-30 02:15:38,901,9499,6,857.93,0.49,Mobile Payment,,2,Monday,17,4,2625.27,47,Buy One Get One Free,No,Fall,Yes
7687742,2023-08-22 02:56:43,756,9766,4,318.81,0.13,Debit Card,Location A,2,Monday,34,8,1109.46,516,Flash Sale,Yes,Summer,
6002332,2022-10-28 07:51:51,830,3654,10,717.79,0.49,Debit Card,Location C,7,Saturday,43,10,3660.73,509,Flash Sale,Yes,Fall,
8251555,2023-12-24 19:52:15,425,8667,4,503.9,0.2,Cash,,19,Monday,51,12,,735,20% Off,,,No
9424261,2022-05-19 09:43:52,543,2422,9,921.6,0.16,Cash,Location B,9,Monday,20,5,6967.3,802,Buy One Get One Free,,Fall,No
3756297,2023-06-07 14:43:07,176,4589,1,,0.49,Mobile Payment,Location C,14,Saturday,23,,2009.43,927,Flash Sale,Yes,Winter,Yes
3230987,2022-06-05 18:02:44,100,4349,1,804.84,0.44,Debit Card,Location A,18,,,6,450.71,32,20% Off,,Winter,No
4561197,2022-04-05 14:22:12,858,2090,3,781.98,0.16,Credit Card,Location C,14,,14,4,1970.59,168,20% Off,,Spring,Yes
7997997,2022-08-19 19:39:37,768,9241,2,812.97,0.32,Cash,Location D,19,Sunday,,8,1105.64,568,20% Off,No,Fall,No
6160466,2023-12-08 05:49:19,714,8188,10,668.66,0.02,Mobile Payment,Location B,5,Sunday,49,12,6552.87,423,Buy One Get One Free,Yes,Fall,No
9486451,2023-04-14 00:14:10,400,2241,2,688.12,0.06,Credit Card,Location D,0,Thursday,15,4,1293.67,290,Flash Sale,,Winter,Yes
7122145,2022-12-24 13:40:56,370,5387,1,747.57,0.34,Cash,Location B,13,Sunday,51,12,493.4,428,Flash Sale,,Fall,
5944140,,715,6845,1,991.55,0.33,Debit Card,Location C,6,Wednesday,12,12,664.34,290,,,Winter,No
2359319,2022-02-28 09:49:58,387,2445,4,634.98,,Credit Card,,9,Tuesday,9,2,2539.92,938,Buy One Get One Free,Yes,Fall,Yes
3650210,2022-09-30 00:48:33,160,5933,2,796.53,0.02,,,0,Sunday,39,9,1561.2,244,Flash Sale,,Winter,Yes
7095809,2022-01-18 11:21:20,911,7417,10,662.99,0.39,,Location B,11,Wednesday,3,1,4044.24,612,Flash Sale,No,Spring,
6946440,2023-05-27 10:14:02,488,2745,5,443.49,0.48,Credit Card,Location D,10,Tuesday,21,5,1153.07,623,Buy One Get One Free,Yes,Fall,Yes
5533524,2022-05-05 09:54:35,863,9839,1,982.64,0.06,Cash,Location D,9,,18,5,923.68,511,20% Off,No,,Yes
6817661,2023-07-16 10:09:26,290,628,10,513.33,0.01,Debit Card,Location D,10,Saturday,28,7,5081.97,38,20% Off,Yes,Fall,No
3603830,2023-07-05 07:01:06,664,6831,9,459.19,0.43,Mobile Payment,Location C,7,Saturday,27,7,,849,,,,No
7289755,2023-06-20 00:31:16,7,6442,3,571.1,0.45,Mobile Payment,Location D,0,Sunday,25,6,942.32,275,20% Off,,Spring,
4958816,2022-10-26 19:19:09,851,9045,1,385.69,0.11,Cash,Location A,19,Sunday,43,10,343.26,535,,No,Spring,Yes
4449372,2023-04-17 00:33:45,928,1936,9,566.96,0.4,Mobile Payment,Location B,0,,16,4,3061.58,83,,Yes,Summer,No
7742402,2023-07-23 11:57:17,156,8440,5,587.28,0.49,Credit Card,Location C,11,Sunday,29,7,1497.56,825,20% Off,No,Winter,Yes
9217831,2022-05-18 07:18:22,859,2956,9,884.58,0.14,Debit Card,Location C,7,Sunday,20,5,6846.65,875,20% Off,,,Yes
7195633,2022-10-31 20:38:07,223,9158,4,753.24,0.08,Mobile Payment,,20,Saturday,44,,2771.92,996,Flash Sale,No,Summer,No
1143675,2022-10-05 10:26:25,299,7900,3,848.2,0.32,Cash,Location B,10,,40,10,1730.33,920,Buy One Get One Free,Yes,,Yes
4503724,2023-10-03 22:29:16,670,9531,1,792.93,0.13,Debit Card,,22,Wednesday,40,10,689.85,107,20% Off,Yes,Spring,No
5258617,2022-08-17 13:56:28,278,9311,3,729.52,0.5,Credit Card,,13,Monday,33,8,1094.28,317,20% Off,No,Winter,
8255011,2022-04-01 07:15:45,835,3647,10,643.38,,,Location A,7,Saturday,13,4,6433.8,141,,Yes,Fall,
9226395,2022-09-06 15:46:58,820,5212,9,385.17,0.01,Mobile Payment,Location B,15,Tuesday,36,9,3431.86,819,20% Off,No,,Yes
3299848,2022-01-16 01:59:13,480,9726,9,679.01,0.25,Debit Card,Location A,1,Sunday,2,1,4583.32,12,,Yes,Spring,
3481274,2022-02-18 13:08:02,674,1551,10,164.44,0.29,Mobile Payment,Location D,13,Wednesday,7,2,1167.52,208,Buy One Get One Free,Yes,Fall,
5934096,2022-10-03 13:11:07,857,112,2,135.55,0.19,Credit Card,Location C,13,Monday,40,10,219.59,730,Flash Sale,No,Spring,
5018613,2022-02-12 01:29:00,591,147,2,613.84,0.04,Cash,Location C,1,,6,2,1178.57,93,,,Fall,Yes
7561472,2023-08-06 19:37:36,239,5125,6,218.72,0.35,Credit Card,Location C,19,Saturday,31,8,853.01,148,,No,Spring,Yes
5461924,,798,3368,9,853.12,0.02,Mobile Payment,Location B,22,Wednesday,45,8,7524.52,775,Buy One Get One Free,Yes,Spring,Yes
3054557,2022-07-16 13:39:55,963,2019,4,397.75,0.18,Credit Card,Location B,13,Sunday,28,7,,338,,No,Winter,No
4949013,2022-04-20 10:03:12,378,2012,10,796.01,0.09,,,10,,16,4,7243.69,40,Flash Sale,No,,
5827632,2022-09-03 00:11:42,502,2813,9,682.5,0.48,Cash,Location C,0,,35,9,3194.1,628,,,Winter,No
2261923,2023-03-30 09:48:19,376,5973,9,257.38,0.46,,Location C,9,Tuesday,13,3,1250.87,918,,,Summer,
8644270,2022-12-30 00:06:56,706,6484,1,210.15,0.32,,Location A,0,Tuesday,52,12,142.9,327,Flash Sale,,Fall,
6137932,2023-07-21 01:37:09,818,6624,8,298.29,0.35,Debit Card,Location B,1,Saturday,29,7,1551.11,622,Buy One Get One Free,No,Summer,
2114145,2023-02-20 23:33:45,98,3256,3,745.31,0.5,,,23,Tuesday,8,2,1117.96,434,Flash Sale,,,No
5544107,2023-03-17 14:54:53,965,595,9,19.52,0.2,Credit Card,Location A,14,Tuesday,11,3,140.54,587,Buy One Get One Free,Yes,,
5147481,2022-04-12 20:43:15,381,5946,2,115.02,0.13,,Location B,20,Thursday,15,4,200.13,615,Buy One Get One Free,No,Spring,No
9173493,2022-03-18 01:52:45,348,3691,10,943.09,0.29,Mobile Payment,Location A,1,Friday,11,3,6695.94,581,,,Summer,Yes
4985062,2022-11-27 02:03:40,214,4917,7,64.14,0.1,Mobile Payment,Location C,2,Thursday,47,11,404.08,737,Flash Sale,Yes,Summer,Yes
2493688,2022-06-15 18:37:02,895,2328,8,937.38,0.13,Credit Card,Location B,18,Sunday,24,6,6524.16,395,Buy One Get One Free,No,,
2484859,2023-05-06 08:11:17,971,3505,7,724.76,0.46,Credit Card,Location D,8,Sunday,18,5,2739.59,1,Buy One Get One Free,No,,Yes
7665632,2022-12-29 03:56:21,12,5203,2,282.8,0.42,Cash,,3,Thursday,52,12,328.05,907,Flash Sale,No,,Yes
7018671,,533,574,6,809.01,0.34,Debit Card,,17,Monday,31,1,3203.68,63,Flash Sale,No,Winter,No
5667493,2022-10-11 14:12:43,27,885,1,132.04,0.45,Debit Card,Location A,14,Sunday,41,10,72.62,10,Buy One Get One Free,No,Fall,No
1016759,2022-09-29 22:35:50,561,3158,5,32.79,0.07,,Location C,22,Saturday,39,,152.47,443,20% Off,No,Fall,Yes
2294298,2023-01-14 08:11:45,506,8157,1,223.89,0.17,Debit Card,Location B,8,,2,1,,162,20% Off,,Fall,No
1890375,2022-10-10 19:17:21,516,2444,8,787.23,0.21,Cash,Location D,19,Sunday,41,10,4975.29,413,Flash Sale,,Summer,Yes
8739016,2022-03-18 22:02:11,136,8643,4,290.14,0.14,Mobile Payment,Location A,22,Monday,11,3,998.08,667,Flash Sale,Yes,Winter,Yes
1911991,2023-07-15 01:41:30,137,8750,1,789.38,0.37,Cash,,1,Friday,28,7,497.31,313,20% Off,,Fall,Yes
1449917,2023-11-05 11:12:20,180,6764,1,358.07,0.44,,Location C,11,,44,11,200.52,315,,,Spring,No
5103648,2022-03-23 06:41:11,606,1508,9,335.84,0.17,Mobile Payment,Location D,6,Monday,12,3,2508.72,82,20% Off,No,Spring,Yes
6042073,2022-12-25 00:01:05,51,7374,7,357.34,0.2,Mobile Payment,,0,Saturday,51,12,2001.1,94,Flash Sale,No,Summer,Yes
1621120,,197,6504,5,502.33,0.08,Cash,,20,Wednesday,,7,2310.72,293,20% Off,,Spring,
1243501,2022-04-02 16:49:02,462,3613,7,916.33,0.13,Debit Card,Location A,16,Friday,13,,5580.45,626,,No,Winter,
5921280,2023-01-26 10:25:24,153,6084,5,695.54,0.19,Credit Card,Location D,10,Saturday,4,1,2816.94,810,20% Off,No,Spring,
1412177,,265,685,4,636.86,0.44,,Location A,8,Thursday,15,5,1426.57,127,20% Off,Yes,Summer,Yes
3519085,2023-12-27 17:04:39,795,5124,8,442.31,0.21,Mobile Payment,Location A,17,,52,12,2795.4,387,Flash Sale,,Spring,Yes
4578369,2023-09-14 09:06:43,643,9817,9,108.41,0.22,Mobile Payment,Location D,9,Wednesday,37,9,761.04,608,20% Off,No,Fall,Yes
3008075,2022-02-05 10:48:25,659,6648,7,88.22,0.48,Debit Card,Location C,10,Saturday,5,,,871,Flash Sale,No,,Yes
7600665,2022-12-23 04:57:37,899,6903,4,109.78,0.25,,Location A,4,Tuesday,51,12,329.34,981,,,Winter,
4105719,2022-08-08 10:24:10,192,5942,8,877.04,0.32,,Location B,,Monday,32,8,4771.1,345,Flash Sale,,,
4997910,2023-02-22 20:43:08,691,7144,9,407.77,0.22,Credit Card,,20,,8,2,2862.55,158,20% Off,No,Spring,No
9459028,2023-01-13 16:09:40,427,2323,4,690.64,0.0,Debit Card,Location B,16,Saturday,2,1,2762.56,620,20% Off,No,Spring,Yes
1166809,2023-03-31 03:27:14,580,5294,5,237.3,0.25,Debit Card,Location B,3,Wednesday,13,3,889.88,136,Flash Sale,,Winter,
8118354,2022-12-18 06:35:31,451,3060,6,461.18,0.29,Cash,Location C,6,Saturday,50,12,1964.63,157,,No,Winter,No
8537789,2022-04-09 16:01:45,928,4362,6,222.52,0.12,Cash,Location A,16,Sunday,14,4,1174.91,680,Buy One Get One Free,,Summer,No
7734859,2022-08-15 21:45:53,541,5494,8,467.96,0.33,Cash,Location B,21,Sunday,33,8,2508.27,97,Buy One Get One Free,No,Fall,No
4492201,2022-05-23 05:36:00,1,3797,8,58.16,0.02,Credit Card,Location C,5,Thursday,21,5,455.97,522,Buy One Get One Free,,Fall,
1369842,2022-10-29 12:58:11,412,9471,1,285.09,0.12,Credit Card,Location C,12,Monday,43,10,250.88,999,Flash Sale,,Spring,Yes
3979509,2023-04-29 19:54:57,65,8324,3,416.0,,Mobile Payment,Location D,19,Tuesday,17,4,1248.0,853,20% Off,No,Winter,
8491108,2023-11-10 21:17:47,89,3492,3,537.88,0.12,Mobile Payment,Location A,21,,45,11,1420.0,275,20% Off,,Winter,No
1917076,2022-10-25 07:41:05,623,4469,3,44.21,0.16,Debit Card,Location D,7,Wednesday,43,,111.41,605,Flash Sale,Yes,Summer,
6267457,2023-05-25 21:24:33,668,7063,5,535.41,0.35,Credit Card,,21,Monday,21,5,1740.08,781,,No,Fall,Yes
1090171,2023-02-15 03:37:21,107,3656,9,890.6,0.21,Cash,Location C,3,,7,2,6332.17,509,Flash Sale,,,No
9320371,2022-03-20 10:23:14,903,7000,8,484.56,0.4,Mobile Payment,Location B,10,Saturday,11,3,2325.89,807,,Yes,Winter,
4894728,2023-12-27 14:23:37,382,2599,1,948.32,0.04,Credit Card,Location D,14,Wednesday,52,12,910.39,516,Flash Sale,No,,No
8916342,2023-12-09 05:08:04,321,9430,7,429.44,,Cash,Location B,5,Friday,49,12,3006.08,30,,Yes,Fall,Yes
4792538,2022-05-09 03:06:49,494,9845,1,625.07,0.07,Credit Card,Location D,3,Saturday,19,5,581.32,1000,Buy One Get One Free,Yes,Fall,
8238315,2023-06-28 08:40:37,280,3744,8,854.62,0.17,Debit Card,Location B,,,26,6,5674.68,284,20% Off,Yes,Spring,Yes
6632010,2022-02-19 00:06:37,617,2009,3,266.32,0.49,,Location B,0,Tuesday,7,2,407.47,941,Buy One Get One Free,No,Fall,
1910642,2022-08-31 19:17:34,904,5961,5,334.62,0.47,Mobile Payment,Location A,19,Saturday,35,8,,865,,No,,No
8180355,2022-03-16 03:12:33,407,4817,1,899.82,0.15,Credit Card,Location D,3,Tuesday,11,3,764.85,21,20% Off,Yes,,Yes
1700500,2022-10-27 04:30:08,75,9205,7,56.19,0.13,Mobile Payment,Location A,4,Thursday,43,10,342.2,122,Buy One Get One Free,,,Yes
2216869,2023-03-22 19:10:14,557,843,5,807.89,0.34,Mobile Payment,,19,Monday,12,3,2666.04,439,Flash Sale,,Winter,Yes
1623923,2023-02-01 08:23:30,825,3240,2,266.48,0.32,Mobile Payment,Location D,8,,5,2,362.41,354,Buy One Get One Free,No,Summer,No
5251502,2023-01-22 14:22:13,774,8808,9,908.39,0.47,Credit Card,Location D,14,Monday,3,1,4333.02,403,,No,,
1760713,2022-10-05 18:57:38,276,1489,8,410.06,0.47,Credit Card,Location B,18,Monday,40,10,1738.65,528,,Yes,Winter,
8482390,2022-02-11 22:27:56,949,5270,2,538.77,0.4,Credit Card,,22,Friday,6,2,646.52,294,,Yes,Fall,No
3010144,2022-09-30 00:56:53,213,9585,9,115.26,0.39,,,0,Monday,39,9,632.78,274,,No,,
1450901,2022-08-04 05:12:03,81,6953,3,385.84,0.27,Debit Card,,5,Saturday,31,8,844.99,481,,Yes,Fall,
5401991,2022-12-29 11:44:59,374,5142,8,388.82,0.09,,,11,Monday,52,12,2830.61,919,20% Off,,Summer,
8202392,2022-11-25 09:17:02,883,801,1,,0.14,Mobile Payment,Location D,9,Friday,47,11,4097.7,935,Flash Sale,,Fall,Yes
4167268,2022-07-06 05:29:59,656,8183,1,495.86,0.39,Mobile Payment,Location A,5,Saturday,27,7,302.47,422,,No,,Yes
1240460,2023-04-12 12:46:21,90,5885,2,57.33,0.38,Mobile Payment,Location B,,Wednesday,15,4,71.09,904,Buy One Get One Free,,Fall,Yes
9099697,2022-10-19 01:39:35,369,6787,9,685.12,0.14,,Location D,1,Wednesday,42,10,5302.83,45,Flash Sale,,Winter,Yes
2471154,2022-05-23 00:31:46,843,6291,3,594.59,0.3,Credit Card,Location C,0,Monday,21,5,1248.64,940,,No,Fall,
7317928,2022-09-16 05:24:07,218,7251,7,250.64,0.1,,,5,Wednesday,37,9,1579.03,405,20% Off,Yes,,
1220025,2022-03-11 17:35:34,139,1182,1,107.04,0.26,,,17,Sunday,10,3,79.21,553,Buy One Get One Free,No,Spring,Yes
5591569,2023-05-17 02:33:44,785,7968,10,465.7,,Mobile Payment,Location B,2,Friday,20,5,4657.0,648,Buy One Get One Free,,Spring,
4187734,2022-12-02 14:47:32,206,8221,6,853.91,0.11,,Location A,14,Thursday,48,12,4559.88,630,20% Off,Yes,Spring,Yes
8079545,2023-11-08 18:18:13,601,7797,10,348.43,0.1,,Location C,18,,45,11,3135.87,130,20% Off,Yes,Fall,
4202647,2023-06-24 15:06:10,746,8937,5,661.49,0.35,Cash,Location D,15,,25,6,2149.84,160,Buy One Get One Free,,Winter,No
7578937,2023-09-08 19:39:19,657,6049,5,297.82,0.08,Credit Card,Location A,19,Tuesday,36,9,1369.97,226,Buy One Get One Free,,Winter,Yes
2764403,2023-05-14 21:15:39,827,171,8,181.07,0.17,Cash,Location D,21,Sunday,19,5,1202.3,698,Flash Sale,Yes,Winter,Yes
3116941,2023-12-24 18:51:34,727,6140,7,375.61,0.3,Mobile Payment,Location D,18,Wednesday,51,12,,171,Flash Sale,Yes,,
6506394,2023-09-11 17:59:56,766,7009,4,15.83,0.41,Mobile Payment,Location A,17,Sunday,37,9,37.36,927,Flash Sale,Yes,Summer,No
2468654,2023-03-30 21:25:44,405,8018,1,797.6,0.0,Mobile Payment,Location B,21,Saturday,13,3,,774,20% Off,Yes,Summer,No
8969635,2023-07-23 09:00:54,696,9357,5,999.57,0.07,Cash,Location D,9,Thursday,,7,4648.0,158,Buy One Get One Free,No,,No
5295135,2022-07-07 19:44:43,345,7117,2,505.8,0.36,,,19,Saturday,,7,647.42,904,Flash Sale,Yes,Summer,
8649099,2022-01-28 04:57:40,186,1996,8,825.1,0.44,Cash,,4,Friday,4,1,3696.45,165,Flash Sale,No,,
3820331,2022-06-03 22:13:27,762,2053,7,981.27,0.08,Mobile Payment,,22,Saturday,22,6,6319.38,226,,Yes,Summer,No
8449314,2022-09-23 15:06:53,55,5169,5,261.29,0.27,Cash,,15,Saturday,38,9,953.71,873,Flash Sale,,Spring,
8014132,2022-10-10 20:48:39,837,9344,7,625.32,0.05,Credit Card,,20,Monday,41,10,4158.38,505,20% Off,,Winter,
2326088,2022-11-24 02:11:53,569,608,9,463.99,0.02,Debit Card,,,Sunday,,11,4092.39,428,Buy One Get One Free,No,Fall,No
3797060,2022-03-04 15:03:15,780,3578,10,471.15,0.05,Cash,Location D,15,Sunday,9,3,,142,Flash Sale,No,,No
3873449,2022-05-26 02:11:52,274,3635,6,622.71,0.49,Cash,Location C,2,Sunday,21,5,1905.49,949,,,Fall,Yes
1756072,,373,7933,1,84.22,0.37,Mobile Payment,Location C,13,,51,3,53.06,436,20% Off,Yes,Summer,
5457621,2022-03-29 12:47:36,171,8895,6,817.24,0.13,Mobile Payment,Location D,12,Sunday,13,3,4265.99,162,Flash Sale,Yes,Fall,No
1346870,2023-05-24 08:30:59,462,8629,3,53.99,0.22,Cash,,8,Sunday,21,5,126.34,630,Flash Sale,Yes,Winter,Yes
9557888,2023-06-21 16:12:59,24,5565,6,836.99,0.12,,Location B,16,,25,,4419.31,480,Buy One Get One Free,,Fall,No
5937093,2022-12-27 13:12:42,653,1017,1,600.69,0.21,Mobile Payment,Location A,13,Monday,52,12,474.55,795,20% Off,Yes,Winter,No
2690614,2023-12-04 00:31:32,182,5320,5,127.97,0.37,,Location B,,Friday,49,12,403.11,230,Flash Sale,Yes,Winter,No
6448375,2023-12-19 05:02:39,533,2404,5,478.07,0.35,Mobile Payment,Location B,5,Tuesday,51,12,1553.73,820,20% Off,No,,Yes
8529279,2023-03-24 09:23:47,776,791,2,88.66,0.39,Mobile Payment,Location C,9,Thursday,12,3,108.17,496,Buy One Get One Free,No,Winter,No
7026491,2023-10-02 16:29:34,573,6270,4,980.87,0.15,Debit Card,Location D,16,,40,10,3334.96,613,,,,
3949527,2023-08-01 02:36:11,222,4344,1,951.46,0.17,Cash,Location C,2,Saturday,31,8,789.71,627,Buy One Get One Free,,,Yes
7392207,,11,1712,3,756.94,0.38,Debit Card,Location D,20,Tuesday,34,6,1407.91,379,Buy One Get One Free,Yes,,No
9729490,2022-04-27 14:32:28,52,2099,1,70.4,0.14,,Location D,14,,17,4,60.54,563,Buy One Get One Free,Yes,,No
8082887,2022-03-01 05:59:11,792,8592,5,316.43,0.1,Mobile Payment,Location C,5,Friday,9,3,1423.94,818,Buy One Get One Free,,Fall,No
8893642,2023-11-23 01:39:38,991,5189,5,803.64,0.28,Debit Card,Location C,1,Sunday,47,11,2893.1,315,Buy One Get One Free,Yes,Summer,No
5107408,2023-03-15 12:50:07,965,7497,4,701.04,0.3,,,12,Sunday,11,3,1962.91,234,Flash Sale,Yes,Summer,
2143931,2023-07-07 23:40:29,470,6611,9,38.88,0.48,Cash,Location A,23,Saturday,27,7,181.96,690,Buy One Get One Free,,Winter,Yes
6566732,2022-09-01 16:01:30,995,4661,10,666.86,0.18,Credit Card,Location C,16,Monday,35,9,,146,,Yes,Spring,No
5180492,2023-02-05 10:48:21,331,7369,5,,0.05,Debit Card,Location B,,Monday,5,2,4397.39,146,20% Off,,,
1801136,2022-07-10 01:25:02,247,7003,9,96.19,0.36,,Location A,1,Tuesday,27,7,554.05,271,,Yes,Fall,No
8333965,2023-09-17 03:17:21,688,8971,3,692.67,0.09,,Location C,3,Friday,37,9,1890.99,669,,Yes,Winter,
4223307,,458,7779,2,11.21,0.12,,Location A,17,Friday,38,1,,988,20% Off,,,No
7489346,2023-10-30 12:07:52,800,3297,9,528.36,0.3,Cash,Location A,12,Friday,44,10,3328.67,963,Flash Sale,,Summer,
1765054,2022-01-17 21:16:13,851,2062,3,137.02,0.45,,Location D,21,Thursday,3,1,,369,Buy One Get One Free,Yes,Summer,Yes
2112410,2022-04-18 18:23:23,184,9332,7,423.64,0.11,Debit Card,,,Wednesday,16,4,2639.28,343,20% Off,No,Fall,Yes
4350811,2022-02-04 01:12:34,547,3500,3,768.26,0.22,Credit Card,Location C,1,Thursday,5,2,1797.73,896,20% Off,No,Winter,Yes
4816711,2022-09-29 13:46:28,510,6507,8,588.01,0.45,Cash,Location C,13,Thursday,39,9,2587.24,171,Buy One Get One Free,Yes,Winter,
4623062,,678,294,3,174.78,0.3,,Location C,5,Thursday,30,3,367.04,486,Buy One Get One Free,,,
9429862,2023-05-10 22:08:23,151,3186,4,658.82,0.05,Debit Card,Location D,22,Wednesday,19,5,2503.52,59,Flash Sale,,Spring,No
8476699,2022-11-08 04:28:25,680,400,8,802.8,0.03,Mobile Payment,Location B,4,Wednesday,45,11,6229.73,917,,,Winter,No
3139017,2023-03-25 09:24:10,782,8537,3,343.79,0.26,Cash,Location A,9,Tuesday,,3,763.21,56,Flash Sale,Yes,Spring,No
1048106,2023-12-10 23:34:53,504,6168,3,986.79,0.17,Mobile Payment,,23,Tuesday,49,,2457.11,772,,No,Summer,
1602531,2023-06-21 01:35:02,749,5272,4,943.18,0.43,Credit Card,,1,Sunday,25,6,2150.45,472,,Yes,Summer,No
2883423,2022-11-22 22:33:55,869,8194,8,866.5,0.11,Mobile Payment,Location A,22,,47,11,6169.48,75,Buy One Get One Free,No,Summer,No
5322740,2022-09-30 22:51:24,783,7257,6,389.58,0.37,Credit Card,Location C,22,Tuesday,39,9,1472.61,32,20% Off,Yes,Winter,No
5448623,2022-03-29 15:17:09,357,6727,2,632.67,0.31,Mobile Payment,Location B,15,Tuesday,13,3,873.08,358,Flash Sale,,,No
9737885,2023-10-08 12:57:01,531,6346,3,633.53,0.26,Debit Card,,12,Thursday,40,10,1406.44,985,Buy One Get One Free,,Spring,No
4487451,2022-03-23 00:16:17,584,1629,6,732.69,0.05,Credit Card,Location D,,Monday,12,3,4176.33,716,Flash Sale,Yes,Summer,Yes
5397160,2023-08-08 16:10:06,808,8455,5,362.22,,Credit Card,Location B,16,Friday,32,8,1811.1,221,,No,Spring,
5958809,2023-01-16 23:42:48,791,5006,6,34.81,0.09,Cash,,23,,3,1,190.06,892,Flash Sale,,Fall,
9935424,2023-07-08 08:37:12,729,7045,9,235.76,0.38,Mobile Payment,Location D,8,Thursday,27,7,1315.54,716,Buy One Get One Free,Yes,Summer,Yes
7041993,2023-07-13 04:07:52,267,7809,2,936.57,0.23,Debit Card,Location D,4,Wednesday,28,7,1442.32,45,20% Off,No,Spring,
7835231,2022-06-13 23:45:37,544,3783,9,599.34,0.45,Debit Card,Location A,23,Wednesday,24,6,2966.73,248,20% Off,Yes,Spring,Yes
5313219,2022-03-29 08:12:26,923,7349,7,938.43,0.03,Mobile Payment,Location C,8,Thursday,13,3,6371.94,769,,,Summer,Yes
2124158,2023-12-02 20:15:38,404,9603,8,89.71,0.37,Cash,,20,,,12,452.14,814,Buy One Get One Free,No,,No
9421968,2022-03-10 08:51:08,819,2740,3,247.84,0.08,Credit Card,Location C,8,Tuesday,10,3,684.04,352,,,Fall,No
6703646,2023-10-05 11:40:11,996,9549,8,832.88,0.46,,Location D,11,Sunday,40,10,3598.04,460,20% Off,Yes,Summer,Yes
3285180,2022-12-14 20:04:45,388,7050,10,,0.32,Mobile Payment,Location A,20,Tuesday,50,12,1707.06,155,20% Off,Yes,Spring,Yes
8517029,,517,1766,8,997.56,0.46,Cash,Location C,5,Wednesday,26,10,,978,Flash Sale,,,
4925699,2023-10-28 15:57:13,50,4391,5,217.2,0.0,Mobile Payment,Location C,15,Saturday,43,10,,746,Buy One Get One Free,No,Winter,No
2184682,2022-09-06 07:01:12,347,2435,7,800.17,0.16,Mobile Payment,Location C,7,Friday,36,9,4705.0,248,,,Spring,
5165249,2023-01-01 01:47:50,873,910,2,466.28,0.18,Debit Card,Location C,1,Tuesday,52,1,764.7,767,Buy One Get One Free,,,
2158219,2022-05-20 23:27:36,832,3154,9,551.97,0.07,Cash,Location C,23,Friday,,5,4619.99,565,20% Off,,Winter,
8315177,2023-08-17 04:36:00,361,2135,1,596.98,0.3,Debit Card,Location A,4,Monday,33,8,417.89,171,20% Off,,Winter,No
1403288,2023-01-27 01:00:41,587,979,3,73.11,0.17,Credit Card,,1,Saturday,4,1,182.04,800,Flash Sale,No,Fall,No
1161843,2022-04-23 13:41:36,133,5186,5,908.55,0.44,Debit Card,Location D,13,Monday,16,4,2543.94,619,Buy One Get One Free,No,Spring,Yes
2625131,2023-08-14 05:48:21,90,7835,3,835.84,0.45,Credit Card,Location A,5,Sunday,33,8,1379.14,837,Flash Sale,Yes,,
6117287,2022-03-15 13:53:01,409,3162,2,204.01,0.08,Credit Card,Location B,13,Wednesday,11,3,375.38,393,,,,
9825736,2022-12-30 16:15:16,424,4969,4,509.55,,Mobile Payment,Location C,16,,52,12,2038.2,997,20% Off,Yes,Winter,No
3191725,2023-06-02 17:36:30,519,4299,4,492.34,,Mobile Payment,Location D,17,Friday,22,6,1969.36,914,Buy One Get One Free,Yes,Fall,Yes
4075748,2022-03-14 00:41:22,229,3424,4,300.49,,Mobile Payment,Location C,0,Saturday,11,3,1201.96,982,20% Off,Yes,Spring,
7072295,2022-07-08 07:56:05,874,6093,10,108.82,,Credit Card,Location B,7,Tuesday,27,7,,343,,Yes,Spring,Yes
6954854,2022-06-02 21:14:08,744,7333,4,616.48,0.37,Mobile Payment,Location C,,Saturday,22,6,1553.53,171,Buy One Get One Free,,,No
3713592,2023-01-22 14:05:38,658,1669,2,689.49,0.29,,Location D,14,,3,1,979.08,891,20% Off,Yes,Summer,Yes
3870062,2023-03-24 11:04:21,277,5674,1,459.59,0.4,Mobile Payment,Location B,11,Wednesday,12,3,275.75,295,Buy One Get One Free,Yes,Spring,Yes
4036755,2022-05-19 07:02:28,224,9504,5,196.99,0.42,,Location A,7,Thursday,20,,571.27,553,Buy One Get One Free,No,Spring,Yes
3485700,2022-04-24 16:20:53,790,6520,10,913.59,0.13,Mobile Payment,Location A,16,Wednesday,16,4,7948.23,326,,No,,Yes
8902027,2023-02-23 18:24:10,361,1513,9,945.89,0.07,Debit Card,Location C,18,Saturday,8,2,7917.1,666,Flash Sale,Yes,Summer,Yes
6729936,2023-10-22 19:35:08,901,8484,4,127.01,0.26,Debit Card,Location D,19,Saturday,42,10,375.95,382,Buy One Get One Free,,,No
4037167,2023-09-17 06:24:46,760,7691,9,777.56,0.14,Cash,Location B,6,Saturday,,9,6018.31,94,Flash Sale,Yes,,No
2592688,2023-03-03 05:21:12,226,456,2,643.61,0.07,Credit Card,,5,Friday,9,3,1197.11,78,Flash Sale,,Summer,Yes
7322889,2023-02-03 14:47:13,516,1124,7,361.52,0.3,Cash,,14,,5,2,1771.45,282,Flash Sale,Yes,Summer,
1482550,2023-01-14 18:33:21,443,5144,5,69.21,0.5,Debit Card,Location C,18,Friday,2,,173.02,508,20% Off,,Spring,Yes
4003287,2022-08-16 17:24:45,110,235,3,769.66,0.27,,Location B,17,Wednesday,33,8,1685.56,947,Flash Sale,,Spring,
6967785,2022-05-02 05:06:26,989,4507,4,593.65,0.29,Cash,,5,Sunday,18,5,,595,20% Off,,,
4296508,2023-10-11 13:40:13,78,7818,3,933.56,0.17,Cash,Location C,13,Sunday,41,10,2324.56,267,,,Summer,Yes
2102277,2022-10-19 16:44:53,310,1272,5,225.7,0.43,Credit Card,,16,Wednesday,,,643.25,45,Buy One Get One Free,No,Spring,No
6701515,2023-09-24 14:08:01,643,6545,2,,0.29,Debit Card,Location C,14,Friday,38,9,4054.58,776,,Yes,Spring,
1201336,2022-08-28 21:24:38,310,2932,4,133.22,0.19,,,21,Saturday,34,8,431.63,680,Flash Sale,Yes,Winter,
8082836,2023-08-06 07:22:32,164,1017,1,531.97,,,Location D,7,Monday,31,8,531.97,509,,,Winter,
9705346,2023-09-07 19:02:55,696,9889,8,135.24,,Debit Card,,19,Saturday,,9,1081.92,915,Flash Sale,No,,Yes
7264816,2022-09-20 11:33:54,417,2849,6,411.36,0.27,Debit Card,Location C,11,Monday,,9,1801.76,392,20% Off,Yes,Winter,Yes
1240656,2022-10-29 16:19:00,845,8811,4,632.88,0.2,Debit Card,Location C,,Thursday,43,10,2025.22,731,Flash Sale,Yes,Fall,
8884708,2022-03-31 17:24:47,472,1531,2,501.69,0.34,Credit Card,,17,Monday,13,3,662.23,649,,No,,
7639370,2023-02-17 07:05:21,798,4954,1,,0.49,Credit Card,,7,Friday,7,2,2311.41,469,,No,,No
4643626,2022-01-06 22:04:01,282,1802,9,182.92,0.11,Debit Card,Location B,,Sunday,1,1,1465.19,27,,,Fall,No
7109820,2023-06-16 08:42:07,718,9865,2,61.86,0.02,Debit Card,Location C,,Saturday,24,6,121.25,468,Buy One Get One Free,No,,
2235246,2022-05-11 11:55:44,599,1780,5,715.11,0.02,Credit Card,Location C,11,Friday,19,5,3504.04,69,,,Fall,No
3592421,2022-01-30 23:18:00,266,470,3,708.83,0.48,Credit Card,Location A,23,Tuesday,4,1,1105.77,601,,,Fall,No
6963486,2023-01-13 11:38:40,895,9939,7,645.7,0.09,Cash,Location A,11,Monday,2,1,4113.11,944,,No,Summer,No
7662904,2023-09-08 04:10:02,119,4366,9,234.21,0.46,Mobile Payment,Location B,4,,36,9,1138.26,167,Buy One Get One Free,,Spring,
5721981,2023-10-16 13:09:55,75,1918,10,707.44,0.21,Mobile Payment,Location B,13,Monday,42,10,5588.78,934,Buy One Get One Free,,Spring,Yes
7200682,2023-01-07 14:34:20,490,783,7,228.75,0.07,Credit Card,Location B,14,Tuesday,1,1,,575,Flash Sale,No,Fall,Yes
7335783,2023-03-07 20:03:12,501,6842,8,953.56,0.35,Debit Card,,20,Saturday,10,3,4958.51,940,,Yes,,No
4056052,2022-06-19 23:51:11,572,6039,9,,0.1,Mobile Payment,Location B,23,Friday,24,6,3359.39,219,Buy One Get One Free,,Summer,Yes
8154970,2023-09-20 04:56:20,793,1224,1,207.56,0.41,Mobile Payment,Location A,4,Sunday,38,9,122.46,502,Buy One Get One Free,Yes,,No
5580465,2022-10-04 14:16:45,706,7040,4,263.62,0.27,Mobile Payment,Location C,14,Saturday,40,10,769.77,939,Flash Sale,,Summer,
4658489,2023-11-14 03:01:23,425,1395,1,481.57,0.25,Cash,,3,Thursday,46,11,361.18,61,20% Off,No,Winter,
3858472,2023-08-08 18:07:09,24,8437,1,456.98,0.01,,Location B,18,Tuesday,32,8,452.41,636,Buy One Get One Free,No,Winter,Yes
2819494,2022-10-29 01:42:56,703,899,6,596.58,0.33,Debit Card,Location B,1,Saturday,43,10,2398.25,456,Buy One Get One Free,,Summer,No
3691813,2022-11-02 12:02:12,422,1547,6,657.81,0.4,Debit Card,Location C,,Wednesday,44,11,2368.12,952,20% Off,,Winter,Yes
5357321,2022-11-30 16:43:56,50,6464,1,383.62,0.38,Mobile Payment,Location A,,Friday,,11,237.84,493,Buy One Get One Free,No,Fall,Yes
2739854,2022-02-24 08:01:12,381,1210,7,783.68,0.17,Cash,,8,Saturday,8,2,4553.18,194,Flash Sale,,Spring,Yes
1779746,2022-04-18 12:39:07,413,7241,10,99.18,0.44,Credit Card,Location C,12,Thursday,16,4,555.41,770,,Yes,Winter,Yes
6003581,,28,7883,6,655.59,0.35,Cash,,9,Tuesday,41,6,2556.8,385,Buy One Get One Free,Yes,Spring,Yes
6664145,2022-12-16 11:20:16,483,3327,8,282.92,0.17,Cash,,11,Saturday,50,12,,664,20% Off,Yes,Summer,Yes
9024610,2023-10-09 16:43:22,47,5321,6,795.88,0.21,Cash,Location D,16,Tuesday,41,10,3772.47,329,20% Off,No,Winter,
5813004,2023-09-25 07:44:40,568,9884,9,,0.3,Cash,,7,Wednesday,39,9,2178.57,818,Buy One Get One Free,,Fall,No
5523529,2022-07-20 12:50:25,970,8849,2,595.12,0.12,,Location A,12,Friday,29,7,1047.41,828,,Yes,Winter,No
7491491,2022-05-17 17:20:35,468,1494,5,676.61,0.07,Debit Card,Location A,17,Wednesday,20,5,3146.24,604,Flash Sale,,Winter,No
7194411,2023-04-30 10:53:15,939,851,10,566.36,0.05,Mobile Payment,,10,,17,4,5380.42,675,Buy One Get One Free,No,Fall,No
1443141,2023-08-20 19:11:55,274,509,9,823.12,0.32,Debit Card,Location D,19,Sunday,33,8,5037.49,13,Buy One Get One Free,,Summer,No
5499822,2022-10-18 09:03:57,855,4350,5,897.13,0.12,Cash,Location C,9,Sunday,42,10,3947.37,632,Buy One Get One Free,Yes,Winter,Yes
9795547,2023-09-25 23:42:35,681,6213,1,767.61,0.08,Mobile Payment,Location D,23,Thursday,39,9,706.2,362,Flash Sale,No,,
5834707,2022-09-10 11:56:13,265,4677,5,,0.1,Credit Card,Location C,11,Sunday,36,9,708.23,541,Flash Sale,,Spring,
3827122,2022-11-16 03:17:37,333,1893,5,365.1,0.38,Mobile Payment,,3,Thursday,46,11,1131.81,21,,,,
8326012,2022-04-06 13:14:07,11,6063,9,605.22,0.36,Debit Card,Location A,13,Thursday,14,4,3486.07,706,20% Off,,Winter,No
4774069,2022-10-23 15:58:53,160,6789,10,693.21,0.03,,Location C,15,,42,10,6724.14,718,Flash Sale,,Fall,
7071433,2023-11-21 00:13:01,139,2977,10,932.51,0.47,,Location A,0,Friday,,11,4942.3,468,,No,Fall,
2556761,2023-11-24 03:55:48,231,749,8,498.13,0.39,Mobile Payment,,3,Thursday,47,11,2430.87,287,Flash Sale,No,Fall,
7500115,2022-07-08 23:50:44,460,3613,5,971.84,0.14,Debit Card,Location B,23,Tuesday,27,7,,688,20% Off,Yes,Winter,
4493427,2022-09-28 06:42:24,741,864,2,496.84,0.29,Cash,Location D,6,Tuesday,39,9,705.51,250,,No,Spring,No
2751048,2023-12-19 17:15:03,612,5455,6,542.91,0.36,Mobile Payment,Location A,17,Friday,,12,2084.77,385,,No,Spring,No
8123611,2022-02-15 12:24:40,190,1318,2,206.11,0.01,Debit Card,Location A,12,Thursday,7,2,408.1,725,Flash Sale,No,Spring,
2963548,2023-01-01 22:44:00,61,9395,9,541.16,0.39,Mobile Payment,Location D,22,Saturday,52,1,2970.97,815,20% Off,No,Summer,
7495779,2023-07-06 08:27:15,470,7448,9,,0.48,Debit Card,Location C,8,Wednesday,27,7,439.64,420,Buy One Get One Free,,Winter,No
4688292,2022-02-24 05:22:01,184,2021,6,334.89,,Debit Card,Location A,5,,8,2,2009.34,321,Flash Sale,,Summer,Yes
2626145,2022-08-22 09:07:14,503,6687,3,834.49,0.17,Mobile Payment,Location B,,Sunday,34,8,2077.88,116,Buy One Get One Free,,Fall,Yes
5555205,2023-08-26 02:26:17,801,5004,5,976.23,,Credit Card,,2,Monday,34,8,4881.15,124,20% Off,Yes,Spring,Yes
1455210,2023-07-12 14:13:27,387,1992,7,71.96,,Debit Card,Location D,14,Monday,28,7,503.72,665,Buy One Get One Free,,Spring,Yes
3002139,2022-06-28 17:46:26,834,4759,5,868.17,0.34,Mobile Payment,Location C,17,Thursday,26,6,2864.96,288,Buy One Get One Free,Yes,Fall,
8796946,2023-10-11 23:38:36,77,8819,4,617.19,0.06,Debit Card,,23,Monday,41,10,,250,Flash Sale,No,Fall,Yes
8401588,2023-09-18 01:57:14,80,2384,4,830.68,0.49,Cash,Location D,1,Saturday,38,,1694.59,662,Buy One Get One Free,,Winter,No
4171993,2023-02-08 12:12:02,203,1780,1,569.5,0.15,,Location C,12,Friday,6,2,484.07,334,Buy One Get One Free,Yes,,No
5889727,2023-02-25 02:09:27,716,786,1,860.75,0.11,Credit Card,,2,Saturday,8,2,766.07,26,Buy One Get One Free,Yes,Summer,Yes
4545967,2022-04-28 13:20:43,779,5421,2,91.29,0.4,Debit Card,Location D,13,Saturday,17,4,109.55,687,Flash Sale,Yes,,
8986502,2022-05-09 03:46:54,480,8687,3,368.19,0.48,Credit Card,,3,,19,5,574.38,12,20% Off,,Summer,No
4158383,2022-09-29 11:12:32,691,2067,3,838.27,0.21,Cash,Location B,11,,39,9,1986.7,905,20% Off,Yes,Winter,
4264625,2022-04-27 15:21:21,876,8403,4,784.91,0.36,Cash,Location D,15,Monday,17,4,,511,Buy One Get One Free,,Fall,Yes
3534094,2023-11-19 00:47:50,258,9716,5,354.0,0.08,Mobile Payment,Location B,,Tuesday,46,11,1628.4,474,,Yes,Summer,No
3312656,2022-08-06 07:50:33,983,3971,4,525.83,0.46,Cash,Location D,7,Saturday,31,8,1135.79,504,Buy One Get One Free,No,Spring,No
3430348,2023-03-14 22:32:28,202,4425,6,,0.2,,Location C,22,Thursday,11,3,,527,Buy One Get One Free,,Fall,No
4354653,2023-03-09 15:52:18,160,9096,4,628.88,0.27,Debit Card,Location D,15,Monday,10,3,1836.33,642,Flash Sale,Yes,Fall,No
4386633,2023-12-13 22:23:15,241,3745,6,780.41,0.14,Cash,Location C,,Saturday,50,12,,206,Flash Sale,No,,No
3822736,2022-05-18 17:45:54,561,6480,9,879.75,0.28,Cash,Location B,17,Monday,20,5,5700.78,296,Buy One Get One Free,No,Fall,Yes
2353061,2023-01-01 02:25:18,893,8832,7,604.38,0.28,Debit Card,,2,Wednesday,52,1,3046.08,607,Buy One Get One Free,Yes,Winter,
7792743,2023-01-06 16:14:55,493,8763,8,571.59,0.36,Debit Card,Location C,16,Tuesday,1,1,2926.54,407,Buy One Get One Free,Yes,Spring,No
1732099,2022-05-27 10:37:42,156,4697,6,129.76,0.12,Credit Card,,10,Thursday,21,5,685.13,184,Buy One Get One Free,,Spring,Yes
5228271,2022-04-25 18:08:55,466,9727,6,239.11,0.26,Mobile Payment,Location A,18,,17,4,1061.65,680,Flash Sale,No,Summer,
5069467,2023-11-03 21:58:50,745,2827,3,87.4,0.43,Credit Card,Location D,21,,44,11,149.45,167,Buy One Get One Free,,,
3491387,2023-05-03 09:52:38,689,5190,3,259.98,0.23,Cash,,9,,18,5,600.55,188,20% Off,Yes,Spring,Yes
6480479,2023-10-06 06:55:29,689,647,6,59.35,0.27,Mobile Payment,Location A,6,Monday,40,10,259.95,172,Buy One Get One Free,,Spring,Yes
5441169,2022-02-28 05:02:28,827,5654,3,207.15,0.39,Cash,,5,Wednesday,9,2,379.08,501,20% Off,Yes,Winter,No
4713804,2022-06-21 19:33:31,279,8342,3,782.03,0.23,Cash,Location B,19,Sunday,25,6,1806.49,833,Flash Sale,Yes,Winter,Yes
5168353,2022-08-16 06:54:41,602,3348,3,74.21,0.35,Cash,Location D,6,Friday,33,8,144.71,336,,Yes,,
6232295,2023-04-15 15:30:07,96,7929,8,348.74,0.02,Debit Card,Location C,15,Saturday,15,4,2734.12,977,20% Off,No,Spring,Yes
8920221,2023-05-19 08:05:29,873,3287,8,605.58,0.07,Cash,,8,Sunday,20,5,4505.52,673,20% Off,No,Fall,
2601643,2023-08-28 22:04:22,119,6566,8,678.62,0.3,Cash,Location D,22,Thursday,35,8,3800.27,917,,No,Summer,No
8740934,2022-10-16 13:44:04,972,882,4,318.89,0.19,Credit Card,Location C,13,Sunday,41,10,,553,20% Off,,Spring,Yes
5959320,2022-11-01 11:24:38,110,908,1,373.15,0.18,Credit Card,Location B,11,Saturday,44,,305.98,317,Flash Sale,Yes,Winter,No
3443410,2022-03-08 08:25:10,185,7543,8,508.31,0.32,Credit Card,Location C,8,Thursday,10,3,2765.21,1000,20% Off,Yes,Summer,
5002138,2023-08-20 04:28:53,614,780,1,777.06,0.1,Credit Card,Location C,,Sunday,33,8,699.35,739,Buy One Get One Free,Yes,Fall,No
5674933,2023-06-07 06:13:16,288,4905,6,508.4,0.31,Debit Card,Location C,6,,23,6,2104.78,335,Flash Sale,No,,Yes
7290420,2022-09-28 03:20:40,932,324,4,867.79,0.27,Cash,Location B,3,Tuesday,39,9,2533.95,33,20% Off,Yes,Fall,No
9122732,2022-06-04 08:14:05,234,7316,2,252.95,0.38,Credit Card,Location B,8,Thursday,22,6,313.66,92,20% Off,,Spring,
8635656,2023-11-02 09:09:32,72,7194,6,978.02,0.1,Mobile Payment,,9,,44,11,5281.31,632,Buy One Get One Free,Yes,Spring,
5789120,2022-12-21 12:42:35,700,9614,7,498.14,0.29,Mobile Payment,Location A,,Thursday,51,12,2475.76,996,Flash Sale,,,Yes
5944245,2023-11-27 03:20:18,756,548,5,742.19,0.05,Mobile Payment,Location A,3,Tuesday,48,,3525.4,155,Flash Sale,,,No
6273360,2022-09-20 17:27:42,263,3417,4,644.39,0.33,Credit Card,Location B,17,Monday,38,9,1726.97,563,20% Off,No,Fall,Yes
3190563,,353,7828,5,23.35,0.33,,,18,Thursday,23,7,78.22,237,Flash Sale,No,Fall,
6853927,2023-09-27 03:58:05,386,9616,1,468.87,0.37,Credit Card,Location D,3,Tuesday,39,9,,359,Buy One Get One Free,,Winter,
9980933,2022-06-14 14:05:31,920,3206,1,471.29,0.03,Cash,,14,,24,6,457.15,153,Buy One Get One Free,No,Winter,No
9980934,2022-07-05 02:39:03,184,1738,9,875.69,0.16,,Location A,2,Sunday,27,7,6620.22,95,20% Off,No,Spring,
9980935,2023-04-13 08:53:26,149,7721,1,548.78,0.09,Mobile Payment,,8,Sunday,15,4,499.39,134,,,Winter,
9980936,2022-04-25 06:06:26,761,7999,7,913.25,,Debit Card,,6,Monday,17,4,,415,Buy One Get One Free,,Summer,Yes
9980937,2023-08-01 14:03:11,434,8346,6,,0.42,Mobile Payment,Location D,14,Tuesday,31,8,3512.14,243,,Yes,Summer,No
9980938,2022-12-14 13:21:06,823,5325,1,863.78,0.1,Mobile Payment,Location A,13,Wednesday,50,12,777.4,149,Buy One Get One Free,,Winter,
9980939,2022-09-19 11:19:01,730,6972,2,174.47,0.13,Mobile Payment,Location C,11,Monday,38,9,303.58,633,,No,,Yes
9980940,2023-06-03 10:59:47,643,7374,7,505.65,0.08,Debit Card,Location D,10,Saturday,22,6,3256.39,374,,,Spring,
9980941,2023-05-14 13:57:09,830,634,4,,0.16,Mobile Payment,Location B,13,Wednesday,19,5,3295.88,88,Buy One Get One Free,Yes,Winter,
9980942,2023-08-11 11:58:59,896,556,2,684.96,0.14,Mobile Payment,Location C,11,Wednesday,32,8,1178.13,913,Buy One Get One Free,No,Fall,No
9980943,2023-04-05 18:11:17,257,9292,4,,0.46,Debit Card,Location D,18,Tuesday,14,4,404.39,333,Buy One Get One Free,No,Fall,No
9980944,2022-12-21 22:45:20,945,3945,6,199.02,0.14,Credit Card,Location C,22,Sunday,,12,1026.94,179,,Yes,Winter,
9980945,2022-01-10 09:54:55,661,8364,4,359.48,0.17,Debit Card,Location B,9,Thursday,2,1,1193.47,910,,Yes,,No
9980946,2023-10-07 07:24:15,467,7732,4,818.58,0.0,Cash,Location D,7,Wednesday,40,10,3274.32,499,20% Off,No,Fall,
9980947,2023-07-09 14:48:18,672,8828,1,45.88,0.13,Debit Card,Location C,14,Friday,27,7,39.92,859,Flash Sale,,Summer,No
9980948,2023-11-04 12:00:55,287,8743,2,555.25,0.37,Mobile Payment,,12,Monday,44,11,699.62,631,20% Off,No,,Yes
9980949,2023-12-20 11:28:26,201,4612,4,791.69,0.47,,Location A,11,Tuesday,,12,1678.38,411,Buy One Get One Free,,Summer,
9980950,2023-09-12 22:19:30,388,3340,4,127.52,0.33,Credit Card,Location B,22,Sunday,37,9,341.75,407,Buy One Get One Free,Yes,Summer,
9980951,,263,7400,2,220.78,0.3,Credit Card,,13,Monday,24,8,309.09,850,20% Off,,Spring,No
9980952,2022-02-10 08:36:39,67,6334,2,695.62,0.25,Debit Card,,8,Monday,6,2,1043.43,346,20% Off,,Fall,Yes
9980953,2022-07-15 14:05:46,368,447,1,746.16,0.25,,Location A,14,Wednesday,28,7,559.62,277,,No,,
9980954,2022-10-29 21:53:23,357,8394,9,393.57,0.29,,Location D,21,Sunday,43,10,2514.91,69,20% Off,,Fall,No
9980955,2022-09-18 03:47:04,747,4175,2,463.07,0.04,Credit Card,,3,Tuesday,37,9,889.09,788,,Yes,,Yes
9980956,2022-03-02 03:40:29,757,4770,7,865.07,0.21,,Location D,3,Sunday,9,,4783.84,723,Flash Sale,,Winter,Yes
9980957,2023-09-07 10:51:44,689,1694,10,150.13,0.34,,,10,Saturday,36,9,990.86,308,20% Off,,Summer,Yes
9980958,2022-06-22 02:41:44,930,2931,2,605.25,0.08,Mobile Payment,,2,Monday,25,6,1113.66,708,,,Winter,
9980959,2023-05-28 18:39:51,613,6316,4,75.57,0.17,Credit Card,Location C,18,Sunday,,5,250.89,872,Buy One Get One Free,No,Spring,
9980960,2022-08-22 09:11:40,176,4975,4,625.46,0.13,Credit Card,,9,Friday,34,8,2176.6,513,Flash Sale,Yes,Summer,
9980961,2023-10-09 00:35:55,634,892,8,979.77,0.46,Mobile Payment,,,Saturday,41,10,4232.61,935,Buy One Get One Free,Yes,Spring,No
9980962,2022-03-07 02:09:55,415,3697,4,299.65,0.11,Debit Card,Location D,2,Tuesday,10,3,1066.75,250,Buy One Get One Free,,Fall,Yes
9980963,2023-12-25 09:57:30,896,2642,6,945.4,0.22,Mobile Payment,,9,Saturday,52,12,4424.47,246,,,Spring,Yes
9980964,2023-05-10 23:19:34,83,716,2,171.3,0.38,Credit Card,Location A,23,Saturday,19,5,212.41,965,20% Off,,Winter,No
9980965,2023-07-24 13:09:03,521,5546,10,66.56,0.31,Cash,Location C,13,Saturday,30,7,459.26,623,,,Fall,
9980966,2023-03-12 01:29:01,239,8394,10,126.28,0.46,Cash,Location A,1,Tuesday,10,3,681.91,440,Buy One Get One Free,,Fall,
9980967,2023-07-25 00:07:24,545,2976,4,887.71,0.03,Credit Card,Location D,0,Monday,30,7,3444.31,67,Flash Sale,,,Yes
9980968,2022-07-08 14:52:42,896,9016,7,338.8,0.22,,Location C,14,Thursday,27,7,1849.85,281,Buy One Get One Free,,Spring,No
9980969,2023-11-25 02:27:28,350,8664,7,729.16,0.08,,Location C,2,Saturday,47,11,4695.79,921,Flash Sale,No,Winter,Yes
9980970,2023-05-23 23:23:19,372,8079,1,150.56,0.13,Mobile Payment,Location C,23,Friday,21,5,,263,Buy One Get One Free,Yes,Winter,
9980971,2022-11-04 09:35:34,45,6463,7,506.92,0.28,Mobile Payment,Location C,9,Tuesday,44,11,2554.88,175,,,Fall,No
9980972,2022-05-05 06:14:27,603,690,2,823.03,0.36,Mobile Payment,Location D,6,Friday,18,5,1053.48,897,Buy One Get One Free,Yes,,No
9980973,2022-10-10 22:13:50,946,8043,6,350.06,0.14,Cash,Location A,22,,41,10,1806.31,176,Flash Sale,,,No
9980974,2023-05-24 11:14:07,299,9237,1,620.34,0.2,Credit Card,Location A,11,Monday,21,5,496.27,522,20% Off,No,Summer,No
9980975,2022-06-20 17:51:59,240,7635,4,204.01,0.39,Credit Card,Location D,17,Saturday,25,6,497.78,159,,,Fall,Yes
9980976,2022-09-17 22:51:02,859,7921,5,206.94,0.45,Mobile Payment,Location B,22,Wednesday,37,9,569.09,719,20% Off,No,Summer,
9980977,2022-10-16 18:26:00,982,904,4,572.6,0.1,Credit Card,Location A,18,Thursday,41,10,2061.36,365,Buy One Get One Free,,Spring,Yes
9980978,2023-12-26 01:43:13,262,9440,10,520.61,0.5,Mobile Payment,Location C,1,Monday,52,12,2603.05,705,Buy One Get One Free,,Winter,No
9980979,2022-02-18 19:37:05,478,9532,5,221.76,0.03,Credit Card,Location D,19,Wednesday,7,2,1075.54,301,20% Off,No,Fall,No
9980980,2022-04-21 12:08:27,257,8203,1,563.16,0.3,Mobile Payment,Location C,12,Saturday,16,4,394.21,186,Buy One Get One Free,Yes,Fall,Yes
9980981,2022-10-09 10:01:22,290,4067,8,635.2,0.24,Cash,,10,Monday,40,10,3862.02,733,20% Off,Yes,Summer,No
9980982,2023-01-11 02:59:47,919,6125,2,184.7,0.03,Debit Card,Location B,2,Monday,2,1,358.32,815,Buy One Get One Free,,Summer,No
9980983,2022-07-02 00:37:41,874,1894,5,,0.49,Credit Card,,0,Tuesday,26,7,3511.56,687,Flash Sale,,Summer,No
9980984,2022-07-15 11:42:03,377,1242,3,,0.49,,Location D,11,Wednesday,28,7,992.08,101,Flash Sale,,,Yes
9980985,2022-03-13 17:44:45,836,7164,2,808.53,0.39,Debit Card,Location C,17,Tuesday,10,3,986.41,748,Buy One Get One Free,Yes,Summer,No
9980986,2022-01-21 17:20:27,247,3190,9,261.73,0.27,Mobile Payment,Location D,17,Saturday,3,1,1719.57,859,Buy One Get One Free,,Winter,Yes
9980987,2023-10-29 10:46:16,312,4407,3,513.08,0.34,Credit Card,Location D,10,Monday,43,10,1015.9,496,Buy One Get One Free,Yes,Spring,Yes
9980988,2023-09-08 17:41:18,167,1998,7,739.2,0.03,Cash,Location D,17,,36,9,5019.17,887,20% Off,,,
9980989,2023-03-22 19:17:10,481,9588,9,945.93,0.05,Debit Card,,19,Saturday,12,3,8087.7,737,20% Off,Yes,Fall,Yes
9980990,2022-11-15 16:39:17,617,9133,6,401.1,0.34,Mobile Payment,Location A,16,Tuesday,46,11,1588.36,274,20% Off,,,No
9980991,2022-10-24 12:34:28,122,9722,2,455.74,0.21,Mobile Payment,Location A,12,Tuesday,43,10,720.07,706,Buy One Get One Free,,,Yes
9980992,2023-08-09 10:37:35,833,7291,6,486.21,0.23,,Location B,10,Thursday,32,8,2246.29,38,Flash Sale,No,Winter,No
9980993,2023-10-31 09:53:36,873,3573,6,482.37,0.24,,Location B,9,,44,10,2199.61,301,,No,,
9980994,2022-09-05 11:30:35,494,6059,5,673.63,0.32,Credit Card,,11,Thursday,36,9,2290.34,183,Flash Sale,No,Spring,Yes
9980995,2023-05-01 14:34:20,965,6115,9,261.29,0.44,Mobile Payment,Location C,,Sunday,18,5,1316.9,178,Buy One Get One Free,,,No
9980996,,247,5105,6,486.81,0.19,Mobile Payment,Location D,5,Wednesday,19,5,2365.9,516,,No,Summer,Yes
9980997,2023-07-02 09:45:25,86,7235,4,556.1,0.07,,Location A,9,Saturday,26,,2068.69,596,20% Off,,,Yes
9980998,2022-04-14 22:10:22,466,936,1,540.5,0.15,,Location A,22,Tuesday,15,4,459.43,357,20% Off,,,Yes
9980999,2023-09-15 10:32:43,519,8858,5,618.1,,Credit Card,Location C,10,Wednesday,37,,3090.5,863,Flash Sale,No,,Yes
9981000,2022-03-12 15:11:11,281,1845,4,639.11,0.29,Cash,Location B,15,Sunday,10,3,1815.07,107,,Yes,Summer,No
9981001,2023-03-05 02:55:43,108,3863,9,478.11,0.43,Mobile Payment,Location C,2,Sunday,9,3,2452.7,817,Flash Sale,Yes,Fall,Yes
9981002,2022-07-10 19:23:34,675,5406,3,529.61,0.08,Debit Card,Location D,19,Wednesday,27,7,1461.72,476,20% Off,Yes,Spring,No
9981003,2023-07-13 17:34:56,620,9546,5,110.8,0.16,Credit Card,Location D,17,,28,7,465.36,708,Flash Sale,No,Spring,Yes
9981004,2023-02-16 19:53:34,79,3669,3,248.37,0.13,,Location A,19,Friday,7,2,648.25,999,Flash Sale,Yes,Winter,
9981005,2023-10-25 22:19:44,280,2098,6,876.02,0.45,Debit Card,,22,Wednesday,43,10,2890.87,471,20% Off,Yes,Winter,
9981006,2022-07-01 02:13:15,517,8062,6,775.77,0.14,Cash,Location B,2,Friday,26,,4002.97,771,Buy One Get One Free,No,Winter,Yes
9981007,2023-01-25 12:11:18,996,739,5,793.27,0.42,Credit Card,Location B,12,Sunday,4,1,2300.48,484,Buy One Get One Free,No,Spring,Yes
9981008,2023-05-17 18:15:44,211,5821,9,109.87,0.16,,Location D,18,Thursday,20,5,830.62,412,,,Spring,No
9981009,2022-06-11 19:55:53,795,9433,7,668.19,0.27,Mobile Payment,,19,Saturday,23,6,3414.45,57,Buy One Get One Free,Yes,,No
9981010,2023-10-16 16:46:31,370,7137,10,324.12,0.26,,Location A,16,Friday,42,10,2398.49,913,,,Spring,Yes
9981011,2022-03-12 10:15:02,544,4751,5,70.41,0.25,Credit Card,,10,Tuesday,10,3,264.04,357,Flash Sale,No,Winter,No
9981012,2022-05-19 08:16:35,962,3160,8,300.1,0.27,Debit Card,Location B,8,Sunday,20,5,1752.58,550,Buy One Get One Free,,Winter,Yes
9981013,2022-01-15 08:53:41,342,3986,2,466.15,0.13,,Location D,8,Friday,2,1,,262,Buy One Get One Free,,Summer,No
9981014,2022-04-12 03:28:04,588,3389,8,208.29,0.26,Credit Card,Location B,3,Thursday,15,4,1233.08,591,Flash Sale,No,,
9981015,2023-05-20 03:38:28,187,4115,8,610.24,0.06,,Location C,3,Sunday,20,5,4589.0,110,Flash Sale,,Winter,No
9981016,2023-05-21 00:41:35,89,254,3,808.64,0.15,Cash,Location D,0,Friday,20,5,2062.03,276,Buy One Get One Free,Yes,Winter,No
9981017,2023-11-02 02:03:52,354,6222,10,446.89,0.28,,Location D,2,Thursday,44,11,3217.61,39,Flash Sale,Yes,,Yes
9981018,2023-02-23 18:00:51,316,399,4,,0.34,Cash,Location C,18,Saturday,8,2,1351.51,330,,Yes,,Yes
9981019,2023-12-05 13:33:47,532,2532,6,627.87,0.0,Credit Card,,13,Friday,49,12,,617,Buy One Get One Free,No,Fall,
9981020,2022-10-26 00:36:42,141,8979,1,304.96,0.19,Credit Card,,0,Wednesday,43,10,247.02,971,Buy One Get One Free,,Winter,
9981021,2023-01-16 16:16:00,829,6147,3,308.18,0.46,Debit Card,Location D,16,Saturday,3,1,499.25,451,Flash Sale,No,Fall,
9981022,2023-08-11 12:10:41,333,3941,9,579.42,0.21,Debit Card,Location C,12,Sunday,32,8,4119.68,266,20% Off,No,,Yes
9981023,2022-04-30 19:55:28,726,7937,9,32.45,0.04,Credit Card,Location C,19,Wednesday,17,4,280.37,65,Buy One Get One Free,,Winter,No
9981024,2022-12-07 00:31:44,49,2265,4,418.51,0.09,,Location B,0,Friday,49,,1523.38,930,Flash Sale,No,Winter,
9981025,2022-08-15 11:31:53,861,8715,8,293.49,0.09,Credit Card,Location B,,Monday,33,8,2136.61,496,,No,,
9981026,2022-12-11 12:09:25,982,4332,2,278.01,0.48,Debit Card,Location C,12,Saturday,49,12,289.13,65,Buy One Get One Free,,Summer,Yes
9981027,2023-09-18 02:50:59,408,9328,2,616.03,0.39,,Location C,2,Saturday,38,9,751.56,778,Flash Sale,No,Summer,
9981028,2023-10-07 10:11:46,179,3508,4,984.06,0.01,Mobile Payment,Location A,10,Wednesday,40,10,3896.88,100,20% Off,No,Summer,No
9981029,2023-01-20 08:47:38,591,4422,2,316.32,0.08,Credit Card,Location A,8,Saturday,3,1,582.03,824,20% Off,,,
9981030,2023-09-06 04:48:37,394,9087,3,316.26,0.43,Credit Card,,4,Saturday,36,9,540.8,823,,Yes,,Yes
9981031,2023-11-21 10:22:05,146,3156,8,911.57,0.21,Credit Card,Location C,10,Friday,47,11,5761.12,976,Buy One Get One Free,,Spring,
9981032,2022-01-18 06:09:13,898,9548,4,16.26,0.16,Debit Card,Location B,6,Monday,3,1,54.63,206,20% Off,No,Fall,No
9981033,2022-10-14 20:59:18,751,3284,1,629.08,0.22,Mobile Payment,Location D,20,Monday,41,10,490.68,129,Buy One Get One Free,No,Fall,Yes
9981034,2022-03-08 21:43:13,554,6526,8,849.17,0.32,,Location D,21,Thursday,10,3,4619.48,521,20% Off,No,Summer,
9981035,2022-04-25 17:01:30,686,5606,5,680.12,0.11,Mobile Payment,Location B,17,Tuesday,17,4,3026.53,60,Flash Sale,Yes,Winter,
9981036,2023-09-19 13:08:01,266,6307,5,64.97,0.01,Debit Card,Location C,13,Tuesday,38,9,321.6,732,Buy One Get One Free,No,Spring,No
9981037,2023-05-18 11:28:58,470,7040,8,639.15,0.42,Debit Card,,11,Saturday,20,5,2965.66,671,Buy One Get One Free,Yes,,No
9981038,,653,3887,8,808.86,0.33,Debit Card,Location A,22,Monday,,8,4335.49,763,,No,Winter,Yes
9981039,2023-04-02 03:42:47,713,5533,3,200.94,0.24,Mobile Payment,Location A,3,Thursday,13,4,458.14,448,Flash Sale,No,,Yes
9981040,2022-10-07 16:34:57,368,5619,1,285.9,0.44,Credit Card,,16,Friday,40,10,160.1,685,,Yes,Summer,Yes
9981041,2022-07-12 14:20:12,777,8651,9,673.89,0.06,Mobile Payment,Location B,14,Monday,28,,5701.11,450,,No,Spring,Yes
9981042,2022-04-12 19:11:26,994,6404,3,95.57,0.23,Mobile Payment,,19,Thursday,15,4,220.77,272,20% Off,Yes,Fall,No
9981043,2022-08-01 08:26:18,485,6685,4,680.88,0.35,Cash,Location A,8,Thursday,31,8,1770.29,133,20% Off,Yes,Spring,No
9981044,2022-05-20 03:39:10,776,7001,7,638.72,0.4,Credit Card,,3,Monday,20,5,2682.62,246,Flash Sale,Yes,Winter,No
9981045,2022-08-25 02:55:46,380,4478,2,914.17,0.05,Cash,Location B,2,Friday,34,8,1736.92,351,20% Off,,,No
9981046,2022-04-29 18:32:42,264,7425,4,20.84,0.02,Mobile Payment,Location B,18,Thursday,17,4,81.69,846,Flash Sale,No,Summer,Yes
9981047,2022-05-12 13:11:52,151,9244,9,422.53,0.08,Cash,Location D,13,Monday,19,5,3498.55,546,,,Summer,Yes
9981048,2022-08-05 07:13:03,117,9630,4,261.86,0.33,,Location C,7,Thursday,31,8,701.78,608,,Yes,Fall,No
9981049,2022-08-17 18:24:09,586,2973,7,188.13,0.14,Credit Card,Location A,18,Thursday,33,8,1132.54,933,Flash Sale,,Winter,Yes
9981050,2023-10-14 22:51:34,716,627,8,382.75,0.09,Mobile Payment,Location A,22,Monday,41,10,2786.42,344,Buy One Get One Free,,,Yes
9981051,2023-04-17 13:33:55,836,99,7,780.81,0.24,,Location D,13,Thursday,16,4,4153.91,850,Flash Sale,,,
9981052,2023-09-08 05:39:53,573,5409,10,228.03,0.11,Debit Card,Location A,5,Sunday,36,9,2029.47,682,Buy One Get One Free,Yes,Summer,
9981053,2023-03-20 11:12:24,256,1463,7,141.97,0.1,Debit Card,Location B,11,Sunday,12,3,894.41,423,,,Fall,No
9981054,2022-10-07 05:49:10,751,2711,6,243.95,0.39,Debit Card,Location D,5,Sunday,40,10,892.86,832,Flash Sale,,Spring,
9981055,2023-04-15 07:04:05,340,4804,7,243.77,0.16,Credit Card,Location C,7,,15,4,1433.37,964,,Yes,Spring,No
9981056,2022-06-26 19:21:42,932,7926,10,47.43,0.29,Cash,Location D,19,,25,,336.75,401,Buy One Get One Free,No,,Yes
9981057,,677,4068,5,520.12,0.29,Debit Card,Location D,,,34,6,1846.43,205,Flash Sale,,Summer,Yes
9981058,2022-04-19 21:37:56,194,5169,6,103.07,0.1,Credit Card,Location B,21,Tuesday,16,4,556.58,339,20% Off,No,Fall,No
9981059,2022-10-09 23:21:53,314,8605,5,103.47,0.11,Mobile Payment,Location D,23,Tuesday,40,10,,255,Buy One Get One Free,Yes,Fall,
9981060,2023-01-09 18:05:00,326,5851,8,960.98,0.45,Mobile Payment,Location A,18,Friday,2,1,4228.31,456,Flash Sale,No,Summer,Yes
9981061,2022-11-08 18:50:58,237,6580,7,235.2,0.19,Mobile Payment,Location A,18,Monday,45,11,1333.58,238,20% Off,,Winter,No
9981062,2022-09-19 12:22:48,127,80,3,275.76,0.07,Mobile Payment,Location D,12,Monday,38,9,769.37,29,Buy One Get One Free,,Fall,No
9981063,2022-12-29 05:59:30,979,5415,8,628.93,0.44,Cash,Location D,5,Tuesday,52,12,2817.61,801,Flash Sale,Yes,Fall,Yes
9981064,2022-04-25 16:38:31,858,9114,8,504.55,0.31,Cash,Location D,16,Saturday,17,4,2785.12,628,Flash Sale,Yes,Spring,No
9981065,2023-11-06 23:44:45,314,6408,6,618.27,0.17,Debit Card,,23,Friday,45,11,3078.98,756,,Yes,Spring,No
9981066,2022-12-19 10:12:17,382,7149,10,88.52,0.41,Debit Card,Location C,10,Sunday,51,12,522.27,583,Buy One Get One Free,No,,
9981067,2022-03-29 18:22:20,966,545,1,384.91,0.04,Mobile Payment,Location C,18,Saturday,13,3,369.51,423,,Yes,Spring,Yes
9981068,2023-03-29 09:47:15,368,1539,10,959.67,0.34,Debit Card,,9,Sunday,13,3,6333.82,738,Flash Sale,Yes,Summer,Yes
9981069,2023-07-17 21:29:51,1000,3693,10,516.91,0.2,,Location B,21,Tuesday,29,7,4135.28,881,20% Off,No,,Yes
9981070,2022-03-27 20:21:45,70,587,2,696.73,0.26,Cash,,20,Sunday,12,3,1031.16,87,20% Off,No,Spring,No
9981071,2023-02-06 08:38:32,78,7120,5,566.6,0.42,Cash,Location C,8,Wednesday,6,2,1643.14,771,,No,Winter,
9981072,2022-07-29 19:30:16,188,4618,5,743.92,0.11,,Location A,19,Tuesday,30,7,3310.44,691,,,,Yes
9981073,,672,1819,6,95.11,0.36,Cash,Location D,11,Thursday,31,11,365.22,693,Buy One Get One Free,Yes,Spring,Yes
9981074,2023-08-11 18:12:04,865,6364,3,779.91,0.34,Cash,Location B,18,Thursday,32,,1544.22,841,,No,Summer,
9981075,2022-01-27 09:04:37,931,9723,7,595.64,0.42,Cash,Location D,9,Thursday,4,1,2418.3,364,,No,,
9981076,2022-03-18 07:10:34,917,2447,6,385.67,0.36,Debit Card,Location D,7,Friday,11,3,1480.97,485,Buy One Get One Free,No,,Yes
9981077,2022-04-08 04:53:53,493,4355,10,727.59,0.48,Credit Card,Location B,4,,14,4,3783.47,766,20% Off,,Winter,
9981078,2023-02-22 20:00:07,563,2898,10,,0.13,Credit Card,,20,,8,2,1508.78,141,Buy One Get One Free,No,Winter,No
9981079,,505,4296,6,513.24,0.05,Cash,Location C,19,,44,4,2925.47,982,20% Off,Yes,Fall,Yes
9981080,2023-01-24 18:55:58,42,1200,8,874.05,0.33,Debit Card,Location C,18,Wednesday,4,1,4684.91,560,Buy One Get One Free,No,,Yes
9981081,2022-12-03 10:15:33,165,2591,9,790.02,0.31,Debit Card,Location B,10,Sunday,48,12,4906.02,15,20% Off,Yes,Spring,
9981082,2022-11-13 23:55:18,562,3780,9,409.99,0.45,,Location C,23,Tuesday,45,11,2029.45,433,Buy One Get One Free,,Spring,
9981083,2022-07-25 15:07:12,532,476,7,130.51,0.2,Debit Card,,15,Thursday,30,7,730.86,234,Flash Sale,No,Winter,Yes
9981084,2022-02-20 09:29:06,610,9505,7,669.31,0.15,,Location D,9,Monday,7,2,3982.39,465,20% Off,,Summer,Yes
9981085,2022-11-28 23:23:54,888,7985,3,239.53,0.25,,,23,,48,11,538.94,123,Flash Sale,No,Spring,
9981086,2023-09-27 04:17:38,648,4601,10,701.72,0.42,Cash,Location D,4,Tuesday,39,9,4069.98,461,,No,Summer,Yes
9981087,2023-10-30 15:51:53,546,6157,10,665.61,0.48,Credit Card,Location C,15,Saturday,44,,3461.17,444,Flash Sale,Yes,Summer,No
9981088,2023-08-30 17:41:14,603,7761,5,971.71,0.23,Credit Card,Location D,17,Thursday,35,8,3741.08,735,Buy One Get One Free,No,Winter,No
9981089,2022-09-28 12:44:47,130,7168,2,509.46,0.08,Debit Card,Location D,12,Thursday,39,9,937.41,41,Buy One Get One Free,No,Winter,Yes
9981090,2023-12-04 07:53:09,163,8268,10,,0.32,Credit Card,Location D,7,Wednesday,49,12,3329.18,43,20% Off,No,Fall,
9981091,2023-11-25 20:55:06,649,9208,9,752.31,0.38,Credit Card,Location A,20,Friday,47,11,4197.89,873,Buy One Get One Free,,Summer,
9981092,2023-07-14 01:46:26,684,1697,6,,0.34,Debit Card,,1,Monday,28,7,2094.87,686,Buy One Get One Free,Yes,Winter,
9981093,2023-09-10 11:51:28,244,9965,4,859.16,0.38,Credit Card,Location A,11,Tuesday,36,9,2130.72,387,Flash Sale,No,Summer,No
9981094,2023-03-02 19:07:08,526,5382,2,353.55,0.18,Credit Card,Location A,19,Monday,9,,579.82,701,,,Spring,Yes
9981095,2023-10-22 06:48:46,356,7524,2,473.76,0.29,Mobile Payment,Location B,6,Friday,42,10,672.74,939,20% Off,,,
9981096,2022-07-04 08:36:48,17,1925,3,328.76,0.3,Credit Card,Location B,8,Tuesday,27,7,690.4,414,20% Off,,Fall,No
9981097,2023-04-17 22:05:51,208,9791,6,853.74,0.08,,,22,Thursday,16,4,4712.64,261,20% Off,No,,
9981098,2022-12-27 08:55:44,676,6171,10,75.55,0.05,Debit Card,Location C,8,Monday,52,,,239,20% Off,,Summer,No
9981099,2022-01-04 07:26:47,938,3112,9,491.98,0.06,Debit Card,Location D,7,,1,1,4162.15,735,,,Summer,No
9981100,2023-01-31 03:03:35,127,6041,3,,0.46,Cash,Location C,3,Wednesday,5,1,4277.06,341,20% Off,,,
9981101,2022-11-26 02:01:18,183,9552,6,266.76,0.4,Credit Card,Location C,2,Saturday,47,11,960.34,7,Buy One Get One Free,Yes,,No
9981102,2022-05-28 07:25:27,648,6763,10,71.46,0.2,Cash,Location D,7,Friday,21,5,571.68,661,20% Off,Yes,Spring,Yes
9981103,2022-10-19 19:14:23,624,3841,6,551.52,,Mobile Payment,,19,Sunday,42,10,3309.12,232,Flash Sale,Yes,,
9981104,2023-07-02 06:29:58,741,4752,1,368.97,0.27,Debit Card,Location B,6,Friday,26,7,269.35,433,20% Off,,Winter,No
9981105,2022-11-21 18:37:40,739,9382,7,885.03,0.49,Credit Card,Location B,18,Saturday,47,11,3159.56,489,20% Off,No,Fall,No
9981106,2022-01-22 09:03:05,174,458,1,788.64,0.49,Cash,Location B,9,Tuesday,3,1,402.21,172,Buy One Get One Free,No,Summer,No
9981107,2022-08-31 22:21:51,634,535,8,525.72,0.41,,Location C,22,Thursday,35,8,2481.4,845,Flash Sale,Yes,Summer,No
9981108,2022-10-12 04:10:08,265,6731,1,185.67,0.39,,Location D,4,Wednesday,41,10,,693,Flash Sale,No,Fall,Yes
9981109,2022-07-06 04:29:44,105,5035,3,446.5,0.0,Cash,Location C,4,Friday,,7,1339.5,460,Buy One Get One Free,,Winter,Yes
9981110,2023-01-16 02:49:41,656,7973,9,724.46,0.29,,Location D,2,Monday,3,1,4629.3,217,,No,,No
9981111,2022-04-21 03:54:46,102,9829,10,447.08,0.36,Credit Card,,,Wednesday,16,4,2861.31,436,Buy One Get One Free,,Fall,No
9981112,2023-02-04 17:39:10,659,5731,9,,0.08,,Location D,17,Saturday,5,2,3678.87,447,Buy One Get One Free,,Summer,
9981113,2023-02-03 10:48:16,556,8730,3,448.4,0.05,Debit Card,,10,,5,2,1277.94,563,20% Off,,Winter,Yes
9981114,2022-04-16 22:28:30,376,924,6,281.06,0.08,Cash,Location C,22,Thursday,15,4,1551.45,206,Flash Sale,No,,Yes
9981115,2023-09-14 08:38:54,250,1730,10,267.48,0.33,,Location C,8,Friday,37,9,,399,Flash Sale,,Winter,
9981116,2022-03-27 03:02:43,280,7608,1,359.32,0.29,Debit Card,,3,Tuesday,12,3,255.12,315,Buy One Get One Free,Yes,Winter,
9981117,2023-07-01 09:16:24,470,3546,10,491.69,0.0,,Location B,9,Sunday,26,7,4916.9,798,20% Off,,Fall,No
9981118,2022-05-28 06:46:33,688,8767,7,896.83,0.36,Mobile Payment,Location D,6,Friday,21,5,4017.8,440,Buy One Get One Free,Yes,Winter,
9981119,2022-09-17 20:22:31,572,9522,9,419.98,0.1,Mobile Payment,Location A,20,Wednesday,37,9,3401.84,39,Buy One Get One Free,Yes,Winter,No
9981120,2023-08-10 01:57:22,414,5473,4,157.17,0.44,Credit Card,,1,Sunday,32,,352.06,186,,Yes,Spring,No
9981121,2022-08-05 15:34:19,113,7887,1,542.25,0.25,Debit Card,Location A,15,Thursday,31,8,406.69,415,Buy One Get One Free,Yes,Fall,Yes
9981122,2022-06-22 01:27:51,169,9582,10,72.61,0.18,Cash,,1,Sunday,25,6,595.4,468,Flash Sale,No,Fall,
9981123,2023-01-03 18:04:01,544,6761,3,,0.22,Cash,Location A,18,Saturday,1,1,500.71,459,20% Off,Yes,Spring,
9981124,2022-04-08 03:27:23,961,9279,10,770.74,0.07,Credit Card,Location C,3,Wednesday,14,4,7167.88,637,Buy One Get One Free,,,
9981125,2022-12-14 15:36:48,971,1342,9,96.0,0.2,,,15,Monday,50,12,,154,20% Off,,,Yes
9981126,2022-03-16 02:25:28,572,6966,2,60.07,0.3,Credit Card,Location A,,Friday,11,3,84.1,675,20% Off,Yes,Winter,Yes
9981127,2023-12-09 00:29:38,691,4627,7,618.84,0.21,Cash,Location B,0,Tuesday,49,12,3422.19,235,Flash Sale,Yes,Spring,
9981128,2023-04-18 02:15:05,136,8659,8,187.91,0.42,Credit Card,,2,Monday,16,4,871.9,94,Buy One Get One Free,No,Winter,No
9981129,2022-08-16 07:58:10,657,1432,9,955.57,0.21,Cash,Location A,7,Tuesday,33,8,6794.1,584,Buy One Get One Free,,,Yes
9981130,2023-01-16 19:37:16,273,8192,9,248.77,0.26,,Location A,19,Tuesday,3,1,1656.81,725,20% Off,,Fall,Yes
9981131,2022-07-19 22:27:14,500,7543,3,,0.35,Mobile Payment,Location A,22,Thursday,29,7,1786.05,791,Flash Sale,No,Winter,No
9981132,2022-10-11 07:08:44,106,99,10,433.34,0.01,Cash,Location C,7,Sunday,41,10,4290.07,747,20% Off,Yes,Summer,No
9981133,2023-03-11 11:52:11,152,6847,3,902.66,0.23,Debit Card,,11,Sunday,10,3,2085.14,738,Buy One Get One Free,,Fall,Yes
9981134,2022-07-20 02:31:25,472,1507,9,327.33,0.39,Cash,Location A,2,Thursday,29,7,1797.04,55,,No,Summer,
9981135,2023-10-18 16:43:01,378,1853,9,581.18,0.48,Mobile Payment,Location B,16,Friday,42,10,2719.92,106,,No,Spring,No
9981136,2022-11-28 21:39:55,253,996,9,607.78,0.2,Mobile Payment,Location A,21,Wednesday,48,11,4376.02,143,,Yes,Winter,No
9981137,2022-12-12 14:38:35,851,8596,5,76.81,0.06,,,14,Monday,50,12,361.01,95,,No,,Yes
9981138,2023-11-22 16:17:24,892,3447,1,500.93,0.48,Credit Card,Location C,16,Thursday,,11,260.48,303,Flash Sale,Yes,,No
9981139,2023-07-16 17:53:03,887,7189,9,311.68,0.1,Mobile Payment,Location A,17,Saturday,28,7,2524.61,193,,No,Spring,Yes
9981140,2022-04-22 13:17:23,689,1597,4,522.96,0.42,Credit Card,Location C,13,Wednesday,16,,1213.27,595,,,Winter,No
9981141,2023-03-22 22:17:50,574,4475,2,282.52,0.23,Mobile Payment,,22,Sunday,12,3,435.08,778,,No,Fall,No
9981142,2023-05-30 09:33:09,612,853,7,705.51,0.41,Cash,Location D,9,Tuesday,22,5,2913.76,437,Buy One Get One Free,No,,Yes
9981143,2022-04-05 06:44:39,275,4335,1,546.14,0.32,Credit Card,Location B,6,Friday,14,4,371.38,546,Flash Sale,Yes,,Yes
9981144,2023-10-02 06:55:02,733,7697,8,631.26,0.02,Mobile Payment,,6,,40,10,4949.08,198,20% Off,Yes,,No
9981145,2023-06-01 00:57:40,259,59,4,806.22,0.32,Credit Card,Location D,0,Thursday,22,6,2192.92,404,20% Off,No,Summer,No
9981146,2022-11-05 19:21:51,885,1947,4,976.04,0.39,Cash,Location C,19,Friday,44,11,2381.54,112,,Yes,,No
9981147,2023-11-03 05:01:18,502,9927,8,109.17,0.43,Mobile Payment,Location D,5,Tuesday,44,11,497.82,354,Buy One Get One Free,,Winter,Yes
9981148,2022-12-17 12:23:43,381,898,3,317.67,0.45,Credit Card,Location A,12,Wednesday,50,12,524.16,210,Flash Sale,,Summer,
9981149,2023-10-29 03:04:58,732,5359,1,152.09,0.31,Credit Card,,3,Saturday,43,10,104.94,283,Buy One Get One Free,No,,Yes
9981150,2023-04-04 08:22:43,585,3145,5,605.89,0.24,Credit Card,Location D,8,,14,4,2302.38,969,Flash Sale,No,Spring,No
9981151,2023-08-03 09:07:03,350,8848,7,981.78,0.23,Mobile Payment,Location D,9,Thursday,,8,5291.79,345,Flash Sale,No,Summer,No
9981152,2022-05-28 15:53:13,517,3858,3,964.26,0.22,,Location A,15,Monday,21,5,2256.37,73,,,Fall,No
9981153,2023-02-21 11:35:27,569,2617,8,232.49,0.1,Cash,Location C,11,Thursday,8,2,1673.93,56,,No,Spring,No
9981154,2022-11-28 01:30:51,88,9731,5,89.42,0.06,Debit Card,Location A,1,Tuesday,48,11,420.27,359,,,Summer,
9981155,2022-11-09 12:36:37,153,2263,3,895.09,0.14,,Location B,12,Sunday,,11,2309.33,9,20% Off,,Spring,No
9981156,,111,7256,9,380.2,0.44,Credit Card,Location C,14,Wednesday,46,6,1916.21,522,Buy One Get One Free,Yes,Fall,
9981157,2023-05-30 05:10:33,389,2339,7,273.3,0.06,Debit Card,,5,Saturday,22,5,1798.31,316,Buy One Get One Free,No,,
9981158,2022-10-13 01:41:13,685,8361,10,154.04,,Debit Card,Location C,1,Saturday,41,10,1540.4,425,Flash Sale,Yes,Fall,No
9981159,2022-03-17 21:15:54,557,1632,4,702.54,0.49,Mobile Payment,Location B,21,Saturday,11,,1433.18,562,20% Off,Yes,,No
9981160,2023-12-15 01:49:26,897,5989,6,669.26,0.38,Mobile Payment,Location C,,,50,12,2489.65,732,Flash Sale,Yes,,Yes
9981161,2022-07-21 07:23:35,137,9149,4,441.9,0.0,Mobile Payment,Location D,7,Friday,29,7,1767.6,249,Flash Sale,No,Fall,No
9981162,2022-11-16 13:28:10,36,2945,5,76.35,0.11,Debit Card,Location D,13,Saturday,46,11,339.76,863,Buy One Get One Free,No,Fall,Yes
9981163,2023-06-05 08:51:46,997,2304,2,343.17,0.16,Credit Card,Location D,8,Saturday,23,6,576.53,168,,Yes,Fall,Yes
9981164,2023-11-01 18:19:26,885,765,6,483.72,0.07,,Location C,18,Tuesday,,11,2699.16,45,20% Off,,,
9981165,2023-12-25 03:10:38,943,7015,6,318.7,0.26,,,3,Friday,52,12,1415.03,422,20% Off,No,Winter,
9981166,2023-05-21 22:34:13,143,7795,8,572.26,0.44,Mobile Payment,,22,Saturday,20,5,2563.72,22,Flash Sale,,Spring,No
9981167,2022-07-08 06:11:02,325,6488,3,266.71,0.33,,Location A,6,Friday,27,7,536.09,399,20% Off,No,Winter,
9981168,2022-03-01 18:43:52,851,3445,2,18.34,0.19,Mobile Payment,Location C,18,,9,3,29.71,943,,No,Fall,Yes
9981169,2023-02-10 08:21:31,864,8919,8,241.3,,Cash,Location A,8,Wednesday,6,2,1930.4,935,Buy One Get One Free,No,Fall,
9981170,2023-10-22 03:22:40,906,9945,5,653.33,,Debit Card,,3,Friday,42,10,3266.65,929,,No,Spring,
9981171,2022-06-01 11:40:12,903,8197,7,574.39,0.13,Cash,,11,Friday,,6,3498.04,186,,No,,No
9981172,2022-12-24 19:06:28,415,2823,5,340.18,0.15,Cash,Location B,19,Monday,51,12,1445.77,326,20% Off,Yes,Spring,No
9981173,2023-08-22 03:46:16,288,6842,9,5.44,0.03,Cash,,3,Tuesday,34,8,47.49,488,20% Off,Yes,Winter,No
9981174,2022-02-02 15:39:48,61,8500,4,376.6,0.16,Debit Card,Location C,15,Wednesday,5,2,1265.38,112,Buy One Get One Free,Yes,Spring,No
9981175,2023-07-01 02:50:56,546,9558,8,,0.37,Credit Card,Location B,2,Friday,26,7,2482.85,750,Flash Sale,No,Winter,Yes
9981176,2022-11-29 01:02:29,836,7391,3,560.05,0.17,Cash,,1,,48,11,1394.52,4,Flash Sale,No,,No
9981177,2023-05-06 03:54:55,494,9944,6,633.41,0.06,,Location D,3,Wednesday,18,5,3572.43,451,,No,Fall,No
9981178,2022-10-06 13:03:21,33,3923,10,731.08,0.47,Debit Card,Location B,13,Wednesday,40,10,3874.72,706,20% Off,,Spring,No
9981179,2023-11-20 22:01:51,327,7697,4,28.19,0.19,,Location B,22,,47,11,91.34,451,Flash Sale,,Spring,Yes
9981180,2023-06-19 18:23:21,647,3177,9,66.39,0.21,Mobile Payment,,18,Saturday,25,6,,752,,No,Winter,
9981181,2023-07-01 11:32:16,740,8976,7,809.96,0.16,,,11,Tuesday,26,7,4762.56,960,20% Off,Yes,Fall,
9981182,2022-02-18 21:05:14,496,6914,6,357.8,0.42,Mobile Payment,,21,Thursday,7,2,1245.14,43,,No,Summer,No
9981183,2023-11-14 00:26:45,868,8134,5,614.31,0.21,Mobile Payment,,0,Monday,46,11,2426.52,265,Flash Sale,,Winter,
9981184,2022-10-26 21:16:56,573,6766,8,930.74,0.15,Credit Card,Location C,21,Thursday,43,10,6329.03,467,Flash Sale,No,Winter,No
9981185,2022-07-30 05:32:01,614,9399,3,921.26,0.13,Credit Card,,5,Friday,30,7,2404.49,550,,No,Summer,No
9981186,2023-07-28 03:22:41,536,4739,7,8.34,0.24,,Location A,3,Saturday,30,7,44.37,241,Flash Sale,Yes,Winter,
9981187,2023-10-11 02:00:41,928,3665,7,185.73,0.06,Credit Card,Location A,2,Thursday,41,10,1222.1,282,,No,,
9981188,2022-05-02 14:11:00,806,1790,10,730.83,0.0,Debit Card,,14,Sunday,18,5,7308.3,993,,,Fall,
9981189,2023-05-05 08:21:04,65,5053,4,487.36,0.22,Mobile Payment,Location C,8,Tuesday,18,5,1520.56,429,Flash Sale,,Fall,Yes
9981190,2023-06-30 22:45:40,926,4980,8,64.97,0.41,Cash,Location C,22,Saturday,26,6,306.66,758,,Yes,Spring,Yes
9981191,2023-07-08 07:45:20,590,9080,5,790.56,0.34,Mobile Payment,,7,Friday,27,7,2608.85,130,Flash Sale,No,,No
9981192,2022-04-07 12:24:37,536,7040,8,423.89,0.04,Credit Card,Location D,12,,14,4,3255.48,473,Buy One Get One Free,No,Summer,No
9981193,2022-05-27 17:25:14,248,7525,1,859.87,0.24,Mobile Payment,,17,Thursday,21,5,653.5,433,,,Winter,Yes
9981194,2023-06-01 13:27:05,699,5225,3,225.5,0.06,,,13,Saturday,22,6,635.91,623,,,Winter,No
9981195,2023-09-27 12:04:28,106,1291,5,63.26,0.02,Mobile Payment,Location C,12,Friday,39,9,309.97,992,Buy One Get One Free,Yes,Summer,Yes
9981196,2023-09-20 04:22:40,265,4411,8,460.03,0.31,Cash,Location B,4,Tuesday,,9,2539.37,896,Flash Sale,,Spring,No
9981197,2022-12-04 14:46:43,560,5836,1,263.22,0.3,Mobile Payment,Location C,14,Thursday,48,12,184.25,750,20% Off,,Fall,No
9981198,2023-11-28 13:26:55,288,6857,8,549.77,0.36,Credit Card,Location D,13,,48,11,2814.82,53,20% Off,Yes,Winter,Yes
9981199,2023-03-02 10:11:37,492,7203,1,989.79,,,Location A,10,Saturday,9,3,989.79,267,,No,Summer,Yes
9981200,2022-02-11 05:03:38,726,5737,2,380.89,0.02,,,5,Tuesday,6,2,746.54,759,,Yes,,Yes
9981201,2022-04-09 22:36:09,611,2391,9,487.06,0.47,Cash,Location B,22,Tuesday,14,,2323.28,570,Buy One Get One Free,Yes,Fall,
9981202,2022-04-25 09:20:57,960,8960,6,657.96,,Debit Card,Location C,9,,17,4,3947.76,607,20% Off,Yes,Spring,
9981203,2023-02-27 07:41:41,234,4648,10,905.78,0.48,Credit Card,Location B,7,Thursday,9,,4710.06,179,Buy One Get One Free,No,Spring,
9981204,2022-06-25 14:11:48,351,9674,4,455.48,,Mobile Payment,,14,Thursday,25,6,1821.92,903,Buy One Get One Free,No,,Yes
9981205,2022-06-15 04:57:05,886,6789,6,453.59,0.16,Credit Card,Location D,4,,24,6,2286.09,530,Flash Sale,No,Spring,No
9981206,2022-04-10 07:29:10,724,684,3,872.83,0.01,,,7,Tuesday,14,4,2592.31,423,,No,,
9981207,2023-08-13 12:06:35,501,1847,3,9.78,,Mobile Payment,,12,Wednesday,32,8,29.34,122,20% Off,Yes,Winter,No
9981208,2023-04-01 13:35:32,21,4807,4,52.51,0.08,Cash,,13,Wednesday,13,4,193.24,397,20% Off,Yes,,No
9981209,2023-05-17 06:48:21,786,7955,5,589.43,0.28,Mobile Payment,,6,Wednesday,20,5,2121.95,329,Buy One Get One Free,,Fall,Yes
9981210,2023-06-24 19:06:54,965,7339,8,957.17,0.33,,Location D,19,Friday,25,6,5130.43,747,20% Off,Yes,,Yes
9981211,2023-06-08 11:05:29,326,831,8,672.41,0.09,Cash,,11,Wednesday,23,6,4895.14,917,Flash Sale,No,Summer,
9981212,2022-08-12 02:04:15,535,7830,3,539.58,0.45,Mobile Payment,Location A,,Tuesday,32,8,890.31,552,20% Off,No,,Yes
9981213,2022-03-20 01:03:11,675,9104,5,901.1,0.44,Mobile Payment,Location B,1,Friday,11,3,2523.08,592,,Yes,Fall,
9981214,2022-08-17 18:14:36,240,7337,9,303.98,0.02,,,18,Sunday,33,8,2681.1,670,Buy One Get One Free,No,Spring,Yes
9981215,2022-12-13 06:03:30,112,3567,10,42.91,0.29,Debit Card,Location D,6,Friday,50,12,304.66,224,Flash Sale,Yes,Winter,
9981216,2023-02-13 01:59:55,147,2037,7,119.82,0.2,Mobile Payment,,1,Wednesday,7,2,670.99,216,Buy One Get One Free,,Winter,Yes
9981217,,105,4577,9,238.39,0.5,Mobile Payment,Location A,10,Tuesday,25,7,1072.75,618,Flash Sale,,Winter,Yes
9981218,2023-01-26 11:42:06,659,1815,1,55.28,0.45,Mobile Payment,Location A,11,Friday,4,1,30.4,809,Buy One Get One Free,No,,No
9981219,2023-02-11 09:03:53,788,399,10,131.06,,Debit Card,Location B,9,Thursday,6,2,1310.6,583,Flash Sale,No,Spring,Yes
9981220,2022-01-13 06:20:53,549,4337,5,722.59,0.32,Mobile Payment,Location B,6,Saturday,,1,2456.81,926,Flash Sale,No,Winter,No
9981221,2023-05-01 03:17:25,141,2594,7,568.53,0.09,Debit Card,,3,Sunday,18,5,3621.54,475,Flash Sale,Yes,,Yes
9981222,2023-07-30 17:48:41,422,2734,3,725.33,0.02,Mobile Payment,Location C,17,Monday,30,7,2132.47,786,Buy One Get One Free,Yes,Winter,No
9981223,2023-07-13 17:07:25,138,2517,10,713.3,0.08,Cash,,17,Saturday,28,7,6562.36,530,20% Off,No,Spring,Yes
9981224,2023-07-12 10:26:16,784,1273,9,69.79,0.02,Debit Card,,10,Wednesday,28,7,615.55,645,20% Off,No,Fall,Yes
9981225,2023-03-12 05:36:33,673,231,8,71.15,,Mobile Payment,Location D,5,Wednesday,10,3,569.2,116,Flash Sale,No,Fall,
9981226,2023-10-18 12:39:05,587,8340,6,994.46,0.48,,Location C,12,Thursday,42,10,3102.72,714,Flash Sale,Yes,Fall,
9981227,2023-06-15 15:24:51,922,2018,8,381.76,0.38,Cash,Location A,,Wednesday,24,6,1893.53,249,20% Off,Yes,Winter,
9981228,2023-10-04 03:59:07,563,1426,3,514.84,0.47,Credit Card,Location A,3,Wednesday,40,10,818.6,937,20% Off,Yes,Spring,No
9981229,2022-05-28 18:18:55,87,6459,9,,,Debit Card,Location C,18,Monday,21,5,210.86,122,Buy One Get One Free,No,Summer,
9981230,2022-05-02 05:13:03,352,8190,9,881.6,0.41,,,5,Wednesday,18,5,4681.3,534,Buy One Get One Free,,Fall,
9981231,2022-10-06 13:52:42,73,7026,4,835.87,0.16,Mobile Payment,,13,Monday,40,,2808.52,122,20% Off,Yes,,Yes
9981232,2022-07-27 15:13:54,869,6393,6,878.13,0.27,Debit Card,Location B,15,Wednesday,30,7,3846.21,168,Buy One Get One Free,Yes,,Yes
9981233,2022-11-08 00:16:57,675,416,8,240.84,0.22,Mobile Payment,,0,,45,11,1502.84,171,20% Off,No,Spring,No
9981234,2022-01-26 17:09:27,258,1256,2,546.42,0.11,Mobile Payment,Location A,17,Sunday,4,1,972.63,592,20% Off,No,Winter,
9981235,2023-10-14 08:32:32,843,9171,6,32.3,0.25,,Location C,8,Saturday,41,10,145.35,631,,Yes,Summer,
9981236,2022-02-19 19:32:16,779,5401,7,631.05,0.48,Mobile Payment,Location D,19,Friday,7,2,2297.02,951,,No,Fall,
9981237,2023-03-15 11:55:45,873,3376,10,521.99,0.12,Mobile Payment,Location A,11,,11,3,4593.51,381,,Yes,Winter,No
9981238,2023-01-26 17:33:43,112,2233,6,311.91,0.18,,,17,Thursday,4,1,1534.6,993,20% Off,No,Spring,
9981239,2022-07-03 01:02:58,106,2096,10,553.46,0.28,Mobile Payment,Location B,1,Thursday,26,7,3984.91,851,Buy One Get One Free,Yes,Winter,No
9981240,2023-12-03 19:37:05,292,7295,4,973.14,0.28,Mobile Payment,Location B,19,Friday,48,12,2802.64,328,,,Fall,Yes
9981241,2023-09-29 05:00:52,585,359,1,258.08,0.32,Credit Card,Location A,5,Sunday,,9,175.49,844,Buy One Get One Free,No,Spring,No
9981242,2023-04-17 09:20:57,500,7435,8,467.31,0.44,Debit Card,Location D,9,Monday,,4,2093.55,266,20% Off,,Summer,No
9981243,2023-01-22 18:52:31,903,7289,4,698.18,0.19,Debit Card,,18,Wednesday,3,1,2262.1,538,Flash Sale,Yes,Winter,No
9981244,2022-12-25 19:33:13,722,3243,1,640.18,0.08,Cash,Location C,19,Saturday,51,12,588.97,989,,No,Summer,
9981245,2022-08-15 06:10:32,138,1243,1,92.46,0.19,,Location D,6,Friday,33,8,74.89,323,Buy One Get One Free,Yes,Summer,
9981246,2023-05-29 20:18:21,970,3401,8,58.41,0.39,,,20,Wednesday,22,5,285.04,954,20% Off,,Spring,No
9981247,2023-10-03 07:33:01,258,9844,1,228.79,0.2,Mobile Payment,Location B,7,,40,10,183.03,116,20% Off,,Winter,Yes
9981248,2022-04-27 11:52:52,363,9916,4,,0.39,Mobile Payment,Location D,11,Tuesday,17,4,1519.48,69,Flash Sale,No,Summer,No
9981249,2023-05-03 21:05:50,150,9444,1,710.21,0.16,Credit Card,,21,Friday,18,5,596.58,726,,Yes,Winter,
9981250,2022-08-25 05:14:03,397,2964,8,831.72,0.4,Cash,Location D,5,Saturday,34,8,3992.26,257,,,,No
9981251,2023-01-03 15:03:23,732,6585,2,549.92,0.01,Credit Card,Location B,15,Tuesday,1,1,1088.84,392,,No,Fall,
9981252,2023-03-01 11:04:37,589,3514,10,71.36,0.35,Credit Card,Location A,11,Tuesday,9,3,463.84,771,,,,
9981253,2022-04-04 12:31:25,10,7652,9,283.07,0.07,Cash,,12,Tuesday,14,4,,837,Buy One Get One Free,,Spring,
9981254,2022-11-25 15:48:27,391,6444,7,,0.07,Credit Card,,15,Monday,47,11,2598.95,224,20% Off,No,Summer,
9981255,2022-04-07 20:03:47,441,7228,5,322.09,0.21,Cash,Location A,20,Sunday,14,4,1272.26,824,Buy One Get One Free,Yes,Fall,
9981256,2023-12-10 08:57:46,930,2282,6,672.26,0.38,Cash,Location A,8,Tuesday,49,12,2500.81,632,,,Winter,No
9981257,2023-10-28 11:59:00,21,8658,5,940.45,0.49,Mobile Payment,,11,,43,10,2398.15,421,20% Off,Yes,Summer,No
9981258,2022-01-07 04:45:09,934,5021,9,20.15,0.23,Mobile Payment,Location D,4,Wednesday,1,1,139.64,958,Flash Sale,Yes,Summer,No
9981259,2022-12-04 22:39:27,826,6797,10,847.56,0.42,Credit Card,,22,Wednesday,48,12,4915.85,319,Buy One Get One Free,,Spring,Yes
9981260,2023-03-21 14:57:56,715,1594,7,292.32,0.03,Cash,Location C,14,Sunday,12,3,1984.85,60,,,Summer,
9981261,2022-07-18 17:58:23,847,2926,3,166.84,0.38,Credit Card,Location C,17,Friday,29,7,,683,,Yes,Spring,
9981262,2022-03-07 13:26:31,367,2780,10,821.5,0.2,Credit Card,Location B,13,Thursday,10,3,6572.0,322,,Yes,Fall,No
9981263,,712,7533,1,732.82,0.23,Mobile Payment,Location C,7,Tuesday,40,6,564.27,974,,,,
9981264,2022-11-19 21:43:50,769,1978,8,935.69,0.29,Debit Card,Location B,21,Monday,46,11,5314.72,11,,No,,Yes
9981265,2022-05-31 02:38:15,818,8162,5,306.68,0.2,Credit Card,Location C,2,Tuesday,22,5,1226.72,947,Flash Sale,,Spring,No
9981266,2023-11-15 08:39:32,232,5304,6,277.57,0.05,Debit Card,Location C,8,Saturday,46,11,1582.15,499,Buy One Get One Free,Yes,Winter,Yes
9981267,2022-01-27 21:01:33,310,1424,9,479.67,0.36,Debit Card,Location A,21,Thursday,4,1,2762.9,476,20% Off,,Fall,Yes
9981268,2022-06-01 20:13:35,290,9972,9,313.29,0.43,Debit Card,Location A,20,Saturday,22,6,1607.18,176,Flash Sale,Yes,,No
9981269,2023-08-26 22:03:54,863,4830,3,833.11,0.47,Cash,Location C,22,Wednesday,34,8,1324.64,182,Flash Sale,Yes,,No
9981270,2023-05-14 11:40:01,896,3858,7,84.35,0.14,,Location D,11,Thursday,19,5,,673,Buy One Get One Free,Yes,Winter,Yes
9981271,,772,5236,10,183.59,0.03,Debit Card,Location C,7,,29,3,1780.82,792,,No,Summer,
9981272,2023-07-12 11:38:51,669,7836,1,447.07,0.27,Mobile Payment,,11,Thursday,28,7,326.36,319,Buy One Get One Free,No,Winter,No
9981273,2022-10-23 09:02:45,582,2678,2,485.85,0.4,Credit Card,Location D,9,Thursday,42,10,583.02,722,20% Off,,Spring,
9981274,2022-04-29 08:31:57,74,1333,9,248.46,0.02,Debit Card,Location D,8,Sunday,17,4,2191.42,370,Flash Sale,,Fall,
9981275,2022-04-29 10:37:05,512,2839,9,369.2,0.43,Debit Card,Location A,10,Wednesday,17,4,,178,Flash Sale,Yes,Summer,
9981276,2022-05-15 08:08:24,650,9248,10,489.46,0.19,Credit Card,Location A,8,Wednesday,19,5,,148,20% Off,Yes,Summer,No
9981277,2023-01-07 09:49:19,514,8364,6,807.09,0.19,,,9,,1,1,3922.46,745,Buy One Get One Free,No,,No
9981278,2022-02-26 06:52:26,139,6658,9,596.32,0.19,Credit Card,Location D,,Tuesday,8,2,,329,Flash Sale,,Summer,Yes
9981279,2023-09-07 22:32:57,564,252,10,586.11,0.48,Debit Card,,22,Wednesday,36,9,3047.77,335,20% Off,Yes,Fall,Yes
9981280,2023-11-24 17:38:45,110,5658,8,659.14,0.19,Credit Card,Location D,,Wednesday,47,11,4271.23,859,Buy One Get One Free,Yes,,No
9981281,2023-05-02 21:57:24,656,2270,10,386.7,0.01,Credit Card,Location C,21,Wednesday,18,5,3828.33,719,,,Summer,Yes
9981282,2023-10-22 02:59:45,328,1376,10,924.81,0.23,Debit Card,Location D,2,Sunday,42,10,7121.04,983,,Yes,,
9981283,2023-02-08 09:54:21,866,1355,7,309.55,0.18,,Location B,9,Friday,6,2,1776.82,616,Flash Sale,,Winter,No
9981284,,868,1390,6,97.87,0.48,Debit Card,Location C,,Wednesday,14,7,305.35,642,Buy One Get One Free,No,,No
9981285,2022-06-21 20:33:58,12,3199,5,553.22,0.16,Credit Card,,20,Tuesday,25,6,2323.52,421,,Yes,Fall,Yes
9981286,,29,2833,2,485.86,0.12,Debit Card,Location D,5,Sunday,46,9,855.11,311,,Yes,Spring,
9981287,2023-10-26 01:24:50,520,4646,4,470.31,0.21,Mobile Payment,Location C,1,Friday,43,10,1486.18,61,,No,Fall,Yes
9981288,2023-02-06 08:20:25,203,5093,9,299.04,0.15,Cash,Location D,8,,6,2,2287.66,450,Flash Sale,,Winter,Yes
9981289,2023-05-20 12:27:38,295,1897,9,204.52,0.43,Cash,Location B,12,,20,5,1049.19,793,20% Off,No,Winter,Yes
9981290,2022-12-14 00:48:34,540,8595,5,737.15,0.1,Credit Card,,0,Friday,50,12,3317.18,504,Flash Sale,,,No
9981291,2022-10-22 06:15:09,125,6371,7,856.99,0.31,Credit Card,Location B,6,Tuesday,42,10,4139.26,982,Flash Sale,No,,
9981292,2022-12-05 19:57:19,956,5574,1,894.33,0.14,Mobile Payment,Location C,19,Tuesday,49,12,769.12,741,20% Off,Yes,Summer,Yes
9981293,2022-11-12 03:21:33,2,5116,5,250.74,,Debit Card,,,Thursday,45,11,1253.7,691,,,Winter,
9981294,2023-08-28 10:37:16,300,9954,6,636.87,0.22,Credit Card,Location B,10,Tuesday,35,8,2980.55,89,Flash Sale,No,Fall,Yes
9981295,2023-07-21 19:21:30,214,4315,8,322.24,0.09,Cash,Location C,19,Thursday,29,7,2345.91,24,Flash Sale,,Winter,Yes
9981296,2022-10-07 00:02:27,509,9780,8,110.41,0.03,Debit Card,Location B,0,Thursday,40,10,856.78,758,20% Off,Yes,Winter,No
9981297,2023-03-31 07:21:16,277,6070,6,587.71,0.48,,Location D,7,Friday,13,3,1833.66,445,20% Off,Yes,Fall,
9981298,2022-08-15 03:20:38,223,8772,8,36.86,0.37,Debit Card,,3,Tuesday,33,8,185.77,799,20% Off,,Winter,No
9981299,,699,5730,4,631.81,0.21,Cash,Location D,12,Tuesday,48,3,1996.52,581,,Yes,Spring,Yes
9981300,2022-07-16 02:56:30,928,6508,2,648.78,0.12,Debit Card,Location A,2,Thursday,28,7,1141.85,352,20% Off,,Winter,
9981301,2023-04-03 08:40:13,573,601,8,293.85,0.47,Mobile Payment,Location A,8,Sunday,14,4,1245.92,422,,No,,
9981302,2023-09-29 06:31:48,620,8329,3,711.58,0.38,Debit Card,Location B,6,Wednesday,39,9,1323.54,979,Buy One Get One Free,No,Winter,Yes
9981303,2023-04-17 22:08:41,623,5500,9,276.07,0.21,Mobile Payment,Location D,22,Thursday,16,4,1962.86,133,20% Off,,Summer,
9981304,2022-08-23 04:32:35,552,8918,4,497.79,0.16,,Location A,4,Monday,34,8,1672.57,581,20% Off,,Spring,
9981305,2023-11-27 21:57:25,105,2621,10,538.96,0.23,Cash,,21,,48,11,4149.99,587,Flash Sale,No,Spring,Yes
9981306,2023-04-07 10:34:27,934,6092,8,86.91,0.12,Cash,Location D,10,Saturday,14,4,611.85,534,Flash Sale,No,Summer,Yes
9981307,2022-05-01 05:11:07,291,9076,1,37.66,0.09,Credit Card,Location A,5,Thursday,17,5,34.27,161,Flash Sale,Yes,Summer,
9981308,2022-11-30 03:26:28,297,5521,10,10.18,0.15,,Location B,3,,48,11,86.53,892,Buy One Get One Free,No,Summer,
9981309,2022-02-23 15:56:30,898,9204,10,488.29,0.22,Debit Card,Location C,15,,8,2,3808.66,209,20% Off,No,Summer,Yes
9981310,2023-11-23 06:58:35,752,4308,7,,0.26,Mobile Payment,Location A,6,Friday,47,11,1032.51,30,Flash Sale,,Fall,No
9981311,2022-02-12 05:53:52,680,3009,7,329.78,0.21,Debit Card,Location A,5,Sunday,6,,1823.68,505,20% Off,No,Winter,
9981312,2022-11-18 17:18:44,806,1334,10,513.56,0.22,Mobile Payment,Location B,17,Monday,46,11,4005.77,451,Flash Sale,Yes,Summer,No
9981313,2023-06-22 03:44:59,220,2035,10,937.03,0.38,,Location D,3,Monday,25,6,5809.59,26,,,Summer,
9981314,2022-04-20 01:27:22,215,6207,4,636.06,0.23,Mobile Payment,Location D,1,Wednesday,,4,1959.06,28,20% Off,,Summer,No
9981315,2022-07-04 14:55:10,764,6700,6,805.14,0.46,Mobile Payment,Location B,14,Friday,27,7,2608.65,902,Flash Sale,Yes,Fall,Yes
9981316,2022-01-19 10:27:41,713,3734,9,925.41,0.03,,Location D,10,Wednesday,3,1,8078.83,207,20% Off,,Spring,No
9981317,2022-03-09 02:04:25,766,204,4,350.03,0.28,Debit Card,Location B,2,Wednesday,10,3,1008.09,26,20% Off,No,Spring,No
9981318,2023-08-06 05:52:44,237,557,10,260.73,0.07,Credit Card,Location C,5,Thursday,31,8,2424.79,830,,No,,No
9981319,2023-04-17 13:16:56,642,6372,3,685.61,0.31,Cash,Location A,13,Monday,16,4,1419.21,151,,No,,Yes
9981320,2022-04-28 07:50:00,889,8606,7,888.88,0.5,Credit Card,Location C,7,Saturday,17,4,,552,Flash Sale,,Summer,No
9981321,2023-09-01 15:10:51,418,2631,7,919.09,0.04,Cash,Location C,15,Tuesday,35,9,6176.28,525,,Yes,Fall,Yes
9981322,2022-11-03 00:26:38,262,7813,8,486.43,0.49,,Location B,0,Tuesday,44,11,1984.63,633,Flash Sale,No,Spring,Yes
9981323,2022-08-19 21:45:33,828,3935,10,154.08,0.05,Mobile Payment,Location A,21,Sunday,33,8,1463.76,356,Buy One Get One Free,Yes,Winter,No
9981324,2022-11-19 08:55:56,979,9064,2,715.07,0.34,Debit Card,,8,Monday,46,11,,916,Flash Sale,,Summer,Yes
9981325,2023-04-01 05:09:35,246,8005,5,620.28,0.02,Debit Card,Location C,5,Wednesday,13,4,3039.37,298,Buy One Get One Free,,Spring,
9981326,2023-01-30 01:49:50,386,4769,1,856.78,0.41,Cash,Location C,1,Friday,5,,505.5,605,,Yes,Fall,
9981327,2023-01-25 15:41:23,690,956,7,302.81,0.47,Debit Card,Location C,,Sunday,4,,1123.43,568,Flash Sale,No,Fall,
9981328,2023-09-21 21:50:17,696,2580,4,823.85,0.1,Credit Card,Location A,21,Saturday,38,9,2965.86,715,Flash Sale,No,,
9981329,2023-02-13 15:01:34,588,5900,8,12.23,0.47,Debit Card,,15,Monday,7,2,51.86,221,20% Off,No,Summer,Yes
9981330,2022-01-10 17:38:51,426,8707,7,111.59,0.14,Debit Card,Location B,17,Friday,2,1,671.77,661,20% Off,No,Winter,Yes
9981331,2022-11-19 05:22:59,722,3940,1,674.41,0.41,,Location C,5,,46,11,397.9,220,,,Summer,Yes
9981332,2023-01-08 14:29:41,462,4764,2,145.43,0.14,Cash,,14,Thursday,1,1,250.14,664,20% Off,,,No
9981333,2022-04-09 10:07:56,644,5704,2,215.74,0.44,Credit Card,Location D,10,Friday,14,4,241.63,733,20% Off,,Winter,Yes
9981334,2023-01-27 01:18:18,749,6913,2,370.71,0.35,Mobile Payment,Location A,1,Saturday,4,1,481.92,287,,Yes,Winter,Yes
9981335,2023-05-07 13:00:57,629,8315,6,,0.41,Credit Card,Location D,13,Friday,18,5,2138.13,380,,No,,No
9981336,2022-10-08 22:45:00,946,6434,1,149.85,,Debit Card,,22,Wednesday,40,10,149.85,986,20% Off,,Fall,Yes
9981337,2022-06-18 05:00:09,409,568,6,696.78,0.31,Debit Card,Location B,5,Wednesday,24,6,2884.67,622,Buy One Get One Free,,,Yes
9981338,2022-02-17 02:55:35,678,3134,7,489.75,0.23,Debit Card,Location D,2,Saturday,7,2,2639.75,249,Flash Sale,Yes,Spring,No
9981339,2022-06-04 13:58:28,764,2234,3,,0.41,Debit Card,Location A,13,Monday,22,6,727.67,940,,No,Fall,Yes
9981340,2023-01-17 19:17:53,599,3772,6,98.69,0.22,Credit Card,,19,Sunday,3,1,461.87,899,,,Winter,Yes
9981341,,394,5274,5,970.25,0.45,Debit Card,,12,Sunday,40,1,2668.19,517,Buy One Get One Free,,Spring,
9981342,2023-09-03 00:33:51,912,1337,7,928.81,0.37,Mobile Payment,Location A,0,,35,9,4096.05,776,Buy One Get One Free,Yes,Fall,Yes
9981343,2022-07-15 23:24:28,956,3054,1,156.68,0.33,,Location D,23,Friday,28,7,104.98,660,Flash Sale,,,No
9981344,2022-07-06 15:45:47,588,9910,7,,0.01,Credit Card,,15,Tuesday,27,7,1969.55,295,,Yes,Spring,
9981345,2023-06-22 14:05:53,765,616,8,,0.1,Cash,,14,Wednesday,25,6,4730.41,318,20% Off,Yes,Fall,Yes
9981346,2022-07-20 15:03:53,762,8991,10,75.6,0.3,Credit Card,Location A,15,,29,7,529.2,95,Buy One Get One Free,,,Yes
9981347,2022-05-09 14:02:35,341,4392,10,303.45,0.44,Debit Card,Location B,14,,19,5,1699.32,17,Buy One Get One Free,Yes,,
9981348,2023-07-27 12:07:21,273,6896,9,981.53,0.01,Debit Card,,12,Saturday,30,7,8745.43,958,Buy One Get One Free,Yes,Spring,Yes
9981349,2023-11-29 19:26:45,796,4239,5,151.49,,,,19,Tuesday,48,11,757.45,541,,No,Spring,No
9981350,2022-08-12 07:53:05,9,295,7,431.88,0.16,Credit Card,Location A,7,Wednesday,32,8,2539.45,108,20% Off,,Summer,No
9981351,2023-06-03 14:10:13,937,4739,5,648.42,0.4,Mobile Payment,Location C,14,Thursday,22,6,,640,,Yes,Fall,Yes
9981352,2023-12-11 00:14:53,410,934,2,379.88,0.44,Mobile Payment,Location C,0,Wednesday,50,12,425.47,611,20% Off,,Summer,No
9981353,2023-09-22 06:03:36,182,1883,3,884.29,0.02,Mobile Payment,,6,Saturday,38,9,2599.81,863,Buy One Get One Free,,Summer,
9981354,2023-12-28 23:08:14,457,3200,5,480.42,0.18,Debit Card,,23,Monday,52,,1969.72,636,Buy One Get One Free,,Winter,Yes
9981355,2022-05-04 16:10:51,332,7625,10,808.17,0.19,Cash,Location A,16,Friday,18,5,6546.18,853,Flash Sale,,,
9981356,2022-12-01 18:46:32,419,7477,4,422.88,0.01,Debit Card,Location B,18,Monday,48,12,1674.6,934,Flash Sale,Yes,Summer,
9981357,2022-01-08 14:59:35,458,2277,5,854.43,0.25,Mobile Payment,Location B,14,Thursday,1,1,3204.11,719,Flash Sale,No,Summer,
9981358,2023-11-18 17:56:08,593,3404,7,424.92,0.44,,Location C,17,Sunday,46,11,1665.69,415,Buy One Get One Free,No,,Yes
9981359,2023-05-11 23:15:57,103,3669,3,696.27,0.46,Mobile Payment,Location B,23,Wednesday,19,5,1127.96,593,Flash Sale,,Spring,Yes
9981360,2022-09-09 22:59:30,628,7693,8,753.03,0.41,Cash,Location C,22,Thursday,36,9,,13,20% Off,Yes,,
9981361,2023-03-07 09:58:15,450,2922,5,416.16,0.42,,Location A,9,Wednesday,10,3,1206.86,438,,,,Yes
9981362,2022-04-15 15:12:40,369,8367,2,64.33,0.35,Mobile Payment,Location B,15,Wednesday,,4,83.63,856,Buy One Get One Free,,Fall,
9981363,2022-08-09 02:31:07,207,595,10,652.01,0.03,Cash,Location A,2,Tuesday,32,,6324.5,840,Flash Sale,Yes,Winter,
9981364,2023-07-19 18:08:44,993,2569,6,355.71,0.48,Credit Card,,18,Thursday,29,7,1109.82,737,Flash Sale,Yes,,
9981365,2023-03-13 22:52:25,42,3,6,709.58,0.36,Debit Card,Location B,22,Friday,11,3,2724.79,238,Flash Sale,Yes,Spring,
9981366,,445,4376,3,884.32,0.03,Credit Card,Location B,16,,32,10,2573.37,826,Buy One Get One Free,,,No
9981367,2023-11-04 23:55:20,926,831,5,797.96,,Debit Card,Location D,23,Wednesday,,,3989.8,795,20% Off,No,,
9981368,2023-08-12 01:49:05,140,1754,4,793.06,0.02,Mobile Payment,,1,Wednesday,32,8,3108.8,837,20% Off,Yes,Winter,No
9981369,2022-12-11 08:50:31,917,5969,10,452.25,0.31,Credit Card,,8,Wednesday,49,12,3120.52,628,20% Off,,Winter,Yes
9981370,2023-04-11 05:16:51,703,6853,5,168.38,0.31,Mobile Payment,,5,Monday,15,4,580.91,867,Buy One Get One Free,No,,Yes
9981371,2023-01-13 06:35:16,921,4031,2,813.56,0.19,Debit Card,,6,Monday,2,1,1317.97,963,,Yes,Spring,Yes
9981372,2022-04-04 20:48:43,60,258,3,698.95,,Debit Card,Location C,20,Friday,14,4,2096.85,471,Buy One Get One Free,Yes,Summer,
9981373,2022-06-08 23:17:25,30,8665,4,881.49,0.3,,Location B,,Thursday,23,6,2468.17,734,Buy One Get One Free,No,Winter,
9981374,2023-04-03 11:27:20,621,4354,10,244.33,0.29,Cash,,11,Wednesday,14,4,1734.74,257,Flash Sale,,Spring,Yes
9981375,2023-06-28 18:33:06,385,871,3,100.42,0.38,Debit Card,,18,Thursday,26,,186.78,587,Flash Sale,Yes,Winter,No
9981376,2022-09-14 03:15:55,111,786,1,805.92,,,Location A,3,,37,9,805.92,299,,No,Spring,Yes
9981377,2023-07-09 07:27:39,802,3991,3,949.68,0.23,Credit Card,Location B,7,Saturday,27,7,2193.76,152,20% Off,No,,No
9981378,2023-01-17 05:41:58,349,8334,8,20.48,0.42,Mobile Payment,Location C,5,Thursday,3,1,95.03,198,Buy One Get One Free,Yes,Spring,
9981379,2023-06-16 12:59:48,60,8153,2,580.69,0.01,Mobile Payment,Location B,12,Thursday,24,6,1149.77,358,Buy One Get One Free,Yes,Winter,
9981380,2022-08-22 17:57:44,360,9767,2,362.12,0.26,Debit Card,Location B,17,Tuesday,34,8,535.94,234,,,Spring,Yes
9981381,2022-03-29 11:40:43,680,5202,6,223.96,0.18,,,11,Sunday,13,3,1101.88,197,,,,Yes
9981382,2022-09-13 13:33:08,944,4924,3,,0.31,,,13,Thursday,37,9,3763.4,575,Buy One Get One Free,Yes,Winter,No
9981383,2022-03-16 14:41:57,73,9910,4,76.15,0.29,Cash,Location B,14,Monday,11,3,216.27,696,Buy One Get One Free,Yes,,No
9981384,2023-09-02 22:33:02,567,7801,4,255.08,0.23,,Location C,22,Thursday,35,9,785.65,647,Flash Sale,Yes,Fall,No
9981385,2023-10-08 20:23:40,981,776,3,820.86,0.4,,Location A,20,Thursday,40,10,1477.55,471,20% Off,Yes,,
9981386,2023-12-22 04:03:50,67,494,7,64.4,0.45,,Location C,4,Friday,51,12,247.94,284,20% Off,Yes,Winter,Yes
9981387,2023-04-01 17:23:14,27,4038,3,522.0,0.29,Cash,Location B,17,Thursday,13,4,1111.86,918,Flash Sale,Yes,,Yes
9981388,2023-10-21 17:38:25,805,8561,6,520.58,0.14,Credit Card,,17,Wednesday,42,10,2686.19,112,Buy One Get One Free,No,Spring,No
9981389,2022-09-26 09:06:06,792,7787,6,759.37,0.37,Debit Card,Location D,9,Thursday,39,9,2870.42,518,Flash Sale,Yes,Summer,No
9981390,2023-05-05 01:41:04,262,8292,10,628.6,0.09,Cash,Location D,1,Saturday,18,5,5720.26,781,Flash Sale,No,Spring,Yes
9981391,2022-09-12 14:46:19,79,2756,6,662.41,0.22,Debit Card,,14,Thursday,37,9,3100.08,120,,Yes,Spring,
9981392,2022-06-19 02:40:44,385,11,4,85.66,0.43,Mobile Payment,Location D,2,Sunday,24,6,195.3,558,Buy One Get One Free,No,,
9981393,2022-08-25 12:34:29,547,9364,1,199.46,0.26,Mobile Payment,Location A,12,Sunday,34,8,147.6,306,Flash Sale,No,Spring,No
9981394,,91,6528,7,910.4,0.21,Debit Card,Location A,11,Friday,23,8,5034.51,172,20% Off,,Summer,Yes
9981395,2023-09-02 03:05:24,572,8735,3,672.53,0.3,,Location A,3,Tuesday,35,9,1412.31,769,20% Off,No,Winter,Yes
9981396,2023-05-16 12:29:52,980,9883,2,304.27,0.42,Credit Card,Location D,12,Saturday,20,5,352.95,975,,,Winter,No
9981397,2023-12-27 07:45:52,735,6378,8,7.02,0.43,Debit Card,Location C,7,Wednesday,52,12,32.01,969,Flash Sale,No,Fall,Yes
9981398,2023-08-22 08:05:09,213,2458,9,899.95,0.21,Mobile Payment,,8,Monday,,8,6398.64,279,20% Off,No,Fall,No
9981399,2023-09-06 07:08:52,87,571,6,,0.37,Credit Card,Location D,7,Sunday,36,9,4506.07,890,Buy One Get One Free,,,
9981400,2023-12-21 16:30:18,822,9611,2,763.64,0.33,Credit Card,,16,Sunday,51,12,1023.28,700,20% Off,No,,
9981401,2022-09-27 00:39:58,656,5636,5,401.69,0.49,,Location C,0,,39,9,1024.31,401,Buy One Get One Free,Yes,Winter,Yes
9981402,2023-05-10 02:43:28,954,930,5,886.64,0.24,Mobile Payment,Location C,2,Sunday,19,5,3369.23,677,Buy One Get One Free,No,Winter,No
9981403,2022-05-03 08:56:43,140,2185,6,97.53,0.27,Credit Card,Location D,8,,18,5,427.18,135,Flash Sale,Yes,Summer,
9981404,2022-06-28 02:15:12,606,3126,9,553.74,0.35,Credit Card,Location C,2,Tuesday,26,6,3239.38,748,,No,Winter,No
9981405,2022-11-20 07:36:47,873,3310,4,570.0,0.13,Cash,Location B,7,Sunday,46,11,1983.6,58,,No,Summer,
9981406,,515,4520,10,753.48,0.34,Mobile Payment,Location D,8,Wednesday,49,12,4972.97,678,Flash Sale,No,,
9981407,2023-09-18 18:28:10,375,5072,6,50.81,,Mobile Payment,,18,Friday,38,9,304.86,134,Buy One Get One Free,No,Winter,No
9981408,2022-04-25 00:56:03,729,7942,3,894.18,,Credit Card,Location D,0,,17,,2682.54,537,Flash Sale,Yes,Summer,No
9981409,2022-06-02 17:22:34,268,9477,7,138.86,0.17,Credit Card,Location D,17,Thursday,22,6,806.78,521,20% Off,Yes,Spring,No
9981410,,637,8016,6,,0.38,Mobile Payment,Location B,5,Monday,3,12,4767.0,146,20% Off,No,Spring,
9981411,2023-12-04 16:03:46,647,1347,6,762.72,0.09,Cash,,16,Saturday,49,12,,372,20% Off,Yes,Winter,
9981412,2023-08-06 09:21:41,22,4040,3,814.81,0.19,Debit Card,Location D,9,Friday,,8,1979.99,347,Buy One Get One Free,No,Fall,Yes
9981413,2023-01-29 19:11:07,60,5407,9,130.73,0.28,Debit Card,,19,Thursday,4,1,847.13,929,20% Off,,Fall,Yes
9981414,2022-07-22 10:15:48,488,2382,8,45.09,0.35,Debit Card,Location B,10,Saturday,29,7,234.47,430,,Yes,Spring,
9981415,2022-03-13 06:41:52,48,3080,8,302.91,0.15,Cash,Location C,,Monday,,3,,922,Flash Sale,,Summer,No
9981416,2023-06-22 23:28:04,354,4829,8,212.32,0.18,,Location A,23,Wednesday,25,6,1392.82,423,Flash Sale,Yes,,No
9981417,2022-07-17 00:49:52,534,8234,9,32.66,0.06,,Location A,0,Monday,28,7,276.3,713,Buy One Get One Free,,Fall,
9981418,2023-08-29 22:17:26,436,6364,10,910.99,,Credit Card,Location C,22,Tuesday,35,,9109.9,546,20% Off,Yes,,
9981419,2023-09-25 11:40:53,233,7892,3,772.03,0.16,,Location D,11,Sunday,39,9,1945.52,486,,Yes,Spring,Yes
9981420,2023-04-21 06:23:14,40,5748,3,351.1,,Cash,Location D,6,Tuesday,16,4,1053.3,668,,,,
9981421,2022-05-14 12:20:10,670,1703,6,,0.09,Mobile Payment,,12,,19,5,536.26,316,Buy One Get One Free,,Summer,No
9981422,2023-05-13 18:55:42,764,655,5,543.54,0.23,Debit Card,,18,Sunday,19,5,2092.63,307,Flash Sale,,Fall,
9981423,2022-09-08 10:25:18,226,9600,3,61.7,0.26,Mobile Payment,Location C,10,Wednesday,36,9,136.97,993,Buy One Get One Free,No,Spring,Yes
9981424,2022-05-06 22:16:49,655,5497,8,364.15,,Credit Card,Location D,22,Monday,18,5,2913.2,267,Buy One Get One Free,Yes,Summer,Yes
9981425,,353,3365,10,420.01,0.2,,Location B,11,Saturday,19,2,3360.08,60,20% Off,,Winter,No
9981426,2022-02-02 06:59:44,749,3835,4,988.51,0.21,Debit Card,Location C,6,Tuesday,5,2,3123.69,151,,Yes,Summer,Yes
9981427,2023-11-18 04:34:08,917,2774,2,,0.2,Cash,,4,Tuesday,46,11,3084.64,96,20% Off,No,Fall,No
9981428,2022-07-23 12:07:08,128,233,1,992.81,0.2,Cash,Location D,12,,29,7,794.25,460,,No,Spring,No
9981429,2023-01-21 18:04:19,32,2962,2,589.57,0.43,,Location A,18,Thursday,3,,672.11,955,Buy One Get One Free,Yes,Winter,Yes
9981430,,247,7059,7,752.81,0.09,Mobile Payment,Location C,10,,48,2,4795.4,742,Buy One Get One Free,,Fall,Yes
9981431,2023-04-28 05:09:27,455,7026,5,292.08,0.19,Debit Card,Location B,5,Tuesday,17,4,1182.92,429,Flash Sale,Yes,Fall,Yes
9981432,2023-03-22 15:05:52,3,7284,5,181.43,0.16,Mobile Payment,,15,Saturday,12,3,762.01,573,Buy One Get One Free,No,Summer,
