customer_id,age,gender,income_bracket,loyalty_program,membership_years,churned,marital_status,number_of_children,education_level,occupation,customer_zip_code,customer_city,customer_state,surrogate_key,version,effective_start_date,effective_end_date,is_current
1,56,Other,High,No,0,No,Divorced,3,Bachelor's,Self-Employed,37848,Old_City_1,Old_State_1,501,1,2020-01-01,2021-12-31,False
1,56,Other,High,No,0,No,Divorced,3,Bachelor's,Self-Employed,37848,New York,State NY,1,2,2022-01-01,,True
2,69,Female,Medium,No,2,No,Married,2,PhD,Unemployed,44896,Old_City_2,Old_State_2,502,1,2020-01-01,2021-12-31,False
2,69,Female,Medium,No,2,No,Married,2,PhD,Unemployed,44896,Los Angeles,State CA,2,2,2022-01-01,,True
3,46,Female,Low,No,5,No,Married,3,Bachelor's,Self-Employed,11816,City B,State X,3,1,2022-01-01,,True
4,32,Female,Low,No,0,No,Divorced,2,Master's,Employed,78604,Old_City_3,Old_State_3,503,1,2020-01-01,2021-12-31,False
4,32,Female,Low,No,0,No,Divorced,2,Master's,Employed,78604,Chicago,State IL,4,2,2022-01-01,,True
5,60,Female,Low,Yes,7,Yes,Divorced,2,Bachelor's,Employed,17760,City B,State Z,5,1,2022-01-01,,True
6,25,Other,Medium,Yes,4,Yes,Divorced,0,Bachelor's,Unemployed,54549,City D,State Z,6,1,2022-01-01,,True
7,78,Male,High,No,0,No,Single,2,Master's,Retired,76235,City D,State X,7,1,2022-01-01,,True
8,38,Other,Low,Yes,2,No,Married,1,Master's,Employed,52863,City B,State Y,8,1,2022-01-01,,True
9,56,Female,Low,No,0,No,Single,4,PhD,Self-Employed,65537,City C,State Y,9,1,2022-01-01,,True
10,75,Male,Medium,No,3,No,Married,2,High School,Self-Employed,43331,City C,State X,10,1,2022-01-01,,True
11,36,Female,Low,No,1,No,Divorced,1,Bachelor's,Retired,11562,City C,State Z,11,1,2022-01-01,,True
12,40,Female,High,No,2,No,Single,0,High School,Employed,93685,City A,State X,12,1,2022-01-01,,True
13,28,Other,Medium,Yes,7,No,Single,2,Master's,Unemployed,32141,City D,State Y,13,1,2022-01-01,,True
14,28,Male,Low,No,6,Yes,Single,3,Master's,Employed,80781,City C,State Y,14,1,2022-01-01,,True
15,41,Male,Medium,No,7,No,Divorced,3,PhD,Employed,70478,City D,State Z,15,1,2022-01-01,,True
16,70,Male,Medium,No,9,Yes,Divorced,4,High School,Retired,46924,City A,State Z,16,1,2022-01-01,,True
17,53,Female,Medium,Yes,9,Yes,Divorced,1,Bachelor's,Retired,40401,City D,State Z,17,1,2022-01-01,,True
18,57,Male,Low,No,6,No,Divorced,0,High School,Employed,52762,City D,State X,18,1,2022-01-01,,True
19,41,Other,Medium,No,9,Yes,Divorced,0,Bachelor's,Employed,38197,City A,State X,19,1,2022-01-01,,True
20,20,Male,Low,No,7,No,Single,3,PhD,Unemployed,47478,City D,State Y,20,1,2022-01-01,,True
21,39,Female,High,Yes,9,Yes,Divorced,0,PhD,Employed,74500,City D,State Y,21,1,2022-01-01,,True
22,70,Male,High,No,8,No,Divorced,0,Bachelor's,Employed,69058,City C,State Z,22,1,2022-01-01,,True
23,19,Other,Low,No,1,No,Divorced,1,High School,Unemployed,58301,City A,State Z,23,1,2022-01-01,,True
24,41,Male,Low,Yes,8,No,Single,0,High School,Retired,21585,City C,State Z,24,1,2022-01-01,,True
25,61,Female,Medium,No,9,Yes,Single,4,PhD,Unemployed,80677,City A,State Z,25,1,2022-01-01,,True
26,47,Male,High,No,4,Yes,Single,0,High School,Retired,79310,City D,State Z,26,1,2022-01-01,,True
27,55,Other,Low,No,8,Yes,Married,3,High School,Self-Employed,63089,City A,State X,27,1,2022-01-01,,True
28,19,Other,Low,Yes,0,No,Married,4,PhD,Self-Employed,64368,City C,State Z,28,1,2022-01-01,,True
29,77,Male,Low,No,7,No,Single,1,Bachelor's,Retired,49343,City C,State Z,29,1,2022-01-01,,True
30,38,Female,Low,Yes,5,No,Divorced,2,High School,Unemployed,66903,City C,State Y,30,1,2022-01-01,,True
31,50,Male,Low,Yes,4,Yes,Married,4,PhD,Self-Employed,67111,City C,State Y,31,1,2022-01-01,,True
32,29,Other,Medium,No,3,No,Married,0,Bachelor's,Employed,61623,City D,State X,32,1,2022-01-01,,True
33,75,Other,High,No,9,Yes,Single,0,High School,Self-Employed,33297,City B,State Z,33,1,2022-01-01,,True
34,39,Female,High,Yes,0,Yes,Divorced,0,Master's,Unemployed,26320,City D,State X,34,1,2022-01-01,,True
35,78,Other,Low,No,1,No,Single,3,Bachelor's,Employed,94542,City A,State Y,35,1,2022-01-01,,True
36,61,Other,Low,Yes,0,Yes,Married,4,Bachelor's,Self-Employed,28124,City D,State X,36,1,2022-01-01,,True
37,42,Male,Low,No,3,Yes,Married,3,High School,Retired,32593,City B,State Y,37,1,2022-01-01,,True
38,66,Other,High,No,0,Yes,Married,1,PhD,Employed,55973,City B,State Z,38,1,2022-01-01,,True
39,44,Male,Medium,No,4,Yes,Divorced,2,High School,Unemployed,62306,City D,State Y,39,1,2022-01-01,,True
40,76,Other,High,Yes,6,No,Single,4,Master's,Retired,26972,City C,State X,40,1,2022-01-01,,True
41,59,Male,High,No,2,No,Married,2,PhD,Employed,17351,City D,State Y,41,1,2022-01-01,,True
42,45,Male,High,Yes,4,Yes,Married,2,Master's,Self-Employed,67043,City A,State X,42,1,2022-01-01,,True
43,77,Other,High,Yes,3,No,Single,1,PhD,Self-Employed,62751,City D,State Y,43,1,2022-01-01,,True
44,33,Other,Medium,Yes,8,Yes,Divorced,3,PhD,Employed,38995,City C,State X,44,1,2022-01-01,,True
45,32,Female,High,No,1,No,Single,4,Master's,Unemployed,66432,City B,State Y,45,1,2022-01-01,,True
46,79,Female,High,Yes,3,No,Married,1,Master's,Unemployed,49394,City C,State Z,46,1,2022-01-01,,True
47,79,Male,Low,Yes,5,No,Married,0,PhD,Self-Employed,64680,City D,State X,47,1,2022-01-01,,True
48,64,Male,Low,No,3,Yes,Single,0,PhD,Unemployed,10997,City A,State X,48,1,2022-01-01,,True
49,79,Other,Low,No,9,No,Married,0,PhD,Self-Employed,43560,City A,State X,49,1,2022-01-01,,True
50,68,Male,Medium,Yes,0,No,Single,1,PhD,Employed,71882,City B,State Y,50,1,2022-01-01,,True
51,61,Female,Medium,Yes,2,No,Divorced,0,Master's,Self-Employed,24662,City C,State Z,51,1,2022-01-01,,True
52,72,Male,Medium,Yes,8,Yes,Married,1,Master's,Self-Employed,90106,City B,State X,52,1,2022-01-01,,True
53,69,Male,High,Yes,5,No,Married,1,High School,Employed,73957,City C,State Z,53,1,2022-01-01,,True
54,74,Male,Low,No,9,Yes,Divorced,1,Bachelor's,Self-Employed,78757,City D,State X,54,1,2022-01-01,,True
55,20,Male,High,No,6,No,Single,1,Bachelor's,Retired,55287,City C,State Y,55,1,2022-01-01,,True
56,54,Female,Low,No,1,Yes,Single,0,Bachelor's,Unemployed,70894,City D,State X,56,1,2022-01-01,,True
57,68,Other,Low,Yes,8,No,Single,3,High School,Retired,10347,City D,State Z,57,1,2022-01-01,,True
58,24,Other,Low,No,2,No,Single,1,Master's,Unemployed,39795,City B,State Y,58,1,2022-01-01,,True
59,38,Male,High,No,6,No,Divorced,0,Bachelor's,Retired,87812,City A,State Z,59,1,2022-01-01,,True
60,26,Female,High,No,6,No,Divorced,2,PhD,Self-Employed,98831,City B,State Y,60,1,2022-01-01,,True
61,56,Female,Medium,No,3,Yes,Divorced,3,PhD,Employed,74012,City D,State Z,61,1,2022-01-01,,True
62,35,Female,High,No,5,Yes,Divorced,3,PhD,Unemployed,49612,City B,State X,62,1,2022-01-01,,True
63,21,Male,High,Yes,2,No,Divorced,2,Bachelor's,Self-Employed,59175,City D,State X,63,1,2022-01-01,,True
64,42,Male,Medium,Yes,2,Yes,Divorced,3,Bachelor's,Retired,10545,City D,State Z,64,1,2022-01-01,,True
65,77,Female,Low,No,1,No,Divorced,4,High School,Employed,42205,City B,State Y,65,1,2022-01-01,,True
66,31,Male,Low,No,9,Yes,Married,4,Bachelor's,Unemployed,59026,City C,State Z,66,1,2022-01-01,,True
67,67,Other,High,Yes,7,Yes,Married,2,PhD,Employed,63036,City C,State X,67,1,2022-01-01,,True
68,75,Other,Medium,No,0,No,Married,0,Bachelor's,Retired,60429,City C,State X,68,1,2022-01-01,,True
69,26,Male,High,Yes,5,No,Single,4,High School,Retired,26009,City A,State X,69,1,2022-01-01,,True
70,43,Other,Medium,No,7,Yes,Single,1,Master's,Self-Employed,88376,City A,State Y,70,1,2022-01-01,,True
71,70,Other,Low,Yes,9,Yes,Divorced,0,High School,Self-Employed,51383,City B,State X,71,1,2022-01-01,,True
72,19,Male,High,Yes,0,No,Married,2,PhD,Retired,64436,City D,State Y,72,1,2022-01-01,,True
73,37,Female,Low,No,4,Yes,Single,4,Bachelor's,Retired,19184,City A,State Z,73,1,2022-01-01,,True
74,45,Other,Medium,Yes,2,Yes,Single,4,Master's,Self-Employed,14576,City C,State X,74,1,2022-01-01,,True
75,64,Male,High,Yes,3,Yes,Divorced,3,Bachelor's,Retired,72244,City C,State Y,75,1,2022-01-01,,True
76,77,Male,Low,Yes,5,Yes,Divorced,1,Bachelor's,Retired,78941,City B,State Z,76,1,2022-01-01,,True
77,24,Other,High,No,8,Yes,Single,3,Bachelor's,Retired,14018,City C,State X,77,1,2022-01-01,,True
78,61,Other,Medium,No,0,Yes,Divorced,4,Bachelor's,Employed,37334,City C,State X,78,1,2022-01-01,,True
79,78,Female,High,No,3,Yes,Divorced,3,Master's,Retired,24625,City D,State X,79,1,2022-01-01,,True
80,25,Other,High,No,6,No,Divorced,1,Bachelor's,Retired,82567,City C,State Z,80,1,2022-01-01,,True
81,64,Other,High,No,1,No,Married,1,Bachelor's,Self-Employed,16272,City B,State X,81,1,2022-01-01,,True
82,52,Other,Medium,Yes,4,No,Married,2,Master's,Self-Employed,23663,City B,State Y,82,1,2022-01-01,,True
83,31,Female,High,Yes,1,Yes,Married,2,High School,Unemployed,41100,City C,State Y,83,1,2022-01-01,,True
84,34,Male,Medium,Yes,0,Yes,Divorced,2,PhD,Retired,47355,City A,State X,84,1,2022-01-01,,True
85,53,Other,Low,No,6,Yes,Single,0,PhD,Employed,86461,City B,State Z,85,1,2022-01-01,,True
86,67,Male,Low,No,8,No,Married,4,High School,Employed,94018,City B,State Z,86,1,2022-01-01,,True
87,57,Other,Medium,Yes,4,Yes,Married,3,Bachelor's,Unemployed,45889,City C,State Y,87,1,2022-01-01,,True
88,21,Male,Low,Yes,7,Yes,Single,4,Bachelor's,Self-Employed,61913,City A,State Y,88,1,2022-01-01,,True
89,19,Female,High,Yes,8,Yes,Single,4,High School,Self-Employed,30431,City C,State X,89,1,2022-01-01,,True
90,79,Male,Low,No,1,Yes,Divorced,3,Bachelor's,Employed,73620,City C,State Y,90,1,2022-01-01,,True
91,23,Female,High,Yes,0,No,Single,3,PhD,Employed,41040,City C,State Y,91,1,2022-01-01,,True
92,71,Other,High,Yes,9,Yes,Married,4,Master's,Employed,56439,City D,State Z,92,1,2022-01-01,,True
93,59,Other,High,No,2,Yes,Single,4,High School,Self-Employed,36460,City A,State Z,93,1,2022-01-01,,True
94,21,Male,Medium,Yes,2,No,Single,4,Bachelor's,Employed,98097,City C,State X,94,1,2022-01-01,,True
95,71,Female,High,Yes,2,Yes,Single,2,High School,Retired,39789,City C,State X,95,1,2022-01-01,,True
96,46,Other,High,No,1,Yes,Married,1,Bachelor's,Unemployed,95833,City B,State X,96,1,2022-01-01,,True
97,35,Other,Low,Yes,2,Yes,Divorced,0,PhD,Unemployed,92325,City A,State Y,97,1,2022-01-01,,True
98,43,Other,Medium,No,4,No,Married,1,Bachelor's,Employed,76043,City A,State Y,98,1,2022-01-01,,True
99,61,Male,Low,Yes,9,No,Married,1,Master's,Self-Employed,34440,City B,State Z,99,1,2022-01-01,,True
100,51,Male,Low,Yes,4,Yes,Married,1,High School,Unemployed,40643,City A,State X,100,1,2022-01-01,,True
101,27,Female,Medium,Yes,8,Yes,Single,2,PhD,Unemployed,25576,City A,State Y,101,1,2022-01-01,,True
102,79,Other,Medium,No,1,No,Married,2,PhD,Unemployed,82395,City A,State X,102,1,2022-01-01,,True
103,53,Male,High,Yes,1,No,Divorced,1,Bachelor's,Retired,53988,City D,State Y,103,1,2022-01-01,,True
104,31,Other,High,No,2,Yes,Married,1,PhD,Employed,17557,City B,State Z,104,1,2022-01-01,,True
105,48,Other,Low,Yes,6,No,Single,2,Bachelor's,Employed,40037,City A,State X,105,1,2022-01-01,,True
106,65,Female,High,Yes,7,No,Single,2,Bachelor's,Self-Employed,54445,City D,State X,106,1,2022-01-01,,True
107,32,Other,Low,No,1,Yes,Married,0,Master's,Self-Employed,41707,City C,State Z,107,1,2022-01-01,,True
108,25,Male,Low,Yes,8,No,Married,1,Bachelor's,Employed,59599,City B,State Y,108,1,2022-01-01,,True
109,31,Other,High,No,0,Yes,Married,3,Bachelor's,Employed,57747,City B,State Y,109,1,2022-01-01,,True
110,40,Female,Low,No,4,Yes,Divorced,1,High School,Retired,86630,City C,State X,110,1,2022-01-01,,True
111,77,Male,Low,No,5,Yes,Divorced,1,PhD,Unemployed,72249,City A,State X,111,1,2022-01-01,,True
112,74,Female,Medium,No,8,Yes,Single,1,Bachelor's,Unemployed,84392,City C,State X,112,1,2022-01-01,,True
113,79,Male,Low,No,8,No,Single,0,Bachelor's,Self-Employed,39294,City A,State Y,113,1,2022-01-01,,True
114,57,Other,High,No,4,Yes,Divorced,0,Bachelor's,Retired,90808,City D,State X,114,1,2022-01-01,,True
115,38,Other,Medium,Yes,0,No,Married,1,Bachelor's,Employed,46654,City A,State Z,115,1,2022-01-01,,True
116,33,Female,Low,No,7,No,Married,2,High School,Employed,90881,City B,State Z,116,1,2022-01-01,,True
117,62,Other,High,Yes,0,Yes,Single,4,Master's,Employed,51370,City C,State Z,117,1,2022-01-01,,True
118,35,Male,Medium,Yes,0,Yes,Single,0,Master's,Unemployed,76247,City C,State Y,118,1,2022-01-01,,True
119,64,Other,Medium,Yes,2,No,Married,2,High School,Employed,37177,City D,State Y,119,1,2022-01-01,,True
120,70,Male,Medium,Yes,6,Yes,Divorced,3,Bachelor's,Employed,69001,City B,State X,120,1,2022-01-01,,True
121,41,Other,High,No,0,No,Single,2,Bachelor's,Unemployed,23240,City D,State X,121,1,2022-01-01,,True
122,43,Female,Medium,No,4,Yes,Divorced,4,High School,Employed,97988,City C,State Z,122,1,2022-01-01,,True
123,42,Male,High,Yes,7,Yes,Single,1,High School,Employed,55966,City B,State Y,123,1,2022-01-01,,True
124,77,Male,Low,No,5,No,Married,2,Master's,Employed,80279,City C,State Z,124,1,2022-01-01,,True
125,77,Other,Low,Yes,5,No,Married,2,High School,Employed,61138,City A,State X,125,1,2022-01-01,,True
126,77,Other,High,No,8,No,Married,0,Master's,Retired,66719,City A,State X,126,1,2022-01-01,,True
127,62,Male,Low,No,3,No,Divorced,3,High School,Retired,15736,City D,State Z,127,1,2022-01-01,,True
128,58,Male,Low,Yes,8,No,Single,4,Bachelor's,Employed,95408,City D,State Y,128,1,2022-01-01,,True
129,46,Female,High,Yes,9,No,Married,2,Bachelor's,Unemployed,35890,City A,State Y,129,1,2022-01-01,,True
130,32,Male,Low,No,5,No,Single,3,Master's,Retired,19124,City B,State X,130,1,2022-01-01,,True
131,62,Other,High,Yes,2,No,Single,2,Master's,Unemployed,49009,City A,State Z,131,1,2022-01-01,,True
132,18,Female,Medium,No,8,Yes,Married,3,Master's,Self-Employed,52282,City C,State X,132,1,2022-01-01,,True
133,42,Male,Low,Yes,8,No,Single,1,PhD,Employed,54241,City A,State X,133,1,2022-01-01,,True
134,24,Female,Low,Yes,7,Yes,Married,0,High School,Employed,32155,City A,State Y,134,1,2022-01-01,,True
135,26,Male,High,Yes,3,Yes,Divorced,4,High School,Unemployed,85307,City B,State X,135,1,2022-01-01,,True
136,41,Male,Low,No,0,Yes,Single,2,Master's,Retired,28201,City A,State X,136,1,2022-01-01,,True
137,18,Female,Low,No,5,Yes,Married,2,Master's,Self-Employed,95389,City B,State X,137,1,2022-01-01,,True
138,61,Female,High,Yes,6,Yes,Divorced,1,PhD,Retired,49849,City B,State Z,138,1,2022-01-01,,True
139,25,Male,Medium,No,1,No,Single,3,PhD,Unemployed,29639,City C,State Z,139,1,2022-01-01,,True
140,41,Other,Low,No,4,Yes,Single,0,Master's,Self-Employed,35497,City B,State X,140,1,2022-01-01,,True
141,28,Male,Low,No,3,No,Single,0,PhD,Unemployed,31564,City D,State Z,141,1,2022-01-01,,True
142,68,Female,Medium,No,0,No,Divorced,4,PhD,Retired,80810,City A,State Y,142,1,2022-01-01,,True
143,34,Other,Low,Yes,0,Yes,Married,1,Master's,Self-Employed,45173,City C,State X,143,1,2022-01-01,,True
144,25,Other,High,Yes,8,No,Married,3,Master's,Self-Employed,65308,City A,State X,144,1,2022-01-01,,True
145,52,Other,High,No,7,No,Married,0,PhD,Self-Employed,44578,City C,State Z,145,1,2022-01-01,,True
146,52,Male,Low,No,2,No,Married,3,PhD,Unemployed,54359,City A,State X,146,1,2022-01-01,,True
147,50,Female,Medium,No,0,Yes,Married,2,Bachelor's,Self-Employed,67790,City A,State X,147,1,2022-01-01,,True
148,76,Other,High,No,8,Yes,Married,1,Master's,Unemployed,94201,City B,State X,148,1,2022-01-01,,True
149,22,Male,Low,No,2,No,Married,1,Master's,Self-Employed,52494,City A,State X,149,1,2022-01-01,,True
150,59,Male,Low,No,8,No,Divorced,2,High School,Unemployed,22592,City A,State Z,150,1,2022-01-01,,True
151,56,Male,Medium,No,1,No,Married,3,Bachelor's,Employed,67472,City B,State X,151,1,2022-01-01,,True
152,75,Other,Low,No,3,No,Divorced,3,Master's,Self-Employed,99994,City B,State Y,152,1,2022-01-01,,True
153,58,Other,High,No,2,No,Divorced,4,Bachelor's,Self-Employed,85876,City A,State Y,153,1,2022-01-01,,True
154,45,Male,Medium,No,3,No,Single,1,High School,Unemployed,20930,City D,State X,154,1,2022-01-01,,True
155,24,Other,High,No,5,No,Married,3,PhD,Unemployed,16081,City C,State Y,155,1,2022-01-01,,True
156,26,Male,High,No,3,No,Married,4,Master's,Retired,79294,City B,State Z,156,1,2022-01-01,,True
157,25,Female,High,No,1,Yes,Single,4,Bachelor's,Self-Employed,29737,City C,State Y,157,1,2022-01-01,,True
158,29,Female,Medium,No,6,Yes,Single,3,High School,Unemployed,92145,City C,State X,158,1,2022-01-01,,True
159,51,Male,Medium,No,0,Yes,Single,4,PhD,Retired,34294,City B,State X,159,1,2022-01-01,,True
160,50,Male,Low,Yes,5,No,Married,2,High School,Employed,60435,City C,State Y,160,1,2022-01-01,,True
161,65,Male,Low,Yes,1,No,Single,0,Master's,Unemployed,11165,City B,State X,161,1,2022-01-01,,True
162,72,Male,Low,No,5,No,Single,3,PhD,Retired,99505,City D,State Z,162,1,2022-01-01,,True
163,40,Other,Low,Yes,9,No,Divorced,3,Master's,Unemployed,27324,City A,State X,163,1,2022-01-01,,True
164,79,Female,Low,Yes,5,No,Married,3,High School,Unemployed,79546,City B,State X,164,1,2022-01-01,,True
165,41,Other,Medium,No,7,No,Single,2,Bachelor's,Employed,29687,City C,State X,165,1,2022-01-01,,True
166,54,Female,Low,No,7,No,Divorced,3,Master's,Unemployed,29969,City B,State Y,166,1,2022-01-01,,True
167,52,Female,Medium,No,4,Yes,Divorced,4,PhD,Employed,76828,City A,State Y,167,1,2022-01-01,,True
168,61,Other,Medium,Yes,1,Yes,Single,3,Bachelor's,Unemployed,69849,City D,State X,168,1,2022-01-01,,True
169,57,Male,Low,Yes,4,Yes,Single,3,Master's,Retired,26487,City B,State Y,169,1,2022-01-01,,True
170,39,Other,Low,No,6,No,Married,2,High School,Unemployed,41628,City B,State Z,170,1,2022-01-01,,True
171,44,Female,Medium,No,4,Yes,Divorced,2,Bachelor's,Unemployed,58907,City B,State X,171,1,2022-01-01,,True
172,52,Other,Medium,Yes,4,No,Married,1,High School,Retired,58633,City A,State X,172,1,2022-01-01,,True
173,18,Female,Low,Yes,0,Yes,Married,0,High School,Unemployed,77853,City C,State X,173,1,2022-01-01,,True
174,52,Female,High,No,0,No,Single,4,High School,Unemployed,94223,City A,State X,174,1,2022-01-01,,True
175,54,Female,High,Yes,8,No,Married,0,Bachelor's,Retired,90373,City A,State X,175,1,2022-01-01,,True
176,64,Male,High,No,4,No,Divorced,2,Master's,Unemployed,11884,City A,State Y,176,1,2022-01-01,,True
177,31,Other,High,No,9,Yes,Divorced,2,Master's,Employed,43621,City C,State X,177,1,2022-01-01,,True
178,20,Male,Low,Yes,6,No,Divorced,0,High School,Retired,83856,City A,State Z,178,1,2022-01-01,,True
179,18,Male,Low,Yes,2,Yes,Single,3,Bachelor's,Unemployed,20819,City A,State Y,179,1,2022-01-01,,True
180,22,Female,Low,Yes,1,Yes,Divorced,1,PhD,Self-Employed,41837,City C,State X,180,1,2022-01-01,,True
181,43,Female,Low,No,6,Yes,Divorced,4,Bachelor's,Retired,70554,City B,State X,181,1,2022-01-01,,True
182,72,Male,Low,No,9,No,Single,1,Bachelor's,Retired,36535,City B,State X,182,1,2022-01-01,,True
183,31,Male,High,No,3,No,Divorced,3,Master's,Employed,88790,City D,State Z,183,1,2022-01-01,,True
184,56,Other,Medium,Yes,6,No,Divorced,0,Master's,Unemployed,11907,City A,State Y,184,1,2022-01-01,,True
185,44,Male,High,Yes,0,Yes,Married,1,Bachelor's,Employed,67450,City B,State X,185,1,2022-01-01,,True
186,26,Female,Medium,No,6,Yes,Single,4,Master's,Unemployed,68808,City A,State Y,186,1,2022-01-01,,True
187,32,Other,Medium,Yes,1,No,Married,2,High School,Employed,83469,City B,State Y,187,1,2022-01-01,,True
188,32,Male,Low,Yes,6,Yes,Single,4,PhD,Self-Employed,39889,City C,State Z,188,1,2022-01-01,,True
189,43,Other,High,No,2,Yes,Single,1,Master's,Retired,97726,City A,State X,189,1,2022-01-01,,True
190,59,Male,High,Yes,7,Yes,Single,3,PhD,Employed,62544,City B,State Y,190,1,2022-01-01,,True
191,77,Male,Low,No,0,No,Single,2,Master's,Self-Employed,51224,City C,State X,191,1,2022-01-01,,True
192,30,Male,Medium,No,1,No,Married,1,Master's,Retired,53724,City A,State Z,192,1,2022-01-01,,True
193,68,Other,High,No,2,No,Divorced,1,High School,Unemployed,20454,City A,State Z,193,1,2022-01-01,,True
194,49,Female,Low,No,1,Yes,Divorced,1,High School,Unemployed,81109,City C,State Z,194,1,2022-01-01,,True
195,56,Female,Low,Yes,8,No,Divorced,1,High School,Self-Employed,25541,City D,State Z,195,1,2022-01-01,,True
196,66,Other,Low,Yes,5,Yes,Single,0,High School,Retired,90119,City C,State Z,196,1,2022-01-01,,True
197,69,Male,Low,No,4,No,Single,4,Bachelor's,Employed,33370,City A,State X,197,1,2022-01-01,,True
198,78,Female,Medium,No,4,No,Married,4,Bachelor's,Employed,31659,City A,State Y,198,1,2022-01-01,,True
199,49,Male,High,No,5,No,Married,2,PhD,Self-Employed,75000,City B,State X,199,1,2022-01-01,,True
200,21,Other,High,No,3,No,Married,3,High School,Retired,55281,City B,State Y,200,1,2022-01-01,,True
201,47,Female,Low,Yes,7,No,Married,0,Master's,Unemployed,19318,City A,State Z,201,1,2022-01-01,,True
202,54,Male,Low,No,4,No,Married,3,Bachelor's,Self-Employed,31171,City B,State Z,202,1,2022-01-01,,True
203,40,Male,Medium,Yes,1,No,Divorced,0,Bachelor's,Self-Employed,47233,City C,State X,203,1,2022-01-01,,True
204,56,Other,Medium,Yes,8,No,Married,3,High School,Employed,10172,City B,State Z,204,1,2022-01-01,,True
205,62,Female,Low,No,9,No,Married,4,Bachelor's,Employed,83573,City C,State X,205,1,2022-01-01,,True
206,32,Female,Low,No,7,No,Married,2,High School,Unemployed,99557,City B,State X,206,1,2022-01-01,,True
207,60,Female,High,Yes,5,Yes,Married,0,PhD,Employed,68571,City C,State X,207,1,2022-01-01,,True
208,46,Male,Medium,Yes,8,No,Married,4,PhD,Retired,60455,City D,State Z,208,1,2022-01-01,,True
209,53,Other,High,Yes,0,Yes,Single,4,High School,Self-Employed,94443,City D,State Y,209,1,2022-01-01,,True
210,30,Male,Low,No,8,Yes,Married,0,High School,Self-Employed,70529,City B,State Z,210,1,2022-01-01,,True
211,49,Female,Medium,Yes,9,No,Married,3,Bachelor's,Retired,27614,City B,State Z,211,1,2022-01-01,,True
212,24,Other,High,No,2,No,Divorced,3,PhD,Unemployed,61433,City D,State X,212,1,2022-01-01,,True
213,76,Other,High,No,5,Yes,Married,4,High School,Employed,22587,City D,State Y,213,1,2022-01-01,,True
214,68,Other,Low,Yes,3,Yes,Single,4,High School,Unemployed,78912,City A,State Z,214,1,2022-01-01,,True
215,39,Male,Medium,Yes,7,No,Single,2,PhD,Unemployed,37532,City C,State X,215,1,2022-01-01,,True
216,45,Other,High,Yes,0,No,Single,4,High School,Unemployed,32215,City D,State Z,216,1,2022-01-01,,True
217,19,Male,Low,Yes,1,Yes,Divorced,2,PhD,Self-Employed,58859,City C,State Z,217,1,2022-01-01,,True
218,59,Male,Low,No,0,No,Married,3,High School,Employed,78113,City C,State Y,218,1,2022-01-01,,True
219,62,Other,Medium,No,9,No,Married,4,High School,Unemployed,47764,City A,State Y,219,1,2022-01-01,,True
220,79,Female,Medium,No,8,No,Married,1,PhD,Self-Employed,95042,City A,State Z,220,1,2022-01-01,,True
221,74,Other,Low,No,8,Yes,Divorced,0,Bachelor's,Self-Employed,42714,City B,State Y,221,1,2022-01-01,,True
222,70,Male,Medium,Yes,1,No,Divorced,1,Master's,Employed,24249,City D,State Y,222,1,2022-01-01,,True
223,23,Female,High,No,5,No,Married,2,Master's,Self-Employed,91067,City D,State Y,223,1,2022-01-01,,True
224,45,Female,Low,Yes,0,Yes,Single,4,Master's,Unemployed,99333,City B,State Y,224,1,2022-01-01,,True
225,45,Other,High,Yes,7,No,Divorced,0,High School,Employed,15608,City A,State X,225,1,2022-01-01,,True
226,61,Female,Medium,Yes,8,Yes,Single,4,PhD,Retired,75541,City C,State X,226,1,2022-01-01,,True
227,61,Male,High,No,0,Yes,Divorced,3,PhD,Unemployed,25333,City D,State X,227,1,2022-01-01,,True
228,37,Male,Low,No,6,No,Single,0,Master's,Retired,94878,City B,State Z,228,1,2022-01-01,,True
229,47,Male,Low,No,5,Yes,Single,3,PhD,Retired,16303,City C,State Y,229,1,2022-01-01,,True
230,79,Male,Low,No,8,Yes,Married,4,Bachelor's,Unemployed,92210,City A,State X,230,1,2022-01-01,,True
231,28,Female,High,No,1,No,Single,2,PhD,Self-Employed,87651,City C,State Y,231,1,2022-01-01,,True
232,75,Male,Medium,Yes,5,Yes,Divorced,1,Bachelor's,Employed,55673,City D,State Z,232,1,2022-01-01,,True
233,72,Male,Medium,Yes,5,Yes,Divorced,0,Master's,Self-Employed,64498,City C,State X,233,1,2022-01-01,,True
234,45,Male,Medium,No,3,No,Married,1,Bachelor's,Retired,29329,City C,State Y,234,1,2022-01-01,,True
235,42,Male,High,No,8,No,Divorced,4,Bachelor's,Employed,49561,City B,State Y,235,1,2022-01-01,,True
236,56,Male,Low,No,9,Yes,Married,0,High School,Retired,19337,City D,State X,236,1,2022-01-01,,True
237,79,Male,High,Yes,1,No,Married,1,PhD,Unemployed,91859,City A,State Z,237,1,2022-01-01,,True
238,50,Male,High,No,2,No,Married,1,High School,Unemployed,44977,City B,State Z,238,1,2022-01-01,,True
239,18,Other,Low,Yes,5,Yes,Married,1,Bachelor's,Self-Employed,23563,City B,State Y,239,1,2022-01-01,,True
240,74,Female,Low,No,0,Yes,Single,1,PhD,Self-Employed,75737,City C,State Y,240,1,2022-01-01,,True
241,44,Male,Medium,No,7,No,Married,3,Bachelor's,Unemployed,68282,City A,State Z,241,1,2022-01-01,,True
242,79,Other,High,No,9,No,Married,1,High School,Unemployed,33347,City D,State Z,242,1,2022-01-01,,True
243,74,Female,Low,No,2,Yes,Single,2,Master's,Retired,50302,City B,State X,243,1,2022-01-01,,True
244,69,Other,Medium,Yes,8,No,Divorced,4,Master's,Employed,73858,City B,State Z,244,1,2022-01-01,,True
245,30,Other,High,No,3,No,Single,0,Bachelor's,Employed,56915,City B,State X,245,1,2022-01-01,,True
246,58,Male,Medium,No,4,No,Married,3,PhD,Unemployed,55442,City D,State X,246,1,2022-01-01,,True
247,20,Other,Low,No,5,Yes,Single,3,High School,Self-Employed,19128,City C,State X,247,1,2022-01-01,,True
248,56,Other,High,Yes,9,Yes,Married,0,PhD,Retired,96765,City A,State Y,248,1,2022-01-01,,True
249,23,Other,High,Yes,8,Yes,Divorced,1,Master's,Retired,52177,City C,State Y,249,1,2022-01-01,,True
250,25,Male,Medium,No,7,No,Single,2,High School,Employed,50903,City A,State Z,250,1,2022-01-01,,True
251,44,Male,Low,No,1,Yes,Married,1,PhD,Employed,46997,City D,State X,251,1,2022-01-01,,True
252,26,Male,Low,Yes,7,No,Single,3,High School,Self-Employed,13126,City B,State Z,252,1,2022-01-01,,True
253,79,Male,High,No,3,No,Divorced,2,High School,Retired,44254,City C,State X,253,1,2022-01-01,,True
254,54,Other,Low,No,8,No,Married,4,High School,Retired,75321,City B,State Y,254,1,2022-01-01,,True
255,50,Other,Low,Yes,0,No,Single,4,PhD,Self-Employed,36978,City D,State Y,255,1,2022-01-01,,True
256,68,Other,Low,Yes,2,Yes,Divorced,3,Bachelor's,Retired,46968,City C,State X,256,1,2022-01-01,,True
257,59,Other,Medium,Yes,3,Yes,Married,1,Bachelor's,Self-Employed,89721,City A,State Y,257,1,2022-01-01,,True
258,61,Female,High,Yes,2,Yes,Single,0,High School,Employed,41503,City D,State Y,258,1,2022-01-01,,True
259,41,Female,Medium,No,8,Yes,Single,4,Master's,Unemployed,49273,City B,State Z,259,1,2022-01-01,,True
260,32,Other,High,Yes,3,Yes,Divorced,1,PhD,Employed,31814,City D,State X,260,1,2022-01-01,,True
261,76,Male,Low,No,9,Yes,Married,0,High School,Retired,46823,City A,State Y,261,1,2022-01-01,,True
262,71,Other,High,Yes,4,No,Single,2,Master's,Retired,82103,City B,State Z,262,1,2022-01-01,,True
263,49,Other,Low,Yes,7,Yes,Divorced,4,Bachelor's,Employed,41628,City D,State Y,263,1,2022-01-01,,True
264,49,Female,High,No,2,Yes,Married,3,Master's,Employed,96823,City C,State X,264,1,2022-01-01,,True
265,41,Male,Low,Yes,6,Yes,Married,0,Bachelor's,Unemployed,71382,City D,State X,265,1,2022-01-01,,True
266,58,Other,Low,No,9,Yes,Divorced,1,High School,Retired,50888,City A,State X,266,1,2022-01-01,,True
267,69,Male,High,No,1,Yes,Single,2,Master's,Retired,20439,City B,State Z,267,1,2022-01-01,,True
268,66,Other,Medium,Yes,3,Yes,Married,0,High School,Unemployed,57336,City D,State X,268,1,2022-01-01,,True
269,79,Male,Medium,No,0,No,Married,2,High School,Unemployed,85410,City A,State Y,269,1,2022-01-01,,True
270,66,Other,Medium,No,4,Yes,Married,0,Bachelor's,Self-Employed,71418,City A,State Y,270,1,2022-01-01,,True
271,75,Male,Medium,No,5,No,Married,1,PhD,Self-Employed,42546,City D,State Y,271,1,2022-01-01,,True
272,69,Female,Low,No,2,No,Divorced,4,Master's,Retired,75275,City B,State X,272,1,2022-01-01,,True
273,29,Other,Low,No,0,Yes,Single,2,PhD,Unemployed,75703,City A,State Z,273,1,2022-01-01,,True
274,79,Male,Medium,Yes,4,No,Single,3,PhD,Retired,98549,City C,State Z,274,1,2022-01-01,,True
275,56,Other,Low,Yes,3,No,Married,3,Master's,Retired,74469,City D,State X,275,1,2022-01-01,,True
276,19,Female,Medium,Yes,2,Yes,Divorced,4,High School,Employed,12570,City A,State X,276,1,2022-01-01,,True
277,20,Other,High,Yes,4,No,Divorced,1,High School,Unemployed,31033,City C,State X,277,1,2022-01-01,,True
278,66,Male,Low,No,5,No,Divorced,1,Master's,Unemployed,38749,City A,State Y,278,1,2022-01-01,,True
279,54,Female,High,No,2,Yes,Single,0,Master's,Retired,71989,City A,State Y,279,1,2022-01-01,,True
280,66,Other,Low,Yes,7,Yes,Married,1,Bachelor's,Unemployed,25736,City D,State Z,280,1,2022-01-01,,True
281,73,Female,High,No,6,No,Married,4,PhD,Retired,90151,City C,State Y,281,1,2022-01-01,,True
282,34,Female,High,Yes,8,No,Single,4,PhD,Self-Employed,62898,City B,State X,282,1,2022-01-01,,True
283,76,Female,High,Yes,3,No,Married,0,High School,Employed,55183,City B,State Y,283,1,2022-01-01,,True
284,66,Other,Low,No,1,No,Divorced,0,Bachelor's,Unemployed,69561,City D,State Y,284,1,2022-01-01,,True
285,19,Other,Low,Yes,2,Yes,Single,0,Bachelor's,Unemployed,63486,City B,State Z,285,1,2022-01-01,,True
286,19,Female,Low,Yes,8,Yes,Married,0,Master's,Self-Employed,60195,City B,State X,286,1,2022-01-01,,True
287,45,Female,Medium,Yes,6,No,Married,0,High School,Unemployed,98684,City C,State X,287,1,2022-01-01,,True
288,71,Other,Medium,No,8,No,Married,4,Bachelor's,Self-Employed,23694,City C,State X,288,1,2022-01-01,,True
289,40,Female,High,Yes,1,No,Single,2,Master's,Self-Employed,15626,City B,State X,289,1,2022-01-01,,True
290,54,Female,High,No,8,Yes,Married,2,PhD,Retired,33745,City B,State Y,290,1,2022-01-01,,True
291,49,Female,Low,Yes,3,Yes,Single,2,Master's,Self-Employed,73292,City B,State Y,291,1,2022-01-01,,True
292,50,Other,Medium,Yes,0,No,Divorced,2,Master's,Employed,35572,City C,State Y,292,1,2022-01-01,,True
293,18,Other,High,Yes,2,Yes,Married,3,High School,Self-Employed,12182,City A,State Y,293,1,2022-01-01,,True
294,36,Female,Low,Yes,6,Yes,Divorced,0,PhD,Employed,58712,City D,State Z,294,1,2022-01-01,,True
295,79,Male,Low,No,0,Yes,Married,0,Master's,Retired,85932,City D,State Y,295,1,2022-01-01,,True
296,19,Female,Medium,No,4,Yes,Divorced,0,Master's,Retired,57665,City D,State X,296,1,2022-01-01,,True
297,70,Female,Medium,No,5,Yes,Married,2,Master's,Employed,21141,City A,State Z,297,1,2022-01-01,,True
298,61,Other,Medium,No,0,No,Married,3,PhD,Retired,61736,City D,State X,298,1,2022-01-01,,True
299,43,Other,Medium,Yes,1,Yes,Single,2,PhD,Retired,23325,City D,State X,299,1,2022-01-01,,True
300,49,Female,Medium,No,9,No,Divorced,2,Master's,Self-Employed,52675,City B,State Z,300,1,2022-01-01,,True
301,23,Female,Medium,Yes,5,Yes,Single,4,Bachelor's,Self-Employed,59588,City A,State X,301,1,2022-01-01,,True
302,49,Other,Low,Yes,1,No,Divorced,3,Bachelor's,Employed,16419,City B,State Y,302,1,2022-01-01,,True
303,72,Female,Medium,No,7,No,Divorced,0,Bachelor's,Unemployed,83655,City C,State X,303,1,2022-01-01,,True
304,21,Other,Low,No,2,Yes,Divorced,2,Bachelor's,Self-Employed,28940,City B,State X,304,1,2022-01-01,,True
305,72,Other,Medium,No,0,No,Married,1,PhD,Retired,11142,City D,State X,305,1,2022-01-01,,True
306,28,Female,Low,No,8,Yes,Divorced,3,PhD,Unemployed,68165,City D,State X,306,1,2022-01-01,,True
307,73,Female,Low,No,9,No,Single,0,PhD,Self-Employed,79987,City C,State Z,307,1,2022-01-01,,True
308,76,Other,High,No,2,Yes,Single,1,Bachelor's,Retired,76213,City A,State X,308,1,2022-01-01,,True
309,34,Other,Medium,No,2,Yes,Single,1,Master's,Self-Employed,18923,City C,State Z,309,1,2022-01-01,,True
310,55,Female,Low,Yes,7,No,Divorced,0,Master's,Employed,13711,City D,State Y,310,1,2022-01-01,,True
311,41,Female,Medium,No,0,No,Single,2,Bachelor's,Self-Employed,40890,City B,State X,311,1,2022-01-01,,True
312,22,Female,High,No,6,No,Married,2,High School,Unemployed,66133,City D,State Z,312,1,2022-01-01,,True
313,69,Female,Low,Yes,9,No,Single,4,PhD,Self-Employed,77800,City B,State Z,313,1,2022-01-01,,True
314,51,Other,Medium,Yes,8,No,Single,2,High School,Retired,22684,City D,State Z,314,1,2022-01-01,,True
315,23,Female,High,No,6,Yes,Married,2,Bachelor's,Self-Employed,78330,City B,State X,315,1,2022-01-01,,True
316,39,Other,High,Yes,2,No,Divorced,2,Bachelor's,Employed,97630,City B,State Y,316,1,2022-01-01,,True
317,28,Other,Low,No,3,No,Single,0,Bachelor's,Employed,79222,City D,State X,317,1,2022-01-01,,True
318,65,Male,Medium,No,2,No,Single,2,Bachelor's,Retired,91555,City B,State X,318,1,2022-01-01,,True
319,33,Other,Medium,Yes,9,No,Single,4,Master's,Unemployed,50297,City C,State Y,319,1,2022-01-01,,True
320,50,Other,Medium,No,0,No,Single,0,PhD,Employed,25855,City D,State X,320,1,2022-01-01,,True
321,26,Male,Medium,No,4,Yes,Single,1,High School,Self-Employed,93455,City A,State X,321,1,2022-01-01,,True
322,77,Other,Medium,No,6,No,Single,1,Master's,Retired,57939,City C,State Z,322,1,2022-01-01,,True
323,76,Other,High,No,6,No,Single,2,Bachelor's,Unemployed,42063,City A,State Z,323,1,2022-01-01,,True
324,23,Other,Medium,Yes,3,No,Divorced,3,Bachelor's,Retired,94195,City C,State Y,324,1,2022-01-01,,True
325,33,Male,Medium,Yes,5,Yes,Married,3,PhD,Employed,10455,City B,State Z,325,1,2022-01-01,,True
326,46,Male,Medium,Yes,1,Yes,Married,0,PhD,Retired,24338,City D,State X,326,1,2022-01-01,,True
327,20,Male,High,No,9,Yes,Married,2,High School,Self-Employed,82634,City D,State Z,327,1,2022-01-01,,True
328,37,Female,Medium,Yes,2,Yes,Single,1,Master's,Unemployed,64526,City B,State Y,328,1,2022-01-01,,True
329,77,Other,High,Yes,5,Yes,Divorced,4,High School,Self-Employed,81355,City B,State X,329,1,2022-01-01,,True
330,76,Other,Low,No,8,Yes,Divorced,1,PhD,Unemployed,42066,City D,State X,330,1,2022-01-01,,True
331,53,Other,High,No,5,Yes,Single,2,PhD,Unemployed,95875,City D,State Y,331,1,2022-01-01,,True
332,36,Other,Medium,Yes,8,No,Single,4,High School,Employed,57163,City C,State Z,332,1,2022-01-01,,True
333,43,Other,Medium,No,2,Yes,Married,4,Bachelor's,Unemployed,44157,City B,State Z,333,1,2022-01-01,,True
334,20,Male,Low,No,4,Yes,Married,4,Bachelor's,Employed,90402,City B,State Y,334,1,2022-01-01,,True
335,36,Other,High,Yes,2,No,Single,2,High School,Self-Employed,35933,City B,State Y,335,1,2022-01-01,,True
336,37,Male,Low,No,7,Yes,Single,4,High School,Self-Employed,75238,City D,State X,336,1,2022-01-01,,True
337,49,Female,High,No,4,No,Divorced,2,PhD,Retired,83589,City D,State Z,337,1,2022-01-01,,True
338,24,Male,High,Yes,0,Yes,Married,1,High School,Retired,74131,City A,State Y,338,1,2022-01-01,,True
339,69,Female,Low,Yes,6,Yes,Married,4,PhD,Retired,96526,City A,State Z,339,1,2022-01-01,,True
340,58,Male,Low,Yes,9,No,Divorced,2,High School,Retired,74623,City A,State Y,340,1,2022-01-01,,True
341,50,Other,Medium,Yes,9,Yes,Single,4,Bachelor's,Self-Employed,89288,City B,State X,341,1,2022-01-01,,True
342,57,Male,Low,No,0,Yes,Divorced,4,High School,Retired,67814,City C,State X,342,1,2022-01-01,,True
343,56,Other,Medium,Yes,3,Yes,Single,0,PhD,Employed,86611,City D,State Z,343,1,2022-01-01,,True
344,35,Other,Medium,No,4,Yes,Married,0,Bachelor's,Employed,30110,City C,State X,344,1,2022-01-01,,True
345,57,Male,High,Yes,7,Yes,Divorced,4,Bachelor's,Employed,62310,City B,State X,345,1,2022-01-01,,True
346,18,Male,High,Yes,2,No,Divorced,3,Bachelor's,Unemployed,27420,City B,State X,346,1,2022-01-01,,True
347,28,Other,Low,No,8,Yes,Married,0,High School,Self-Employed,67348,City C,State Y,347,1,2022-01-01,,True
348,45,Male,Low,Yes,0,No,Single,0,Bachelor's,Employed,67882,City B,State Z,348,1,2022-01-01,,True
349,74,Other,Medium,Yes,1,No,Married,3,PhD,Employed,98170,City D,State Z,349,1,2022-01-01,,True
350,42,Other,Low,No,7,Yes,Divorced,0,High School,Employed,22062,City C,State Y,350,1,2022-01-01,,True
351,67,Male,High,Yes,3,Yes,Divorced,4,Master's,Employed,25941,City C,State X,351,1,2022-01-01,,True
352,40,Male,Low,Yes,0,Yes,Divorced,3,PhD,Employed,20524,City B,State Y,352,1,2022-01-01,,True
353,48,Male,High,No,4,Yes,Divorced,3,Bachelor's,Self-Employed,55713,City C,State Z,353,1,2022-01-01,,True
354,47,Female,Medium,Yes,0,Yes,Married,4,Bachelor's,Employed,50401,City A,State X,354,1,2022-01-01,,True
355,59,Female,High,Yes,4,No,Single,1,PhD,Retired,75626,City D,State Z,355,1,2022-01-01,,True
356,52,Male,Low,No,9,No,Single,1,High School,Retired,35273,City B,State Y,356,1,2022-01-01,,True
357,24,Other,Medium,Yes,2,No,Single,2,High School,Retired,21571,City C,State Z,357,1,2022-01-01,,True
358,77,Female,High,Yes,3,No,Divorced,2,Bachelor's,Self-Employed,79988,City A,State X,358,1,2022-01-01,,True
359,33,Male,Low,Yes,2,No,Single,2,High School,Unemployed,40272,City A,State Z,359,1,2022-01-01,,True
360,43,Male,High,Yes,4,No,Divorced,1,PhD,Retired,62611,City C,State Z,360,1,2022-01-01,,True
361,65,Male,High,Yes,9,Yes,Single,3,Master's,Self-Employed,94875,City B,State Z,361,1,2022-01-01,,True
362,74,Female,Low,No,5,No,Married,0,Bachelor's,Retired,95302,City A,State Z,362,1,2022-01-01,,True
363,69,Female,High,Yes,3,No,Divorced,4,Bachelor's,Retired,67288,City D,State Z,363,1,2022-01-01,,True
364,77,Male,Low,Yes,6,No,Single,3,PhD,Unemployed,56622,City B,State Z,364,1,2022-01-01,,True
365,66,Male,Low,Yes,4,No,Single,4,High School,Unemployed,97851,City D,State Y,365,1,2022-01-01,,True
366,19,Other,High,Yes,8,Yes,Married,4,Bachelor's,Unemployed,68388,City A,State Y,366,1,2022-01-01,,True
367,18,Male,Medium,No,8,Yes,Married,4,PhD,Employed,28632,City D,State Z,367,1,2022-01-01,,True
368,65,Other,Low,Yes,9,Yes,Divorced,2,High School,Unemployed,91717,City A,State X,368,1,2022-01-01,,True
369,79,Other,High,No,0,No,Single,2,Bachelor's,Unemployed,24213,City A,State Y,369,1,2022-01-01,,True
370,29,Male,Medium,Yes,5,No,Married,1,Master's,Unemployed,33765,City D,State Y,370,1,2022-01-01,,True
371,22,Male,High,Yes,6,Yes,Married,0,High School,Employed,91153,City C,State Z,371,1,2022-01-01,,True
372,54,Male,High,No,4,Yes,Married,1,High School,Unemployed,80347,City A,State X,372,1,2022-01-01,,True
373,49,Female,Medium,No,3,No,Single,0,High School,Self-Employed,84317,City A,State X,373,1,2022-01-01,,True
374,76,Male,Medium,Yes,9,Yes,Divorced,3,High School,Unemployed,32992,City B,State Y,374,1,2022-01-01,,True
375,72,Male,Medium,No,5,No,Divorced,3,Master's,Unemployed,31105,City D,State Z,375,1,2022-01-01,,True
376,26,Other,Low,Yes,0,Yes,Single,0,Master's,Unemployed,79279,City A,State X,376,1,2022-01-01,,True
377,58,Male,High,Yes,9,Yes,Married,3,Master's,Retired,58797,City A,State X,377,1,2022-01-01,,True
378,52,Male,Low,No,9,No,Divorced,4,Master's,Employed,60578,City D,State Z,378,1,2022-01-01,,True
379,36,Female,Low,No,7,Yes,Divorced,0,PhD,Self-Employed,61331,City C,State Z,379,1,2022-01-01,,True
380,65,Male,Low,Yes,9,Yes,Divorced,4,PhD,Unemployed,93919,City C,State X,380,1,2022-01-01,,True
381,33,Male,High,Yes,5,No,Divorced,3,Master's,Employed,71430,City C,State X,381,1,2022-01-01,,True
382,20,Female,Medium,Yes,0,No,Single,4,Master's,Employed,99807,City C,State Y,382,1,2022-01-01,,True
383,37,Male,Medium,No,5,No,Divorced,0,PhD,Self-Employed,56843,City C,State X,383,1,2022-01-01,,True
384,41,Female,Medium,No,8,No,Single,4,Master's,Employed,51987,City A,State Y,384,1,2022-01-01,,True
385,71,Male,High,No,6,No,Divorced,4,PhD,Unemployed,66142,City D,State Z,385,1,2022-01-01,,True
386,73,Male,Medium,No,9,No,Married,1,PhD,Unemployed,14474,City C,State X,386,1,2022-01-01,,True
387,50,Female,High,Yes,2,Yes,Married,1,Bachelor's,Unemployed,35276,City A,State Z,387,1,2022-01-01,,True
388,41,Other,High,No,5,Yes,Divorced,3,Bachelor's,Retired,55690,City C,State Z,388,1,2022-01-01,,True
389,69,Female,Medium,Yes,4,Yes,Divorced,3,PhD,Employed,89411,City D,State X,389,1,2022-01-01,,True
390,28,Female,Medium,No,4,Yes,Single,1,Bachelor's,Employed,78988,City B,State Z,390,1,2022-01-01,,True
391,66,Female,High,Yes,4,No,Single,4,High School,Retired,55521,City A,State Z,391,1,2022-01-01,,True
392,25,Male,Medium,No,7,No,Single,4,Master's,Self-Employed,48512,City A,State Z,392,1,2022-01-01,,True
393,53,Male,High,Yes,1,Yes,Single,0,PhD,Employed,54748,City D,State X,393,1,2022-01-01,,True
394,55,Male,Low,No,9,No,Single,0,Bachelor's,Self-Employed,65735,City B,State Y,394,1,2022-01-01,,True
395,57,Female,High,Yes,4,Yes,Divorced,1,Bachelor's,Unemployed,69951,City A,State Z,395,1,2022-01-01,,True
396,37,Female,Low,No,5,Yes,Divorced,2,PhD,Self-Employed,93356,City C,State Y,396,1,2022-01-01,,True
397,79,Male,High,No,7,Yes,Single,1,Bachelor's,Unemployed,14028,City D,State Z,397,1,2022-01-01,,True
398,52,Other,Medium,No,7,Yes,Single,4,PhD,Employed,22348,City C,State X,398,1,2022-01-01,,True
399,65,Male,Medium,Yes,8,Yes,Married,3,Bachelor's,Retired,94764,City B,State Z,399,1,2022-01-01,,True
400,79,Other,High,Yes,1,No,Married,2,Master's,Self-Employed,32314,City A,State Y,400,1,2022-01-01,,True
401,42,Female,High,No,9,No,Single,0,High School,Employed,55205,City A,State Y,401,1,2022-01-01,,True
402,52,Other,Medium,Yes,5,Yes,Divorced,4,Master's,Employed,64688,City D,State X,402,1,2022-01-01,,True
403,42,Female,High,No,1,Yes,Single,4,Bachelor's,Self-Employed,70990,City C,State Z,403,1,2022-01-01,,True
404,46,Female,Low,Yes,8,Yes,Married,0,PhD,Unemployed,82073,City C,State Y,404,1,2022-01-01,,True
405,35,Female,High,No,0,No,Married,4,Bachelor's,Employed,99751,City D,State Y,405,1,2022-01-01,,True
406,63,Other,High,Yes,2,No,Married,1,PhD,Unemployed,27606,City D,State Z,406,1,2022-01-01,,True
407,35,Male,Medium,Yes,1,No,Single,1,Bachelor's,Self-Employed,43771,City D,State Y,407,1,2022-01-01,,True
408,19,Other,Medium,No,8,Yes,Single,0,Master's,Unemployed,85947,City A,State X,408,1,2022-01-01,,True
409,71,Male,Low,Yes,9,Yes,Divorced,4,Bachelor's,Self-Employed,34605,City B,State Y,409,1,2022-01-01,,True
410,52,Male,Medium,Yes,3,No,Divorced,1,Bachelor's,Unemployed,67569,City C,State Z,410,1,2022-01-01,,True
411,33,Other,Medium,Yes,3,Yes,Single,4,PhD,Employed,21858,City A,State X,411,1,2022-01-01,,True
412,78,Female,Medium,No,6,Yes,Married,4,Bachelor's,Retired,75255,City C,State Z,412,1,2022-01-01,,True
413,58,Female,Medium,Yes,5,Yes,Single,3,High School,Employed,61722,City B,State Z,413,1,2022-01-01,,True
414,53,Female,High,Yes,2,No,Divorced,0,Master's,Self-Employed,28443,City D,State X,414,1,2022-01-01,,True
415,50,Female,High,No,7,Yes,Single,0,Master's,Self-Employed,36707,City B,State Y,415,1,2022-01-01,,True
416,21,Male,High,Yes,4,Yes,Married,1,Master's,Self-Employed,99413,City D,State Y,416,1,2022-01-01,,True
417,50,Female,Medium,Yes,4,No,Single,1,Bachelor's,Employed,49310,City C,State Y,417,1,2022-01-01,,True
418,31,Other,Medium,Yes,4,Yes,Married,2,Bachelor's,Retired,91248,City C,State X,418,1,2022-01-01,,True
419,38,Female,High,No,8,Yes,Single,4,Bachelor's,Self-Employed,11126,City C,State Z,419,1,2022-01-01,,True
420,65,Male,Medium,Yes,5,No,Single,3,Master's,Employed,46317,City A,State Z,420,1,2022-01-01,,True
421,37,Other,Medium,Yes,0,Yes,Married,3,High School,Retired,34566,City B,State Y,421,1,2022-01-01,,True
422,73,Female,Low,Yes,7,No,Married,4,PhD,Employed,70989,City B,State Z,422,1,2022-01-01,,True
423,25,Other,Medium,Yes,5,No,Single,4,Master's,Employed,16461,City A,State Y,423,1,2022-01-01,,True
424,24,Male,High,No,5,No,Divorced,3,High School,Unemployed,97197,City C,State Z,424,1,2022-01-01,,True
425,20,Male,High,No,9,Yes,Married,1,Bachelor's,Self-Employed,76611,City D,State Z,425,1,2022-01-01,,True
426,34,Female,Medium,Yes,5,Yes,Single,4,Master's,Retired,88176,City C,State Y,426,1,2022-01-01,,True
427,50,Male,High,No,0,Yes,Married,2,PhD,Self-Employed,31681,City A,State Y,427,1,2022-01-01,,True
428,65,Male,Medium,Yes,8,Yes,Divorced,4,PhD,Retired,41370,City B,State Z,428,1,2022-01-01,,True
429,29,Male,High,Yes,0,No,Married,1,High School,Retired,45779,City D,State X,429,1,2022-01-01,,True
430,76,Male,Low,No,6,No,Single,0,Bachelor's,Unemployed,98880,City B,State Y,430,1,2022-01-01,,True
431,68,Other,Medium,Yes,8,No,Single,3,Bachelor's,Self-Employed,67465,City B,State Z,431,1,2022-01-01,,True
432,39,Male,Medium,Yes,1,Yes,Married,2,High School,Employed,11039,City D,State Y,432,1,2022-01-01,,True
433,72,Other,High,Yes,5,No,Married,4,Bachelor's,Retired,93821,City B,State Y,433,1,2022-01-01,,True
434,39,Male,Medium,Yes,5,No,Divorced,0,PhD,Employed,14313,City D,State Z,434,1,2022-01-01,,True
435,63,Other,Medium,Yes,9,No,Single,1,PhD,Self-Employed,25630,City A,State Y,435,1,2022-01-01,,True
436,47,Other,Medium,Yes,8,Yes,Divorced,3,High School,Retired,46453,City D,State Y,436,1,2022-01-01,,True
437,55,Female,High,No,7,No,Single,3,High School,Retired,11750,City B,State Z,437,1,2022-01-01,,True
438,55,Male,Medium,Yes,6,Yes,Single,2,Bachelor's,Retired,64908,City B,State Y,438,1,2022-01-01,,True
439,62,Other,Medium,No,5,No,Divorced,3,Bachelor's,Unemployed,46984,City A,State Z,439,1,2022-01-01,,True
440,68,Other,High,Yes,8,No,Divorced,4,High School,Employed,84820,City D,State X,440,1,2022-01-01,,True
441,71,Other,Medium,Yes,8,Yes,Divorced,1,Bachelor's,Self-Employed,36408,City C,State Y,441,1,2022-01-01,,True
442,25,Female,Medium,No,4,No,Married,3,High School,Retired,41736,City D,State X,442,1,2022-01-01,,True
443,44,Male,Medium,No,2,No,Divorced,2,High School,Unemployed,55210,City C,State Z,443,1,2022-01-01,,True
444,44,Female,High,Yes,9,Yes,Single,4,High School,Self-Employed,69319,City D,State Y,444,1,2022-01-01,,True
445,51,Other,Low,No,8,Yes,Married,1,Master's,Employed,52224,City D,State X,445,1,2022-01-01,,True
446,38,Other,High,Yes,2,No,Divorced,3,High School,Employed,26767,City D,State X,446,1,2022-01-01,,True
447,47,Male,Medium,No,9,No,Married,2,Bachelor's,Unemployed,56693,City C,State Z,447,1,2022-01-01,,True
448,50,Male,Medium,No,1,Yes,Divorced,4,High School,Employed,56871,City A,State X,448,1,2022-01-01,,True
449,45,Female,High,No,4,Yes,Single,1,High School,Employed,67068,City C,State Z,449,1,2022-01-01,,True
450,64,Male,Low,No,9,Yes,Divorced,1,Bachelor's,Retired,29978,City C,State Z,450,1,2022-01-01,,True
451,50,Other,Low,No,0,Yes,Single,2,Master's,Employed,11088,City B,State Z,451,1,2022-01-01,,True
452,22,Male,High,No,5,Yes,Divorced,3,Bachelor's,Employed,98814,City B,State Z,452,1,2022-01-01,,True
453,77,Other,Medium,Yes,5,Yes,Divorced,0,PhD,Self-Employed,27580,City A,State Y,453,1,2022-01-01,,True
454,78,Other,Medium,No,0,No,Married,1,Master's,Self-Employed,84575,City C,State X,454,1,2022-01-01,,True
455,65,Male,Low,Yes,6,Yes,Married,4,Bachelor's,Self-Employed,59083,City C,State Z,455,1,2022-01-01,,True
456,36,Female,High,No,2,No,Divorced,3,Master's,Retired,96353,City A,State Z,456,1,2022-01-01,,True
457,21,Female,High,Yes,2,No,Single,1,High School,Self-Employed,85138,City C,State X,457,1,2022-01-01,,True
458,52,Female,Medium,Yes,1,Yes,Married,0,PhD,Employed,80809,City C,State Z,458,1,2022-01-01,,True
459,66,Female,Medium,Yes,6,Yes,Single,4,Bachelor's,Retired,26883,City C,State X,459,1,2022-01-01,,True
460,34,Male,High,Yes,6,Yes,Single,3,Master's,Self-Employed,75883,City A,State Z,460,1,2022-01-01,,True
461,61,Female,Low,No,9,Yes,Single,1,Bachelor's,Unemployed,66981,City D,State Y,461,1,2022-01-01,,True
462,45,Other,High,No,6,No,Married,4,High School,Retired,26589,City A,State Y,462,1,2022-01-01,,True
463,47,Other,High,Yes,5,Yes,Divorced,0,PhD,Self-Employed,93425,City D,State Y,463,1,2022-01-01,,True
464,46,Male,High,Yes,7,No,Divorced,0,PhD,Retired,97970,City C,State Y,464,1,2022-01-01,,True
465,63,Female,High,No,4,Yes,Married,2,PhD,Self-Employed,68602,City D,State Y,465,1,2022-01-01,,True
466,70,Other,Medium,No,1,Yes,Divorced,3,PhD,Employed,33539,City B,State X,466,1,2022-01-01,,True
467,23,Other,Medium,Yes,7,No,Married,0,Bachelor's,Self-Employed,36909,City B,State Z,467,1,2022-01-01,,True
468,52,Male,Low,No,7,No,Single,3,Master's,Employed,86393,City D,State Y,468,1,2022-01-01,,True
469,77,Male,High,No,6,No,Divorced,1,High School,Employed,64318,City B,State Z,469,1,2022-01-01,,True
470,58,Other,High,Yes,9,No,Single,2,PhD,Employed,92997,City C,State X,470,1,2022-01-01,,True
471,54,Female,Medium,No,7,No,Single,4,High School,Employed,65836,City D,State X,471,1,2022-01-01,,True
472,41,Female,High,Yes,7,Yes,Single,3,Bachelor's,Unemployed,40323,City A,State X,472,1,2022-01-01,,True
473,46,Other,High,No,1,Yes,Divorced,2,High School,Self-Employed,64193,City C,State X,473,1,2022-01-01,,True
474,66,Other,Low,Yes,4,No,Married,2,PhD,Retired,10074,City B,State X,474,1,2022-01-01,,True
475,63,Male,Medium,No,0,Yes,Single,3,Master's,Unemployed,62913,City A,State Y,475,1,2022-01-01,,True
476,70,Other,High,No,4,Yes,Divorced,1,Bachelor's,Employed,68888,City D,State X,476,1,2022-01-01,,True
477,48,Female,Medium,Yes,0,Yes,Single,4,High School,Unemployed,24231,City A,State X,477,1,2022-01-01,,True
478,52,Female,Medium,No,4,No,Married,1,Master's,Retired,28667,City A,State X,478,1,2022-01-01,,True
479,77,Female,High,No,2,No,Married,4,Master's,Retired,38008,City C,State Z,479,1,2022-01-01,,True
480,50,Other,Low,No,0,No,Divorced,0,Bachelor's,Self-Employed,25683,City A,State Y,480,1,2022-01-01,,True
481,69,Female,High,No,0,No,Married,3,Master's,Employed,30704,City D,State X,481,1,2022-01-01,,True
482,78,Male,Medium,Yes,5,Yes,Single,0,Bachelor's,Unemployed,30769,City B,State Y,482,1,2022-01-01,,True
483,38,Male,Medium,No,5,No,Single,0,High School,Retired,38963,City C,State X,483,1,2022-01-01,,True
484,49,Male,Low,No,9,No,Single,3,High School,Unemployed,30129,City B,State X,484,1,2022-01-01,,True
485,40,Other,Low,Yes,1,No,Married,1,Bachelor's,Retired,38202,City B,State Z,485,1,2022-01-01,,True
486,50,Female,High,Yes,6,No,Married,3,High School,Self-Employed,57162,City D,State X,486,1,2022-01-01,,True
487,20,Male,Medium,Yes,2,No,Married,1,High School,Unemployed,45237,City C,State X,487,1,2022-01-01,,True
488,35,Male,Medium,No,6,Yes,Single,1,Master's,Retired,37542,City C,State Y,488,1,2022-01-01,,True
489,42,Male,Medium,Yes,7,No,Married,3,Master's,Retired,81053,City D,State X,489,1,2022-01-01,,True
490,59,Male,Low,No,6,Yes,Married,4,High School,Employed,37907,City B,State Y,490,1,2022-01-01,,True
491,48,Other,High,Yes,8,Yes,Single,0,Bachelor's,Self-Employed,56421,City C,State Y,491,1,2022-01-01,,True
492,71,Other,Low,No,0,Yes,Single,1,Bachelor's,Retired,15018,City C,State X,492,1,2022-01-01,,True
493,75,Other,High,No,3,Yes,Married,0,High School,Self-Employed,73879,City A,State X,493,1,2022-01-01,,True
494,20,Other,Medium,Yes,8,No,Divorced,2,High School,Retired,25773,City D,State Y,494,1,2022-01-01,,True
495,57,Male,High,Yes,4,No,Divorced,1,PhD,Unemployed,79455,City A,State Y,495,1,2022-01-01,,True
496,63,Female,Low,No,5,Yes,Divorced,0,High School,Retired,68744,City B,State X,496,1,2022-01-01,,True
497,41,Other,High,No,0,No,Single,3,PhD,Employed,15998,City D,State Y,497,1,2022-01-01,,True
498,67,Other,Medium,No,2,Yes,Divorced,3,Master's,Unemployed,91761,City C,State X,498,1,2022-01-01,,True
499,49,Other,High,No,3,No,Divorced,4,Master's,Employed,59319,City A,State Y,499,1,2022-01-01,,True
500,64,Female,Low,Yes,2,No,Married,2,PhD,Employed,25285,City A,State X,500,1,2022-01-01,,True
501,70,Male,Low,No,4,Yes,Single,1,PhD,Employed,93835,City D,State X,504,1,2024-01-01,,True
502,39,Female,High,No,9,Yes,Single,3,High School,Retired,84096,City B,State X,505,1,2024-01-01,,True
503,64,Other,Low,Yes,0,Yes,Single,3,PhD,Unemployed,20285,City A,State Y,506,1,2024-01-01,,True
504,20,Other,Medium,Yes,7,Yes,Married,1,High School,Employed,63400,City C,State Y,507,1,2024-01-01,,True
505,59,Female,High,Yes,4,Yes,Divorced,4,Bachelor's,Retired,84561,City A,State X,508,1,2024-01-01,,True
506,37,Male,High,No,8,Yes,Divorced,1,Bachelor's,Employed,19876,City A,State Y,509,1,2024-01-01,,True
507,40,Other,Low,Yes,6,Yes,Single,3,High School,Employed,40213,City D,State X,510,1,2024-01-01,,True
508,51,Male,High,Yes,4,No,Single,2,High School,Self-Employed,47697,City A,State Z,511,1,2024-01-01,,True
509,27,Male,Low,No,3,Yes,Divorced,1,Bachelor's,Self-Employed,61974,City D,State Y,512,1,2024-01-01,,True
510,44,Female,Low,Yes,9,No,Married,3,Bachelor's,Self-Employed,88385,City D,State Z,513,1,2024-01-01,,True
511,55,Female,Medium,Yes,7,No,Divorced,0,High School,Self-Employed,82180,City C,State X,514,1,2024-01-01,,True
512,34,Female,Low,No,4,No,Married,1,Bachelor's,Self-Employed,24282,City D,State Z,515,1,2024-01-01,,True
513,49,Other,Low,No,3,Yes,Single,3,High School,Employed,18230,City C,State X,516,1,2024-01-01,,True
514,58,Other,Medium,No,8,Yes,Divorced,3,Master's,Self-Employed,43720,City B,State Y,517,1,2024-01-01,,True
515,54,Male,High,No,9,No,Divorced,2,High School,Employed,66661,City A,State Z,518,1,2024-01-01,,True
516,45,Other,Medium,Yes,4,Yes,Married,2,Master's,Retired,43721,City A,State X,519,1,2024-01-01,,True
517,47,Male,Low,Yes,6,Yes,Single,3,Master's,Retired,16498,City D,State Y,520,1,2024-01-01,,True
518,38,Other,Medium,No,9,No,Single,2,High School,Retired,96583,City C,State Z,521,1,2024-01-01,,True
519,68,Other,Medium,No,8,Yes,Single,1,Bachelor's,Employed,59862,City A,State Z,522,1,2024-01-01,,True
520,34,Other,Low,No,1,No,Married,0,PhD,Unemployed,18085,City A,State Y,523,1,2024-01-01,,True
521,53,Female,High,No,2,No,Married,2,PhD,Self-Employed,35069,City A,State Y,524,1,2024-01-01,,True
522,29,Male,High,No,7,Yes,Divorced,2,High School,Self-Employed,21858,City C,State Z,525,1,2024-01-01,,True
523,45,Other,Medium,No,9,Yes,Divorced,2,Master's,Employed,57628,City B,State Y,526,1,2024-01-01,,True
524,41,Other,High,No,1,Yes,Single,2,Bachelor's,Self-Employed,16211,City C,State Y,527,1,2024-01-01,,True
525,60,Male,Medium,No,3,Yes,Single,0,Bachelor's,Unemployed,74760,City D,State Z,528,1,2024-01-01,,True
526,63,Other,Low,Yes,6,Yes,Divorced,2,Bachelor's,Unemployed,79787,City A,State X,529,1,2024-01-01,,True
527,74,Other,Low,Yes,7,No,Divorced,2,High School,Employed,21651,City C,State X,530,1,2024-01-01,,True
528,78,Female,Low,Yes,5,Yes,Married,0,High School,Self-Employed,86374,City A,State Z,531,1,2024-01-01,,True
529,42,Male,High,No,7,Yes,Divorced,1,Bachelor's,Retired,50054,City B,State Z,532,1,2024-01-01,,True
530,71,Male,Low,Yes,8,No,Married,3,Bachelor's,Employed,11964,City C,State X,533,1,2024-01-01,,True
531,22,Other,Low,No,3,No,Divorced,3,Bachelor's,Employed,90263,City C,State X,534,1,2024-01-01,,True
532,78,Female,High,Yes,0,No,Married,0,Bachelor's,Self-Employed,56985,City C,State Y,535,1,2024-01-01,,True
533,29,Female,High,No,0,No,Single,2,Bachelor's,Retired,51870,City A,State X,536,1,2024-01-01,,True
534,57,Other,Low,No,8,No,Married,2,Master's,Employed,69787,City D,State Y,537,1,2024-01-01,,True
535,76,Other,Low,No,10,Yes,Single,4,PhD,Unemployed,91686,City A,State X,538,1,2024-01-01,,True
536,47,Other,Low,No,10,Yes,Divorced,0,Bachelor's,Self-Employed,75708,City B,State Z,539,1,2024-01-01,,True
537,26,Female,Low,Yes,9,Yes,Single,3,Master's,Retired,50869,City D,State Z,540,1,2024-01-01,,True
538,56,Other,High,Yes,9,No,Divorced,1,PhD,Retired,56620,City D,State Z,541,1,2024-01-01,,True
539,80,Female,Low,Yes,0,Yes,Married,3,Master's,Employed,89273,City A,State X,542,1,2024-01-01,,True
540,74,Female,Medium,Yes,6,No,Single,3,High School,Retired,23921,City B,State Z,543,1,2024-01-01,,True
541,44,Male,Low,No,8,Yes,Divorced,0,High School,Retired,68805,City B,State Z,544,1,2024-01-01,,True
542,57,Female,Low,No,4,Yes,Divorced,2,High School,Self-Employed,97102,City A,State X,545,1,2024-01-01,,True
543,42,Female,Low,No,10,No,Divorced,0,High School,Unemployed,10042,City D,State Y,546,1,2024-01-01,,True
544,44,Male,Medium,Yes,6,No,Divorced,0,High School,Unemployed,55728,City A,State Z,547,1,2024-01-01,,True
545,69,Male,Low,No,6,Yes,Married,0,High School,Employed,38905,City D,State X,548,1,2024-01-01,,True
546,43,Other,Medium,Yes,7,Yes,Divorced,1,Master's,Self-Employed,51304,City D,State Z,549,1,2024-01-01,,True
547,30,Male,Low,Yes,9,No,Single,4,High School,Unemployed,38020,City C,State Y,550,1,2024-01-01,,True
548,54,Male,Low,No,2,No,Single,1,Master's,Unemployed,46791,City C,State X,551,1,2024-01-01,,True
549,64,Male,Low,No,9,No,Divorced,0,High School,Retired,40481,City D,State X,552,1,2024-01-01,,True
550,40,Male,High,Yes,8,No,Divorced,3,High School,Unemployed,79268,City B,State Z,553,1,2024-01-01,,True
551,35,Male,High,Yes,9,No,Married,1,Master's,Retired,60707,City D,State Y,554,1,2024-01-01,,True
552,31,Male,Medium,Yes,3,Yes,Married,4,Master's,Employed,24749,City D,State X,555,1,2024-01-01,,True
553,60,Female,High,Yes,3,No,Divorced,3,Bachelor's,Retired,10662,City C,State X,556,1,2024-01-01,,True
554,47,Male,High,Yes,7,No,Divorced,3,High School,Unemployed,32511,City C,State Y,557,1,2024-01-01,,True
555,80,Male,Medium,No,8,Yes,Single,3,Master's,Retired,22007,City D,State Z,558,1,2024-01-01,,True
556,28,Other,Medium,No,10,No,Divorced,4,Master's,Unemployed,15075,City B,State Y,559,1,2024-01-01,,True
557,46,Other,Medium,Yes,4,No,Married,4,High School,Self-Employed,75063,City B,State Z,560,1,2024-01-01,,True
558,29,Other,Low,No,0,Yes,Divorced,3,High School,Self-Employed,96255,City B,State Y,561,1,2024-01-01,,True
559,26,Other,Low,No,1,No,Single,4,High School,Self-Employed,77893,City A,State X,562,1,2024-01-01,,True
560,48,Female,Medium,Yes,1,Yes,Divorced,4,High School,Retired,21534,City D,State Y,563,1,2024-01-01,,True
561,55,Male,Low,Yes,4,Yes,Single,0,PhD,Self-Employed,63068,City B,State Z,564,1,2024-01-01,,True
562,80,Male,Medium,No,0,No,Divorced,2,Bachelor's,Self-Employed,79815,City D,State X,565,1,2024-01-01,,True
563,69,Male,Low,No,8,No,Married,2,Master's,Employed,73125,City A,State Y,566,1,2024-01-01,,True
564,56,Male,High,Yes,10,No,Single,1,PhD,Employed,18650,City B,State Y,567,1,2024-01-01,,True
565,58,Other,Low,Yes,0,Yes,Divorced,0,Master's,Employed,33695,City B,State X,568,1,2024-01-01,,True
566,67,Female,Low,No,6,No,Divorced,2,PhD,Employed,72541,City B,State X,569,1,2024-01-01,,True
567,73,Female,High,No,8,Yes,Divorced,2,Bachelor's,Retired,27464,City B,State Z,570,1,2024-01-01,,True
568,73,Female,Medium,No,1,No,Divorced,4,PhD,Employed,27533,City B,State Y,571,1,2024-01-01,,True
569,25,Male,Low,No,2,Yes,Married,4,Master's,Self-Employed,73417,City A,State X,572,1,2024-01-01,,True
570,36,Female,Medium,Yes,5,No,Married,2,Bachelor's,Retired,87796,City B,State Y,573,1,2024-01-01,,True
571,51,Other,Medium,No,3,No,Divorced,1,PhD,Unemployed,96869,City C,State Z,574,1,2024-01-01,,True
572,65,Other,High,Yes,0,Yes,Divorced,1,PhD,Retired,44018,City D,State Y,575,1,2024-01-01,,True
573,22,Male,High,Yes,9,Yes,Single,4,Bachelor's,Employed,57755,City B,State Z,576,1,2024-01-01,,True
574,46,Female,Low,No,7,No,Married,3,PhD,Employed,93567,City D,State Z,577,1,2024-01-01,,True
575,75,Female,Low,No,8,No,Divorced,1,Bachelor's,Self-Employed,16921,City C,State Y,578,1,2024-01-01,,True
576,50,Other,Medium,No,5,No,Divorced,4,Bachelor's,Retired,58795,City B,State Z,579,1,2024-01-01,,True
577,26,Female,Medium,No,10,Yes,Married,3,High School,Self-Employed,69670,City C,State Z,580,1,2024-01-01,,True
578,20,Female,Medium,Yes,1,No,Married,3,Bachelor's,Unemployed,34092,City C,State Y,581,1,2024-01-01,,True
579,61,Female,Medium,No,2,Yes,Married,0,Bachelor's,Retired,43468,City A,State Z,582,1,2024-01-01,,True
580,26,Male,High,No,10,Yes,Single,1,High School,Self-Employed,35579,City C,State Z,583,1,2024-01-01,,True
581,21,Male,High,Yes,2,Yes,Single,3,Bachelor's,Retired,90459,City D,State Y,584,1,2024-01-01,,True
582,38,Male,Medium,Yes,9,Yes,Single,4,Master's,Self-Employed,15061,City D,State Y,585,1,2024-01-01,,True
583,74,Female,Low,Yes,2,Yes,Married,2,PhD,Unemployed,83975,City A,State Y,586,1,2024-01-01,,True
584,22,Other,High,Yes,0,Yes,Single,4,PhD,Unemployed,95625,City D,State Y,587,1,2024-01-01,,True
585,75,Male,Low,No,10,Yes,Single,2,PhD,Unemployed,66457,City A,State Z,588,1,2024-01-01,,True
586,40,Male,Low,Yes,1,Yes,Single,0,Master's,Self-Employed,90541,City B,State X,589,1,2024-01-01,,True
587,18,Female,High,Yes,0,Yes,Single,3,High School,Unemployed,99225,City D,State X,590,1,2024-01-01,,True
588,22,Male,Medium,No,6,Yes,Single,4,Master's,Unemployed,36993,City D,State Z,591,1,2024-01-01,,True
589,45,Female,Medium,No,0,No,Married,4,PhD,Unemployed,82202,City B,State Z,592,1,2024-01-01,,True
590,63,Other,High,No,8,Yes,Divorced,2,Bachelor's,Unemployed,68025,City A,State Y,593,1,2024-01-01,,True
591,42,Other,Medium,No,1,No,Married,0,PhD,Self-Employed,36989,City D,State X,594,1,2024-01-01,,True
592,45,Female,Medium,No,8,No,Single,0,PhD,Unemployed,68522,City A,State Y,595,1,2024-01-01,,True
593,74,Male,Low,Yes,4,Yes,Divorced,0,PhD,Unemployed,26241,City D,State X,596,1,2024-01-01,,True
594,25,Female,Medium,No,2,Yes,Married,4,Bachelor's,Retired,52448,City C,State Z,597,1,2024-01-01,,True
595,77,Female,Medium,No,6,Yes,Divorced,2,PhD,Employed,71306,City D,State Y,598,1,2024-01-01,,True
596,20,Female,High,No,3,Yes,Married,0,PhD,Self-Employed,11298,City D,State Y,599,1,2024-01-01,,True
597,76,Male,Medium,No,9,No,Divorced,4,High School,Retired,25584,City A,State X,600,1,2024-01-01,,True
598,46,Male,High,Yes,2,No,Married,2,Bachelor's,Unemployed,81906,City D,State Y,601,1,2024-01-01,,True
599,20,Other,Medium,No,9,Yes,Single,1,Bachelor's,Employed,35217,City D,State Z,602,1,2024-01-01,,True
600,71,Other,Medium,No,3,Yes,Married,0,PhD,Retired,31850,City A,State Y,603,1,2024-01-01,,True
601,24,Female,High,Yes,3,Yes,Married,4,Bachelor's,Retired,84251,City B,State Y,604,1,2024-01-01,,True
602,79,Female,Low,Yes,9,No,Married,1,Master's,Retired,87971,City A,State Z,605,1,2024-01-01,,True
603,27,Female,High,Yes,0,No,Divorced,1,Bachelor's,Employed,22615,City A,State Y,606,1,2024-01-01,,True
604,48,Female,Medium,Yes,9,Yes,Single,2,Bachelor's,Employed,40929,City A,State X,607,1,2024-01-01,,True
605,44,Female,Medium,No,7,Yes,Married,0,PhD,Retired,35539,City D,State Y,608,1,2024-01-01,,True
606,43,Female,Low,No,6,Yes,Married,4,High School,Employed,19817,City A,State X,609,1,2024-01-01,,True
607,66,Other,High,Yes,10,Yes,Married,1,Bachelor's,Retired,88993,City C,State Y,610,1,2024-01-01,,True
608,57,Other,High,Yes,8,Yes,Divorced,4,High School,Employed,76276,City B,State Z,611,1,2024-01-01,,True
609,34,Male,Medium,No,8,No,Married,2,PhD,Unemployed,51865,City B,State Y,612,1,2024-01-01,,True
610,56,Other,Medium,No,5,Yes,Single,2,Bachelor's,Self-Employed,30744,City D,State X,613,1,2024-01-01,,True
611,56,Other,Medium,Yes,9,Yes,Married,1,Bachelor's,Employed,84121,City A,State Z,614,1,2024-01-01,,True
612,30,Other,Medium,Yes,6,No,Single,2,PhD,Retired,10961,City B,State Y,615,1,2024-01-01,,True
613,41,Other,Low,No,10,Yes,Married,0,High School,Unemployed,29070,City C,State X,616,1,2024-01-01,,True
614,58,Female,Medium,Yes,5,No,Married,2,Bachelor's,Retired,35849,City C,State Z,617,1,2024-01-01,,True
615,55,Male,Medium,No,9,Yes,Divorced,2,Master's,Retired,68614,City C,State Z,618,1,2024-01-01,,True
616,60,Female,Medium,Yes,3,Yes,Married,3,High School,Unemployed,38074,City B,State Y,619,1,2024-01-01,,True
617,76,Male,Medium,Yes,1,No,Married,2,PhD,Unemployed,93446,City A,State Y,620,1,2024-01-01,,True
618,19,Other,High,Yes,10,No,Married,3,Bachelor's,Retired,63250,City B,State Y,621,1,2024-01-01,,True
619,68,Other,Low,Yes,6,Yes,Single,3,Bachelor's,Self-Employed,78756,City B,State Z,622,1,2024-01-01,,True
620,56,Female,High,No,0,Yes,Married,0,PhD,Unemployed,71424,City A,State Z,623,1,2024-01-01,,True
621,37,Male,Low,Yes,6,Yes,Divorced,2,PhD,Self-Employed,39420,City D,State Z,624,1,2024-01-01,,True
622,70,Female,Low,Yes,6,No,Divorced,1,High School,Self-Employed,95044,City B,State Z,625,1,2024-01-01,,True
623,74,Other,Low,Yes,9,Yes,Married,2,High School,Retired,38366,City C,State Z,626,1,2024-01-01,,True
624,66,Male,High,No,4,No,Married,0,PhD,Unemployed,54556,City A,State X,627,1,2024-01-01,,True
625,23,Female,High,No,0,No,Married,1,Master's,Retired,41088,City C,State Z,628,1,2024-01-01,,True
626,66,Female,High,Yes,7,Yes,Married,4,Bachelor's,Employed,13824,City A,State X,629,1,2024-01-01,,True
627,55,Male,High,No,8,No,Divorced,4,High School,Self-Employed,83937,City A,State X,630,1,2024-01-01,,True
628,20,Female,High,No,0,Yes,Divorced,1,Master's,Unemployed,53864,City C,State Z,631,1,2024-01-01,,True
629,22,Female,Low,No,6,Yes,Single,2,High School,Retired,97628,City C,State X,632,1,2024-01-01,,True
630,64,Other,Low,No,2,No,Single,2,PhD,Employed,95667,City C,State X,633,1,2024-01-01,,True
631,66,Other,Low,No,0,Yes,Divorced,1,Bachelor's,Retired,53528,City C,State X,634,1,2024-01-01,,True
632,44,Female,High,No,10,Yes,Divorced,0,Master's,Unemployed,90607,City D,State Z,635,1,2024-01-01,,True
633,45,Other,Low,Yes,7,No,Divorced,1,Master's,Self-Employed,99849,City C,State Z,636,1,2024-01-01,,True
634,21,Other,Low,No,5,Yes,Divorced,0,PhD,Unemployed,72532,City B,State Z,637,1,2024-01-01,,True
635,19,Male,High,No,5,Yes,Single,0,PhD,Retired,98631,City C,State Y,638,1,2024-01-01,,True
636,49,Other,Medium,Yes,2,Yes,Married,4,PhD,Self-Employed,17537,City D,State X,639,1,2024-01-01,,True
637,25,Male,High,No,7,Yes,Single,3,High School,Unemployed,47006,City A,State Z,640,1,2024-01-01,,True
638,63,Male,Medium,Yes,4,Yes,Married,1,Master's,Self-Employed,52281,City C,State X,641,1,2024-01-01,,True
639,64,Female,Low,No,6,No,Single,0,Bachelor's,Retired,12250,City A,State Y,642,1,2024-01-01,,True
640,19,Male,High,Yes,2,No,Married,2,High School,Employed,54457,City C,State Z,643,1,2024-01-01,,True
641,53,Other,Medium,No,6,Yes,Married,0,High School,Retired,77110,City C,State Z,644,1,2024-01-01,,True
642,73,Female,Low,Yes,0,No,Married,1,PhD,Employed,59051,City C,State Z,645,1,2024-01-01,,True
643,74,Male,High,Yes,7,Yes,Married,0,PhD,Employed,59757,City B,State Y,646,1,2024-01-01,,True
644,20,Female,Low,No,5,Yes,Married,2,High School,Employed,62951,City B,State X,647,1,2024-01-01,,True
645,67,Male,Low,No,4,No,Married,1,Bachelor's,Self-Employed,70391,City D,State Z,648,1,2024-01-01,,True
646,25,Other,Medium,No,6,No,Divorced,1,PhD,Retired,48653,City A,State Y,649,1,2024-01-01,,True
647,46,Female,Medium,No,2,No,Divorced,3,Bachelor's,Retired,48967,City B,State X,650,1,2024-01-01,,True
648,55,Other,Low,Yes,5,Yes,Married,3,High School,Retired,19605,City A,State X,651,1,2024-01-01,,True
649,31,Other,High,Yes,0,No,Married,4,PhD,Retired,97248,City B,State Z,652,1,2024-01-01,,True
650,29,Other,Medium,Yes,4,Yes,Married,1,Master's,Self-Employed,56318,City C,State Y,653,1,2024-01-01,,True
651,48,Female,Medium,No,1,Yes,Divorced,2,PhD,Self-Employed,77009,City A,State X,654,1,2024-01-01,,True
652,48,Female,High,Yes,0,Yes,Divorced,4,PhD,Unemployed,83985,City D,State Z,655,1,2024-01-01,,True
653,26,Female,Low,Yes,1,Yes,Single,0,High School,Employed,50525,City B,State Y,656,1,2024-01-01,,True
654,62,Male,High,Yes,5,Yes,Married,3,High School,Self-Employed,69739,City B,State Y,657,1,2024-01-01,,True
655,45,Female,High,Yes,7,Yes,Married,4,Bachelor's,Employed,25273,City B,State Z,658,1,2024-01-01,,True
656,73,Other,Medium,Yes,7,Yes,Divorced,3,High School,Employed,92889,City C,State Z,659,1,2024-01-01,,True
657,38,Female,Medium,Yes,4,No,Married,1,High School,Self-Employed,44735,City B,State Y,660,1,2024-01-01,,True
658,55,Female,High,No,0,No,Married,1,High School,Employed,57304,City D,State X,661,1,2024-01-01,,True
659,42,Other,High,No,8,Yes,Divorced,4,High School,Unemployed,69744,City D,State X,662,1,2024-01-01,,True
660,55,Male,Medium,Yes,5,Yes,Divorced,4,Bachelor's,Employed,15871,City B,State Z,663,1,2024-01-01,,True
661,41,Female,High,No,10,No,Married,1,High School,Retired,51585,City D,State Y,664,1,2024-01-01,,True
662,19,Other,Medium,No,9,Yes,Single,0,PhD,Retired,33638,City B,State Y,665,1,2024-01-01,,True
663,61,Other,Medium,Yes,7,Yes,Married,1,High School,Unemployed,40382,City A,State Z,666,1,2024-01-01,,True
664,21,Other,Low,Yes,6,No,Divorced,3,Bachelor's,Self-Employed,30078,City C,State X,667,1,2024-01-01,,True
665,67,Female,High,No,6,Yes,Divorced,4,Master's,Self-Employed,60846,City C,State Y,668,1,2024-01-01,,True
666,75,Male,High,No,5,No,Single,2,PhD,Employed,68484,City C,State Z,669,1,2024-01-01,,True
667,50,Other,Medium,No,5,No,Single,0,Bachelor's,Employed,22772,City C,State Y,670,1,2024-01-01,,True
668,41,Female,High,No,8,Yes,Divorced,0,PhD,Retired,21418,City A,State X,671,1,2024-01-01,,True
669,39,Female,Medium,No,5,Yes,Married,0,Bachelor's,Self-Employed,59364,City C,State Z,672,1,2024-01-01,,True
670,21,Male,Medium,No,6,Yes,Married,3,High School,Self-Employed,22028,City C,State X,673,1,2024-01-01,,True
671,76,Male,Low,No,6,No,Divorced,3,Master's,Unemployed,11408,City C,State Z,674,1,2024-01-01,,True
672,35,Other,Low,No,3,Yes,Single,0,Bachelor's,Self-Employed,35343,City D,State Y,675,1,2024-01-01,,True
673,60,Male,Low,No,4,No,Married,3,High School,Retired,12902,City D,State Z,676,1,2024-01-01,,True
674,35,Male,Medium,No,8,Yes,Married,1,High School,Self-Employed,62221,City D,State Z,677,1,2024-01-01,,True
675,66,Female,Low,No,2,No,Divorced,2,PhD,Self-Employed,47856,City D,State X,678,1,2024-01-01,,True
676,29,Male,High,No,10,No,Single,3,PhD,Self-Employed,19081,City D,State Z,679,1,2024-01-01,,True
677,34,Male,High,Yes,4,Yes,Single,0,Master's,Self-Employed,65589,City B,State Z,680,1,2024-01-01,,True
678,42,Female,Low,Yes,0,No,Single,3,High School,Retired,53322,City B,State Y,681,1,2024-01-01,,True
679,67,Male,Medium,Yes,5,Yes,Single,3,Master's,Unemployed,45109,City C,State X,682,1,2024-01-01,,True
680,21,Male,High,No,1,No,Divorced,3,Master's,Retired,23757,City C,State Y,683,1,2024-01-01,,True
681,50,Other,Low,Yes,7,No,Divorced,4,PhD,Self-Employed,10822,City A,State X,684,1,2024-01-01,,True
682,77,Other,Low,Yes,6,No,Married,1,Bachelor's,Unemployed,83629,City C,State Z,685,1,2024-01-01,,True
683,30,Other,High,No,8,No,Single,2,PhD,Employed,80754,City D,State X,686,1,2024-01-01,,True
684,71,Female,Medium,No,8,No,Divorced,4,Bachelor's,Self-Employed,98600,City A,State X,687,1,2024-01-01,,True
685,69,Female,Low,No,0,No,Single,4,Bachelor's,Retired,52750,City B,State X,688,1,2024-01-01,,True
686,41,Male,Low,Yes,8,Yes,Single,1,Bachelor's,Unemployed,37724,City C,State Y,689,1,2024-01-01,,True
687,22,Other,High,Yes,1,No,Single,2,Master's,Self-Employed,66877,City C,State Y,690,1,2024-01-01,,True
688,78,Male,High,No,6,No,Single,0,High School,Unemployed,31606,City C,State X,691,1,2024-01-01,,True
689,46,Female,High,No,9,No,Single,0,PhD,Retired,21749,City C,State Z,692,1,2024-01-01,,True
690,61,Male,Medium,No,7,Yes,Divorced,1,Bachelor's,Retired,37086,City A,State X,693,1,2024-01-01,,True
691,20,Other,Medium,Yes,0,Yes,Single,3,Master's,Retired,18573,City D,State Y,694,1,2024-01-01,,True
692,54,Other,Medium,No,10,Yes,Divorced,1,High School,Unemployed,15148,City C,State Y,695,1,2024-01-01,,True
693,67,Male,Low,No,7,No,Single,1,PhD,Employed,42242,City B,State Z,696,1,2024-01-01,,True
694,67,Other,Low,No,2,Yes,Single,1,Master's,Unemployed,76226,City D,State X,697,1,2024-01-01,,True
695,50,Female,Medium,No,3,No,Single,1,PhD,Retired,15624,City D,State Y,698,1,2024-01-01,,True
696,63,Other,Medium,No,8,No,Divorced,1,PhD,Retired,36829,City B,State Z,699,1,2024-01-01,,True
697,39,Female,Low,Yes,9,Yes,Single,1,PhD,Retired,12165,City B,State Y,700,1,2024-01-01,,True
698,48,Female,High,No,1,No,Married,0,Master's,Retired,36435,City D,State Z,701,1,2024-01-01,,True
699,60,Male,High,Yes,8,Yes,Married,4,PhD,Employed,93254,City B,State Z,702,1,2024-01-01,,True
700,25,Other,Medium,Yes,5,Yes,Single,2,High School,Self-Employed,32175,City A,State X,703,1,2024-01-01,,True
701,72,Male,Medium,Yes,2,Yes,Married,1,PhD,Unemployed,54933,City C,State Z,704,1,2024-01-01,,True
702,47,Other,High,Yes,7,No,Divorced,3,High School,Employed,42252,City C,State Y,705,1,2024-01-01,,True
703,18,Other,Medium,Yes,10,No,Divorced,3,Master's,Unemployed,78350,City B,State Y,706,1,2024-01-01,,True
704,28,Female,High,Yes,6,Yes,Single,4,PhD,Employed,33915,City B,State Y,707,1,2024-01-01,,True
705,72,Other,Low,Yes,9,Yes,Single,2,Bachelor's,Unemployed,62621,City C,State Z,708,1,2024-01-01,,True
706,42,Male,Medium,No,0,Yes,Married,3,High School,Unemployed,97642,City A,State X,709,1,2024-01-01,,True
707,51,Female,High,Yes,5,No,Married,2,Master's,Self-Employed,58398,City B,State Y,710,1,2024-01-01,,True
708,38,Male,Low,No,7,No,Divorced,0,Bachelor's,Unemployed,25445,City B,State Y,711,1,2024-01-01,,True
709,55,Other,Low,Yes,5,No,Married,4,Master's,Self-Employed,30007,City B,State Y,712,1,2024-01-01,,True
710,18,Female,Medium,No,8,Yes,Single,1,Master's,Self-Employed,40470,City A,State Z,713,1,2024-01-01,,True
711,68,Other,Medium,No,1,Yes,Divorced,1,Bachelor's,Self-Employed,55476,City C,State Z,714,1,2024-01-01,,True
712,46,Male,Low,No,10,No,Single,2,Master's,Unemployed,39288,City D,State Y,715,1,2024-01-01,,True
713,53,Other,High,Yes,10,No,Single,3,PhD,Self-Employed,53282,City C,State X,716,1,2024-01-01,,True
714,39,Male,High,Yes,8,No,Divorced,0,High School,Unemployed,75691,City B,State X,717,1,2024-01-01,,True
715,78,Other,Medium,Yes,10,Yes,Divorced,3,High School,Unemployed,54043,City C,State Z,718,1,2024-01-01,,True
716,20,Female,Low,Yes,9,Yes,Married,4,Bachelor's,Retired,96064,City C,State Z,719,1,2024-01-01,,True
717,68,Other,High,No,1,Yes,Married,2,Master's,Employed,71832,City D,State Y,720,1,2024-01-01,,True
718,60,Other,High,No,4,Yes,Divorced,2,High School,Retired,60439,City D,State Y,721,1,2024-01-01,,True
719,22,Male,Medium,No,7,No,Married,3,PhD,Self-Employed,47104,City A,State Z,722,1,2024-01-01,,True
720,52,Female,High,Yes,10,No,Divorced,0,Master's,Employed,44628,City A,State Z,723,1,2024-01-01,,True
721,62,Female,Medium,Yes,9,Yes,Married,1,PhD,Retired,56575,City B,State Y,724,1,2024-01-01,,True
722,45,Male,Medium,Yes,6,No,Divorced,3,PhD,Employed,38440,City C,State X,725,1,2024-01-01,,True
723,30,Male,Low,Yes,10,Yes,Single,1,High School,Unemployed,51421,City D,State X,726,1,2024-01-01,,True
724,28,Male,High,No,0,No,Single,3,PhD,Employed,28275,City A,State X,727,1,2024-01-01,,True
725,67,Female,Low,Yes,5,No,Single,1,Master's,Employed,71961,City B,State Y,728,1,2024-01-01,,True
726,46,Other,High,Yes,6,Yes,Single,3,Bachelor's,Self-Employed,27694,City D,State Z,729,1,2024-01-01,,True
727,53,Female,Medium,Yes,8,No,Single,4,PhD,Unemployed,38764,City C,State Y,730,1,2024-01-01,,True
728,63,Other,High,No,7,No,Divorced,0,Master's,Employed,70199,City B,State X,731,1,2024-01-01,,True
729,28,Male,Low,No,2,No,Single,2,Bachelor's,Retired,96070,City B,State Z,732,1,2024-01-01,,True
730,33,Female,High,No,4,Yes,Single,0,PhD,Employed,15363,City B,State X,733,1,2024-01-01,,True
731,25,Female,Medium,Yes,7,Yes,Married,3,Master's,Self-Employed,12042,City C,State X,734,1,2024-01-01,,True
732,56,Male,High,No,7,Yes,Single,0,PhD,Retired,84198,City D,State Y,735,1,2024-01-01,,True
733,71,Other,High,Yes,1,Yes,Married,4,Master's,Retired,42583,City B,State Z,736,1,2024-01-01,,True
734,20,Other,Medium,Yes,6,Yes,Divorced,4,High School,Retired,77511,City A,State Y,737,1,2024-01-01,,True
735,20,Female,Low,Yes,6,No,Married,3,High School,Retired,80982,City C,State X,738,1,2024-01-01,,True
736,74,Other,High,Yes,6,No,Divorced,2,Bachelor's,Retired,96481,City A,State Z,739,1,2024-01-01,,True
737,79,Other,Medium,No,5,No,Married,3,Bachelor's,Unemployed,50198,City B,State X,740,1,2024-01-01,,True
738,19,Female,Low,No,0,No,Single,1,High School,Retired,18372,City A,State Z,741,1,2024-01-01,,True
739,41,Female,Low,Yes,3,Yes,Divorced,1,PhD,Unemployed,42047,City B,State Z,742,1,2024-01-01,,True
740,73,Other,Medium,Yes,3,No,Single,1,Master's,Self-Employed,71333,City A,State X,743,1,2024-01-01,,True
741,28,Male,Medium,No,8,No,Married,0,Master's,Retired,41706,City D,State Z,744,1,2024-01-01,,True
742,37,Other,Low,Yes,9,Yes,Divorced,4,Bachelor's,Unemployed,28651,City C,State Z,745,1,2024-01-01,,True
743,23,Male,High,No,10,No,Single,4,PhD,Employed,26155,City B,State Y,746,1,2024-01-01,,True
744,47,Other,High,No,8,No,Single,4,High School,Self-Employed,76296,City D,State Z,747,1,2024-01-01,,True
745,78,Male,Medium,Yes,5,No,Divorced,1,Master's,Self-Employed,81467,City D,State Y,748,1,2024-01-01,,True
746,49,Female,Medium,No,8,No,Single,4,Bachelor's,Employed,17995,City D,State X,749,1,2024-01-01,,True
747,48,Female,High,No,2,No,Divorced,3,Master's,Self-Employed,50314,City C,State Z,750,1,2024-01-01,,True
748,39,Male,Medium,No,7,No,Divorced,2,High School,Unemployed,59572,City C,State X,751,1,2024-01-01,,True
749,74,Other,High,Yes,9,No,Single,2,PhD,Employed,40946,City A,State X,752,1,2024-01-01,,True
750,29,Male,Low,Yes,8,No,Divorced,0,High School,Self-Employed,81210,City C,State Y,753,1,2024-01-01,,True
751,60,Other,Low,No,5,No,Single,0,PhD,Unemployed,22424,City D,State Z,754,1,2024-01-01,,True
752,19,Female,High,Yes,5,Yes,Divorced,3,Bachelor's,Retired,94745,City B,State Y,755,1,2024-01-01,,True
753,21,Male,Low,Yes,5,Yes,Divorced,4,Master's,Unemployed,75982,City A,State Y,756,1,2024-01-01,,True
754,30,Other,Low,No,3,No,Married,3,Master's,Employed,60448,City A,State X,757,1,2024-01-01,,True
755,67,Male,High,No,2,Yes,Married,4,Master's,Retired,48431,City A,State Z,758,1,2024-01-01,,True
756,72,Other,Medium,No,3,Yes,Single,2,High School,Unemployed,55743,City C,State Z,759,1,2024-01-01,,True
757,39,Female,High,Yes,6,No,Married,3,Master's,Unemployed,58667,City D,State Y,760,1,2024-01-01,,True
758,35,Female,Medium,No,10,No,Single,1,Master's,Unemployed,53954,City A,State Z,761,1,2024-01-01,,True
759,46,Female,Medium,Yes,10,Yes,Married,1,Master's,Retired,63243,City B,State Y,762,1,2024-01-01,,True
760,54,Other,Medium,No,10,Yes,Married,4,Master's,Unemployed,67834,City C,State Y,763,1,2024-01-01,,True
761,51,Other,Low,Yes,7,Yes,Single,3,PhD,Retired,41282,City B,State Y,764,1,2024-01-01,,True
762,40,Female,Medium,Yes,5,Yes,Divorced,1,High School,Unemployed,83100,City A,State Y,765,1,2024-01-01,,True
763,69,Other,High,Yes,5,Yes,Single,3,PhD,Employed,12082,City D,State Y,766,1,2024-01-01,,True
764,59,Other,Low,Yes,1,Yes,Married,4,PhD,Self-Employed,37891,City B,State Y,767,1,2024-01-01,,True
765,41,Male,Medium,No,5,No,Married,0,High School,Employed,30774,City B,State Z,768,1,2024-01-01,,True
766,71,Female,Medium,Yes,5,No,Single,0,Master's,Retired,72889,City A,State Y,769,1,2024-01-01,,True
767,76,Other,High,No,8,No,Married,1,High School,Unemployed,58330,City B,State X,770,1,2024-01-01,,True
768,49,Male,High,No,10,No,Married,4,Bachelor's,Retired,19493,City C,State Y,771,1,2024-01-01,,True
769,33,Male,Medium,No,7,No,Divorced,1,PhD,Employed,18716,City D,State X,772,1,2024-01-01,,True
770,21,Male,Low,No,10,No,Single,3,Bachelor's,Employed,99681,City C,State Z,773,1,2024-01-01,,True
771,38,Female,Low,No,10,No,Married,3,Master's,Retired,86124,City C,State Y,774,1,2024-01-01,,True
772,38,Female,Medium,No,4,Yes,Single,3,High School,Employed,68471,City B,State X,775,1,2024-01-01,,True
773,18,Female,Low,Yes,2,Yes,Divorced,4,PhD,Retired,44913,City B,State X,776,1,2024-01-01,,True
774,32,Other,Low,Yes,0,No,Divorced,3,Bachelor's,Unemployed,56798,City A,State X,777,1,2024-01-01,,True
775,67,Female,Medium,No,1,Yes,Married,1,High School,Unemployed,10279,City D,State Z,778,1,2024-01-01,,True
776,66,Other,Low,No,2,Yes,Married,2,High School,Self-Employed,23144,City D,State X,779,1,2024-01-01,,True
777,37,Male,High,No,4,Yes,Married,0,High School,Self-Employed,89445,City A,State Z,780,1,2024-01-01,,True
778,50,Male,Low,No,0,No,Single,3,High School,Self-Employed,97485,City C,State X,781,1,2024-01-01,,True
779,59,Female,High,Yes,1,No,Divorced,0,Master's,Retired,18344,City A,State Y,782,1,2024-01-01,,True
780,41,Other,Medium,Yes,2,No,Divorced,3,Bachelor's,Unemployed,18935,City C,State Y,783,1,2024-01-01,,True
781,49,Male,High,No,8,No,Single,4,PhD,Self-Employed,18850,City C,State Y,784,1,2024-01-01,,True
782,18,Female,Medium,No,7,No,Married,2,Bachelor's,Self-Employed,10902,City D,State Y,785,1,2024-01-01,,True
783,55,Other,Low,Yes,9,No,Married,1,High School,Employed,86955,City B,State X,786,1,2024-01-01,,True
784,37,Other,Low,Yes,6,Yes,Single,2,Bachelor's,Retired,99170,City C,State X,787,1,2024-01-01,,True
785,21,Female,Medium,Yes,8,Yes,Divorced,0,Master's,Self-Employed,33387,City A,State X,788,1,2024-01-01,,True
786,61,Other,High,No,8,Yes,Single,3,High School,Retired,98029,City A,State X,789,1,2024-01-01,,True
787,73,Other,Medium,Yes,4,No,Divorced,4,High School,Self-Employed,60453,City C,State X,790,1,2024-01-01,,True
788,75,Male,High,Yes,9,No,Divorced,4,Bachelor's,Unemployed,68178,City C,State Z,791,1,2024-01-01,,True
789,48,Female,High,No,10,Yes,Divorced,1,Master's,Retired,61564,City D,State X,792,1,2024-01-01,,True
790,50,Male,Low,Yes,3,No,Divorced,1,High School,Employed,99890,City D,State Y,793,1,2024-01-01,,True
791,47,Other,High,No,10,Yes,Divorced,2,Bachelor's,Retired,72625,City C,State Z,794,1,2024-01-01,,True
792,18,Other,Medium,Yes,3,No,Single,1,Bachelor's,Unemployed,28845,City B,State X,795,1,2024-01-01,,True
793,21,Male,Medium,Yes,2,No,Married,2,Master's,Retired,35239,City C,State Y,796,1,2024-01-01,,True
794,79,Male,Low,Yes,4,No,Single,1,PhD,Self-Employed,41411,City D,State Z,797,1,2024-01-01,,True
795,79,Female,Low,Yes,0,No,Divorced,2,Master's,Employed,46655,City A,State X,798,1,2024-01-01,,True
796,34,Other,Medium,Yes,2,No,Married,2,High School,Self-Employed,28426,City B,State Y,799,1,2024-01-01,,True
797,21,Female,Medium,No,8,No,Divorced,1,Master's,Unemployed,43862,City D,State Z,800,1,2024-01-01,,True
798,59,Other,High,No,1,Yes,Single,1,Master's,Employed,72550,City A,State Z,801,1,2024-01-01,,True
799,63,Other,High,No,1,No,Single,3,PhD,Unemployed,36510,City B,State Z,802,1,2024-01-01,,True
800,63,Other,Medium,Yes,4,Yes,Divorced,2,High School,Self-Employed,22104,City D,State Y,803,1,2024-01-01,,True
801,36,Female,Medium,No,6,No,Divorced,2,PhD,Retired,93779,City C,State Z,804,1,2024-01-01,,True
802,46,Male,Low,No,6,Yes,Single,2,Bachelor's,Employed,20174,City A,State Z,805,1,2024-01-01,,True
803,68,Male,Low,No,1,Yes,Married,2,Bachelor's,Employed,93127,City A,State Y,806,1,2024-01-01,,True
804,34,Male,High,Yes,9,No,Single,3,PhD,Employed,47832,City D,State Y,807,1,2024-01-01,,True
805,53,Female,Medium,Yes,5,No,Married,3,High School,Retired,50958,City A,State Z,808,1,2024-01-01,,True
806,38,Other,High,No,5,Yes,Married,1,Bachelor's,Self-Employed,30584,City B,State Y,809,1,2024-01-01,,True
807,57,Other,High,No,6,Yes,Divorced,1,Master's,Unemployed,35559,City D,State Z,810,1,2024-01-01,,True
808,29,Female,Low,Yes,3,No,Single,4,Master's,Unemployed,23523,City C,State Y,811,1,2024-01-01,,True
809,49,Male,Medium,No,5,No,Married,1,Bachelor's,Unemployed,80692,City C,State Y,812,1,2024-01-01,,True
810,21,Other,High,Yes,4,No,Married,3,High School,Retired,14628,City C,State Z,813,1,2024-01-01,,True
811,59,Female,Medium,Yes,4,Yes,Divorced,4,PhD,Employed,59026,City D,State Y,814,1,2024-01-01,,True
812,54,Female,Low,Yes,4,No,Married,0,Bachelor's,Retired,34100,City C,State Z,815,1,2024-01-01,,True
813,59,Other,Low,Yes,8,No,Single,2,Bachelor's,Employed,36785,City B,State X,816,1,2024-01-01,,True
814,70,Female,Medium,Yes,5,Yes,Single,3,PhD,Retired,89019,City A,State X,817,1,2024-01-01,,True
815,48,Male,Low,No,2,Yes,Married,0,High School,Retired,24479,City C,State Z,818,1,2024-01-01,,True
816,68,Female,Low,No,10,No,Single,2,PhD,Self-Employed,99136,City A,State X,819,1,2024-01-01,,True
817,74,Other,Medium,Yes,4,No,Married,4,Bachelor's,Self-Employed,39593,City D,State X,820,1,2024-01-01,,True
818,40,Female,Low,No,4,No,Single,1,Master's,Retired,47686,City D,State Y,821,1,2024-01-01,,True
819,21,Other,High,No,2,No,Single,3,High School,Retired,30203,City B,State Z,822,1,2024-01-01,,True
820,37,Female,Medium,Yes,4,No,Married,0,High School,Retired,31579,City B,State Y,823,1,2024-01-01,,True
821,75,Other,Low,No,0,No,Single,2,Master's,Employed,91404,City C,State Z,824,1,2024-01-01,,True
822,23,Other,Low,No,9,No,Married,0,Bachelor's,Self-Employed,15156,City A,State Y,825,1,2024-01-01,,True
823,20,Male,High,Yes,10,No,Married,1,PhD,Unemployed,32927,City B,State X,826,1,2024-01-01,,True
824,46,Male,High,Yes,10,No,Single,3,Master's,Employed,76367,City D,State Z,827,1,2024-01-01,,True
825,71,Other,High,No,3,No,Divorced,3,PhD,Employed,58888,City A,State Z,828,1,2024-01-01,,True
826,56,Male,High,Yes,5,No,Married,2,Bachelor's,Employed,46540,City D,State Z,829,1,2024-01-01,,True
827,66,Other,High,No,9,No,Single,4,PhD,Employed,94760,City C,State Z,830,1,2024-01-01,,True
828,28,Male,Medium,No,5,No,Divorced,3,Bachelor's,Unemployed,51445,City D,State Z,831,1,2024-01-01,,True
829,52,Male,High,Yes,9,Yes,Single,2,PhD,Retired,85263,City B,State X,832,1,2024-01-01,,True
830,80,Female,High,No,6,Yes,Married,2,PhD,Unemployed,67670,City C,State Z,833,1,2024-01-01,,True
831,64,Male,Medium,Yes,6,Yes,Single,3,Master's,Employed,51555,City B,State Z,834,1,2024-01-01,,True
832,46,Other,High,Yes,0,No,Divorced,4,High School,Retired,88791,City A,State Y,835,1,2024-01-01,,True
833,29,Male,Medium,Yes,1,Yes,Divorced,4,Master's,Unemployed,84776,City D,State Z,836,1,2024-01-01,,True
834,54,Other,Low,Yes,1,Yes,Divorced,0,High School,Self-Employed,13125,City D,State Z,837,1,2024-01-01,,True
835,65,Male,High,No,9,Yes,Single,0,Master's,Self-Employed,67788,City B,State Y,838,1,2024-01-01,,True
836,64,Female,Low,No,10,Yes,Married,1,PhD,Unemployed,86256,City B,State Y,839,1,2024-01-01,,True
837,67,Other,Low,No,1,Yes,Divorced,1,Master's,Employed,85904,City B,State X,840,1,2024-01-01,,True
838,64,Female,High,No,3,Yes,Married,1,Bachelor's,Retired,21054,City D,State Y,841,1,2024-01-01,,True
839,71,Male,Low,No,1,Yes,Divorced,0,Bachelor's,Unemployed,53396,City A,State Y,842,1,2024-01-01,,True
840,76,Female,Medium,Yes,2,Yes,Single,2,Bachelor's,Employed,52518,City C,State X,843,1,2024-01-01,,True
841,26,Male,Medium,Yes,3,No,Single,3,PhD,Self-Employed,46880,City D,State X,844,1,2024-01-01,,True
842,39,Male,Medium,No,8,No,Single,3,Bachelor's,Unemployed,85482,City B,State X,845,1,2024-01-01,,True
843,29,Other,High,No,6,No,Divorced,2,Bachelor's,Employed,48984,City D,State Y,846,1,2024-01-01,,True
844,38,Female,Low,Yes,6,Yes,Single,3,Bachelor's,Unemployed,85096,City D,State Z,847,1,2024-01-01,,True
845,75,Female,Low,No,8,No,Divorced,3,High School,Retired,39442,City D,State Z,848,1,2024-01-01,,True
846,35,Male,Low,No,8,Yes,Single,4,High School,Unemployed,52151,City A,State Z,849,1,2024-01-01,,True
847,44,Female,High,Yes,9,Yes,Single,1,Master's,Unemployed,42731,City D,State Y,850,1,2024-01-01,,True
848,57,Other,High,Yes,6,Yes,Married,1,PhD,Self-Employed,38777,City C,State Y,851,1,2024-01-01,,True
849,26,Male,High,Yes,4,Yes,Married,0,High School,Self-Employed,82692,City D,State Z,852,1,2024-01-01,,True
850,56,Other,Medium,Yes,1,Yes,Divorced,0,Master's,Employed,12068,City B,State Z,853,1,2024-01-01,,True
851,20,Male,Medium,No,5,No,Single,3,PhD,Employed,28964,City D,State X,854,1,2024-01-01,,True
852,47,Female,Medium,No,9,No,Married,3,High School,Unemployed,69450,City A,State Y,855,1,2024-01-01,,True
853,43,Other,Medium,Yes,2,No,Divorced,4,Master's,Retired,84558,City C,State Y,856,1,2024-01-01,,True
854,55,Other,Low,Yes,5,Yes,Divorced,2,High School,Self-Employed,52700,City B,State Z,857,1,2024-01-01,,True
855,20,Other,Medium,No,3,No,Divorced,2,Bachelor's,Unemployed,45789,City A,State X,858,1,2024-01-01,,True
856,42,Female,Medium,No,0,Yes,Single,3,Master's,Unemployed,46617,City C,State X,859,1,2024-01-01,,True
857,39,Other,High,No,0,No,Divorced,2,High School,Employed,45971,City B,State Y,860,1,2024-01-01,,True
858,64,Female,Medium,Yes,3,Yes,Married,3,Bachelor's,Self-Employed,90618,City A,State Z,861,1,2024-01-01,,True
859,63,Male,Medium,Yes,8,Yes,Divorced,1,Bachelor's,Retired,26638,City A,State X,862,1,2024-01-01,,True
860,24,Male,Low,Yes,2,Yes,Divorced,3,PhD,Self-Employed,68815,City C,State X,863,1,2024-01-01,,True
861,52,Other,Low,Yes,6,Yes,Divorced,0,High School,Unemployed,34322,City D,State Y,864,1,2024-01-01,,True
862,67,Female,Medium,Yes,10,No,Single,1,Master's,Self-Employed,42189,City A,State X,865,1,2024-01-01,,True
863,76,Male,Medium,Yes,1,Yes,Divorced,2,PhD,Self-Employed,24149,City A,State Y,866,1,2024-01-01,,True
864,76,Male,Low,Yes,8,Yes,Married,3,PhD,Unemployed,85193,City D,State Z,867,1,2024-01-01,,True
865,50,Male,High,No,0,No,Divorced,3,High School,Retired,15823,City C,State Y,868,1,2024-01-01,,True
866,43,Other,Medium,Yes,3,Yes,Married,2,Master's,Employed,94127,City A,State Y,869,1,2024-01-01,,True
867,59,Male,High,Yes,8,No,Single,0,PhD,Self-Employed,10374,City D,State X,870,1,2024-01-01,,True
868,26,Male,Medium,Yes,1,No,Married,2,High School,Self-Employed,99746,City D,State X,871,1,2024-01-01,,True
869,50,Other,Medium,No,4,No,Married,2,Bachelor's,Employed,91939,City D,State Y,872,1,2024-01-01,,True
870,40,Female,Low,Yes,9,No,Single,0,PhD,Self-Employed,20627,City D,State X,873,1,2024-01-01,,True
871,61,Female,Medium,No,1,Yes,Divorced,3,High School,Employed,66354,City A,State Y,874,1,2024-01-01,,True
872,73,Other,Low,Yes,8,No,Divorced,3,Bachelor's,Retired,85720,City C,State X,875,1,2024-01-01,,True
873,59,Other,Medium,No,0,No,Married,1,PhD,Unemployed,60860,City D,State Y,876,1,2024-01-01,,True
874,41,Male,Low,No,7,No,Married,3,Master's,Employed,69113,City C,State X,877,1,2024-01-01,,True
875,59,Female,High,Yes,4,No,Divorced,3,PhD,Employed,86199,City B,State Y,878,1,2024-01-01,,True
876,66,Female,Low,Yes,9,Yes,Divorced,1,Master's,Unemployed,67222,City D,State Z,879,1,2024-01-01,,True
877,35,Male,Medium,No,2,No,Single,1,PhD,Retired,86604,City C,State Y,880,1,2024-01-01,,True
878,53,Female,High,Yes,0,Yes,Married,2,Master's,Employed,92698,City A,State Z,881,1,2024-01-01,,True
879,67,Other,High,No,7,No,Single,3,Bachelor's,Self-Employed,45592,City C,State Y,882,1,2024-01-01,,True
880,31,Female,Medium,Yes,3,Yes,Married,0,PhD,Unemployed,97334,City B,State X,883,1,2024-01-01,,True
881,56,Other,High,No,10,No,Single,4,PhD,Employed,72535,City A,State Y,884,1,2024-01-01,,True
882,75,Female,High,Yes,4,Yes,Divorced,4,Bachelor's,Retired,24055,City C,State Y,885,1,2024-01-01,,True
883,31,Other,High,No,10,No,Single,3,PhD,Employed,95472,City D,State X,886,1,2024-01-01,,True
884,65,Male,Medium,No,2,No,Divorced,3,High School,Retired,71803,City A,State Z,887,1,2024-01-01,,True
885,75,Male,Low,No,5,No,Single,2,PhD,Retired,13060,City D,State X,888,1,2024-01-01,,True
886,50,Female,High,Yes,1,Yes,Married,0,PhD,Unemployed,68527,City A,State Z,889,1,2024-01-01,,True
887,39,Other,High,No,9,No,Single,3,PhD,Self-Employed,78151,City A,State Z,890,1,2024-01-01,,True
888,25,Other,Low,Yes,4,No,Divorced,0,Bachelor's,Employed,59288,City D,State Z,891,1,2024-01-01,,True
889,70,Female,High,Yes,7,No,Married,4,Bachelor's,Retired,45989,City D,State Y,892,1,2024-01-01,,True
890,52,Other,High,No,4,Yes,Divorced,1,High School,Employed,71952,City A,State Y,893,1,2024-01-01,,True
891,67,Other,High,Yes,10,No,Single,4,Master's,Self-Employed,24652,City B,State Z,894,1,2024-01-01,,True
892,40,Male,Medium,No,7,No,Single,3,High School,Self-Employed,53496,City C,State Y,895,1,2024-01-01,,True
893,35,Male,Low,No,7,Yes,Single,3,Bachelor's,Unemployed,11246,City B,State Y,896,1,2024-01-01,,True
894,52,Other,Medium,No,6,No,Married,2,Master's,Self-Employed,39405,City A,State X,897,1,2024-01-01,,True
895,75,Male,High,No,3,No,Divorced,1,High School,Retired,35893,City B,State X,898,1,2024-01-01,,True
896,45,Female,High,Yes,3,Yes,Married,4,PhD,Employed,98834,City C,State X,899,1,2024-01-01,,True
897,37,Other,Medium,No,8,No,Married,2,PhD,Unemployed,36448,City B,State Z,900,1,2024-01-01,,True
898,65,Male,Low,Yes,6,No,Single,2,Master's,Self-Employed,10868,City C,State Z,901,1,2024-01-01,,True
899,34,Male,Medium,Yes,4,No,Divorced,4,PhD,Employed,19849,City A,State Y,902,1,2024-01-01,,True
900,37,Female,High,No,2,Yes,Single,3,Master's,Unemployed,88323,City B,State X,903,1,2024-01-01,,True
901,68,Male,High,No,6,No,Single,0,High School,Retired,14621,City D,State Y,904,1,2024-01-01,,True
902,57,Female,High,Yes,4,No,Married,0,High School,Retired,13396,City A,State Z,905,1,2024-01-01,,True
903,64,Other,Low,No,10,Yes,Married,0,Bachelor's,Retired,29393,City D,State Z,906,1,2024-01-01,,True
904,49,Other,High,Yes,10,Yes,Married,2,PhD,Self-Employed,40291,City B,State X,907,1,2024-01-01,,True
905,53,Male,High,Yes,10,No,Married,2,Bachelor's,Unemployed,92067,City A,State Z,908,1,2024-01-01,,True
906,69,Other,Low,Yes,7,Yes,Married,0,PhD,Unemployed,46547,City B,State Z,909,1,2024-01-01,,True
907,41,Other,Low,Yes,2,Yes,Divorced,0,High School,Unemployed,99220,City C,State Y,910,1,2024-01-01,,True
908,41,Other,Low,Yes,8,Yes,Divorced,3,PhD,Unemployed,13499,City B,State Y,911,1,2024-01-01,,True
909,64,Other,Medium,No,0,Yes,Married,2,Bachelor's,Self-Employed,39428,City A,State X,912,1,2024-01-01,,True
910,80,Other,Medium,No,2,No,Divorced,2,Bachelor's,Retired,98328,City B,State Z,913,1,2024-01-01,,True
911,47,Female,High,Yes,0,No,Single,2,High School,Self-Employed,53798,City B,State X,914,1,2024-01-01,,True
912,41,Female,Medium,No,1,No,Married,0,PhD,Employed,55294,City D,State Y,915,1,2024-01-01,,True
913,30,Other,Medium,Yes,0,Yes,Single,1,PhD,Self-Employed,17465,City C,State Y,916,1,2024-01-01,,True
914,18,Other,Medium,Yes,10,Yes,Divorced,0,High School,Unemployed,71192,City B,State X,917,1,2024-01-01,,True
915,72,Male,Low,Yes,3,Yes,Single,3,Master's,Unemployed,58070,City C,State X,918,1,2024-01-01,,True
916,53,Male,Medium,No,4,No,Married,1,Bachelor's,Unemployed,24369,City B,State X,919,1,2024-01-01,,True
917,27,Male,Medium,No,0,No,Single,0,High School,Unemployed,96348,City A,State Y,920,1,2024-01-01,,True
918,71,Female,Low,No,1,Yes,Single,3,PhD,Employed,14907,City A,State Z,921,1,2024-01-01,,True
919,43,Female,High,No,4,No,Divorced,2,Bachelor's,Retired,23621,City D,State Y,922,1,2024-01-01,,True
920,26,Other,Medium,Yes,8,No,Married,4,Master's,Self-Employed,67056,City A,State X,923,1,2024-01-01,,True
921,34,Male,High,No,7,Yes,Married,2,PhD,Unemployed,70218,City D,State X,924,1,2024-01-01,,True
922,56,Male,High,Yes,9,No,Divorced,3,Master's,Self-Employed,77825,City A,State X,925,1,2024-01-01,,True
923,64,Female,High,No,2,No,Married,2,PhD,Unemployed,82204,City A,State X,926,1,2024-01-01,,True
924,32,Other,Low,No,10,Yes,Married,3,Bachelor's,Employed,74005,City C,State Z,927,1,2024-01-01,,True
925,48,Female,Medium,Yes,0,No,Married,1,High School,Employed,57565,City B,State Y,928,1,2024-01-01,,True
926,48,Female,Medium,Yes,3,Yes,Single,2,Bachelor's,Employed,68336,City A,State Y,929,1,2024-01-01,,True
927,49,Male,Low,Yes,2,Yes,Single,0,PhD,Retired,59742,City A,State Z,930,1,2024-01-01,,True
928,44,Other,Medium,Yes,6,Yes,Divorced,0,Master's,Retired,26804,City C,State X,931,1,2024-01-01,,True
929,50,Other,Medium,No,10,No,Single,2,High School,Employed,69573,City A,State X,932,1,2024-01-01,,True
930,60,Female,High,No,9,Yes,Married,0,Master's,Employed,91887,City D,State Y,933,1,2024-01-01,,True
931,43,Other,Medium,Yes,7,No,Single,1,High School,Unemployed,22624,City A,State Y,934,1,2024-01-01,,True
932,74,Female,Low,Yes,4,Yes,Divorced,4,Master's,Employed,69319,City C,State X,935,1,2024-01-01,,True
933,65,Female,Low,No,10,No,Married,4,Bachelor's,Unemployed,18738,City B,State X,936,1,2024-01-01,,True
934,51,Female,Low,Yes,2,Yes,Married,4,Bachelor's,Unemployed,53383,City D,State Y,937,1,2024-01-01,,True
935,53,Male,High,No,3,Yes,Single,2,Master's,Employed,12758,City B,State X,938,1,2024-01-01,,True
936,79,Male,Medium,Yes,1,Yes,Married,1,High School,Self-Employed,58619,City C,State Z,939,1,2024-01-01,,True
937,79,Female,High,No,4,Yes,Married,3,High School,Retired,13648,City D,State X,940,1,2024-01-01,,True
938,28,Other,Low,No,3,No,Married,1,High School,Retired,76133,City A,State X,941,1,2024-01-01,,True
939,28,Female,High,No,1,Yes,Married,0,PhD,Self-Employed,67849,City C,State X,942,1,2024-01-01,,True
940,74,Female,Medium,No,0,No,Divorced,2,PhD,Employed,98062,City C,State X,943,1,2024-01-01,,True
941,23,Female,Low,No,9,Yes,Single,3,Master's,Employed,87722,City C,State Y,944,1,2024-01-01,,True
942,79,Other,Low,Yes,9,No,Single,0,PhD,Employed,66907,City C,State Y,945,1,2024-01-01,,True
943,37,Other,High,Yes,2,Yes,Single,1,Master's,Employed,86489,City B,State Y,946,1,2024-01-01,,True
944,50,Female,High,No,5,No,Married,3,Bachelor's,Retired,74235,City A,State Y,947,1,2024-01-01,,True
945,46,Other,Medium,Yes,5,Yes,Divorced,2,High School,Retired,34868,City D,State Z,948,1,2024-01-01,,True
946,28,Female,Medium,Yes,0,No,Married,4,Master's,Self-Employed,41589,City B,State Z,949,1,2024-01-01,,True
947,51,Female,Medium,Yes,7,Yes,Married,1,High School,Self-Employed,75891,City B,State Y,950,1,2024-01-01,,True
948,45,Male,High,No,9,No,Married,1,Bachelor's,Self-Employed,72800,City B,State Y,951,1,2024-01-01,,True
949,77,Other,Low,Yes,8,Yes,Married,3,Master's,Self-Employed,98450,City B,State Z,952,1,2024-01-01,,True
950,54,Other,Low,No,7,No,Married,0,PhD,Self-Employed,36211,City B,State Z,953,1,2024-01-01,,True
951,21,Other,Medium,No,6,Yes,Divorced,1,PhD,Employed,85363,City B,State Z,954,1,2024-01-01,,True
952,71,Other,Medium,Yes,3,Yes,Divorced,1,High School,Retired,88717,City C,State Z,955,1,2024-01-01,,True
953,56,Female,High,Yes,8,Yes,Single,4,Master's,Self-Employed,68024,City D,State X,956,1,2024-01-01,,True
954,53,Female,High,Yes,0,No,Married,0,High School,Unemployed,71096,City C,State Z,957,1,2024-01-01,,True
955,46,Other,Low,Yes,6,No,Divorced,3,Master's,Employed,42011,City C,State Z,958,1,2024-01-01,,True
956,20,Other,Low,Yes,7,Yes,Divorced,0,PhD,Employed,99491,City B,State Z,959,1,2024-01-01,,True
957,70,Female,Medium,No,1,No,Married,3,High School,Retired,39327,City B,State Y,960,1,2024-01-01,,True
958,63,Other,Low,No,5,No,Married,3,Bachelor's,Self-Employed,74308,City A,State Z,961,1,2024-01-01,,True
959,51,Female,High,Yes,5,Yes,Divorced,1,PhD,Self-Employed,41921,City D,State Z,962,1,2024-01-01,,True
960,43,Male,Low,No,2,No,Divorced,4,Bachelor's,Unemployed,93869,City B,State Z,963,1,2024-01-01,,True
961,23,Other,High,Yes,4,Yes,Married,2,High School,Unemployed,23758,City A,State X,964,1,2024-01-01,,True
962,18,Other,High,No,5,Yes,Single,3,Bachelor's,Self-Employed,91673,City B,State Z,965,1,2024-01-01,,True
963,76,Other,High,No,3,Yes,Single,0,High School,Unemployed,17259,City B,State X,966,1,2024-01-01,,True
964,41,Male,Low,No,9,Yes,Married,2,High School,Retired,57924,City C,State X,967,1,2024-01-01,,True
965,61,Female,Low,No,3,Yes,Married,2,Master's,Retired,65430,City D,State Y,968,1,2024-01-01,,True
966,79,Female,Low,No,10,No,Divorced,3,Master's,Employed,26826,City B,State Z,969,1,2024-01-01,,True
967,30,Other,Medium,Yes,8,Yes,Married,3,High School,Unemployed,64007,City A,State X,970,1,2024-01-01,,True
968,49,Female,Medium,Yes,1,Yes,Single,3,High School,Retired,68916,City B,State Z,971,1,2024-01-01,,True
969,61,Female,Medium,No,10,Yes,Single,1,Master's,Retired,83854,City A,State X,972,1,2024-01-01,,True
970,28,Male,High,Yes,0,Yes,Divorced,0,Bachelor's,Employed,41815,City B,State Z,973,1,2024-01-01,,True
971,53,Female,High,No,6,Yes,Divorced,2,Master's,Retired,86924,City C,State Y,974,1,2024-01-01,,True
972,80,Other,Medium,Yes,5,Yes,Single,3,PhD,Self-Employed,80633,City A,State Z,975,1,2024-01-01,,True
973,57,Other,High,No,3,Yes,Single,0,Master's,Employed,28901,City A,State Z,976,1,2024-01-01,,True
974,23,Female,High,Yes,6,No,Single,2,PhD,Self-Employed,83459,City B,State Y,977,1,2024-01-01,,True
975,54,Other,High,Yes,4,No,Divorced,1,Master's,Employed,28586,City A,State X,978,1,2024-01-01,,True
976,32,Female,Medium,No,8,Yes,Single,1,High School,Unemployed,29198,City C,State X,979,1,2024-01-01,,True
977,18,Female,Low,Yes,9,No,Married,0,Bachelor's,Self-Employed,74581,City A,State Y,980,1,2024-01-01,,True
978,36,Other,Medium,Yes,8,No,Married,3,PhD,Retired,76850,City B,State X,981,1,2024-01-01,,True
979,60,Other,High,No,5,Yes,Divorced,2,Bachelor's,Self-Employed,37816,City C,State Y,982,1,2024-01-01,,True
980,59,Male,High,No,10,No,Single,0,Master's,Self-Employed,66090,City B,State X,983,1,2024-01-01,,True
981,40,Other,Medium,Yes,0,Yes,Single,4,Master's,Unemployed,28059,City D,State Y,984,1,2024-01-01,,True
982,64,Other,Medium,Yes,2,No,Married,4,PhD,Self-Employed,68078,City C,State Z,985,1,2024-01-01,,True
983,60,Male,Low,Yes,6,No,Married,3,Bachelor's,Self-Employed,98108,City A,State Z,986,1,2024-01-01,,True
984,57,Other,Low,No,8,No,Divorced,1,Master's,Unemployed,57206,City A,State Y,987,1,2024-01-01,,True
985,55,Other,High,No,4,No,Divorced,2,Master's,Employed,60401,City D,State X,988,1,2024-01-01,,True
986,68,Male,Medium,Yes,10,Yes,Divorced,0,Master's,Self-Employed,77555,City B,State X,989,1,2024-01-01,,True
987,72,Female,High,Yes,2,No,Single,2,PhD,Employed,35160,City A,State Y,990,1,2024-01-01,,True
988,20,Male,Low,No,1,No,Divorced,0,Bachelor's,Retired,42692,City D,State Y,991,1,2024-01-01,,True
989,68,Female,High,No,3,Yes,Married,0,Bachelor's,Retired,72749,City A,State Y,992,1,2024-01-01,,True
990,18,Other,Medium,Yes,3,No,Divorced,1,Bachelor's,Employed,79537,City A,State X,993,1,2024-01-01,,True
991,65,Female,High,Yes,3,Yes,Divorced,3,Master's,Retired,49310,City A,State Z,994,1,2024-01-01,,True
992,69,Other,Low,No,4,No,Single,0,Master's,Self-Employed,69744,City B,State Y,995,1,2024-01-01,,True
993,79,Other,Low,No,9,No,Single,3,Bachelor's,Retired,79516,City A,State Y,996,1,2024-01-01,,True
994,61,Female,Low,No,3,Yes,Married,2,Master's,Employed,12984,City B,State Y,997,1,2024-01-01,,True
995,32,Other,Low,No,8,No,Single,1,Master's,Unemployed,55069,City D,State X,998,1,2024-01-01,,True
996,49,Male,Medium,No,2,No,Married,3,PhD,Unemployed,12351,City C,State Z,999,1,2024-01-01,,True
997,71,Female,High,No,3,No,Single,2,Master's,Retired,57460,City C,State X,1000,1,2024-01-01,,True
998,36,Male,High,No,1,No,Divorced,2,High School,Unemployed,70595,City A,State Z,1001,1,2024-01-01,,True
999,74,Female,Medium,Yes,4,Yes,Divorced,2,High School,Unemployed,90197,City B,State Z,1002,1,2024-01-01,,True
1000,30,Other,Low,No,7,Yes,Divorced,1,Master's,Unemployed,93786,City B,State X,1003,1,2024-01-01,,True
1001,43,Male,Medium,Yes,3,Yes,Married,4,High School,Retired,23754,City A,State X,1004,1,2024-01-01,,True
1002,72,Other,High,Yes,0,Yes,Divorced,0,Master's,Unemployed,96203,City C,State Z,1005,1,2024-01-01,,True
1003,54,Other,Low,No,3,Yes,Divorced,3,PhD,Unemployed,17960,City D,State Z,1006,1,2024-01-01,,True
1004,71,Other,Low,No,4,No,Divorced,4,Bachelor's,Self-Employed,63412,City B,State Y,1007,1,2024-01-01,,True
1005,48,Male,Medium,Yes,2,No,Married,1,PhD,Employed,13407,City C,State Z,1008,1,2024-01-01,,True
1006,18,Other,High,Yes,6,No,Divorced,0,Bachelor's,Self-Employed,73848,City D,State Z,1009,1,2024-01-01,,True
1007,24,Female,Medium,Yes,5,Yes,Married,3,Master's,Retired,70262,City C,State X,1010,1,2024-01-01,,True
1008,43,Other,High,Yes,10,Yes,Divorced,1,Master's,Unemployed,81588,City C,State Z,1011,1,2024-01-01,,True
1009,24,Female,Medium,No,3,No,Divorced,3,High School,Unemployed,19452,City C,State Y,1012,1,2024-01-01,,True
1010,76,Female,Medium,No,2,No,Single,2,PhD,Retired,46235,City A,State X,1013,1,2024-01-01,,True
1011,73,Female,High,Yes,5,No,Single,3,PhD,Employed,62740,City C,State X,1014,1,2024-01-01,,True
1012,73,Male,Low,No,10,Yes,Single,4,High School,Unemployed,31681,City D,State Y,1015,1,2024-01-01,,True
1013,77,Male,Medium,No,9,Yes,Divorced,1,PhD,Employed,72747,City D,State Y,1016,1,2024-01-01,,True
1014,49,Other,Low,Yes,1,No,Single,0,Bachelor's,Employed,46750,City D,State Y,1017,1,2024-01-01,,True
1015,46,Male,Low,No,10,No,Divorced,1,PhD,Unemployed,56936,City B,State Z,1018,1,2024-01-01,,True
1016,42,Other,Medium,Yes,1,Yes,Divorced,0,PhD,Employed,64407,City B,State Y,1019,1,2024-01-01,,True
1017,43,Other,High,No,5,No,Single,1,PhD,Retired,75813,City C,State X,1020,1,2024-01-01,,True
1018,58,Female,High,Yes,5,No,Married,2,High School,Unemployed,15586,City B,State Y,1021,1,2024-01-01,,True
1019,49,Female,High,No,6,Yes,Divorced,0,PhD,Employed,67167,City C,State X,1022,1,2024-01-01,,True
1020,36,Male,High,Yes,7,Yes,Married,0,High School,Self-Employed,64240,City D,State X,1023,1,2024-01-01,,True
1021,34,Other,High,Yes,10,Yes,Divorced,4,PhD,Self-Employed,81569,City A,State Z,1024,1,2024-01-01,,True
1022,31,Male,Low,No,1,No,Single,2,Master's,Self-Employed,48409,City B,State Z,1025,1,2024-01-01,,True
1023,25,Male,High,No,6,Yes,Single,3,High School,Self-Employed,57489,City C,State Y,1026,1,2024-01-01,,True
1024,54,Other,Low,No,4,Yes,Single,1,Bachelor's,Retired,93289,City A,State Z,1027,1,2024-01-01,,True
1025,28,Other,Low,Yes,5,No,Married,2,Master's,Self-Employed,18807,City B,State Y,1028,1,2024-01-01,,True
1026,65,Other,High,Yes,10,Yes,Single,4,Bachelor's,Retired,18523,City A,State Y,1029,1,2024-01-01,,True
1027,30,Male,Low,Yes,8,No,Single,0,Bachelor's,Employed,83750,City D,State Y,1030,1,2024-01-01,,True
1028,27,Other,Medium,No,8,Yes,Married,2,Master's,Employed,72754,City C,State Y,1031,1,2024-01-01,,True
1029,44,Female,High,No,4,Yes,Single,0,Master's,Employed,43170,City D,State X,1032,1,2024-01-01,,True
1030,19,Male,High,No,1,Yes,Single,3,Bachelor's,Unemployed,13323,City A,State Z,1033,1,2024-01-01,,True
1031,24,Other,High,Yes,9,No,Divorced,0,Bachelor's,Self-Employed,83551,City C,State X,1034,1,2024-01-01,,True
1032,23,Other,Low,No,5,No,Single,2,PhD,Unemployed,74702,City D,State X,1035,1,2024-01-01,,True
1033,20,Other,High,No,6,No,Divorced,0,Master's,Unemployed,22057,City B,State X,1036,1,2024-01-01,,True
1034,18,Other,Medium,Yes,0,Yes,Married,4,Bachelor's,Employed,60986,City B,State Z,1037,1,2024-01-01,,True
1035,36,Other,Medium,No,6,No,Single,1,Bachelor's,Employed,18542,City D,State X,1038,1,2024-01-01,,True
1036,71,Male,Low,No,8,Yes,Single,0,PhD,Retired,35713,City B,State Z,1039,1,2024-01-01,,True
1037,44,Other,Medium,No,8,Yes,Single,2,Master's,Self-Employed,57808,City D,State Z,1040,1,2024-01-01,,True
1038,66,Other,High,No,9,No,Divorced,3,High School,Self-Employed,93976,City A,State X,1041,1,2024-01-01,,True
1039,37,Male,High,No,8,No,Divorced,0,PhD,Unemployed,61772,City A,State Y,1042,1,2024-01-01,,True
1040,50,Other,High,No,7,Yes,Single,3,PhD,Self-Employed,31727,City A,State Y,1043,1,2024-01-01,,True
1041,60,Other,Medium,No,6,Yes,Single,0,Master's,Retired,33540,City D,State X,1044,1,2024-01-01,,True
1042,75,Female,High,Yes,8,Yes,Married,2,High School,Self-Employed,80333,City B,State Y,1045,1,2024-01-01,,True
1043,73,Male,High,No,3,Yes,Divorced,0,Bachelor's,Employed,30422,City C,State Z,1046,1,2024-01-01,,True
1044,58,Other,High,No,1,No,Divorced,4,PhD,Employed,35961,City B,State X,1047,1,2024-01-01,,True
1045,62,Female,Medium,No,3,No,Single,4,High School,Self-Employed,44924,City A,State X,1048,1,2024-01-01,,True
1046,29,Other,High,No,3,Yes,Single,1,Bachelor's,Employed,19064,City D,State X,1049,1,2024-01-01,,True
1047,47,Other,Low,Yes,2,Yes,Divorced,2,Master's,Self-Employed,74654,City B,State Y,1050,1,2024-01-01,,True
1048,19,Male,Low,Yes,4,Yes,Divorced,4,PhD,Self-Employed,72281,City B,State Z,1051,1,2024-01-01,,True
1049,25,Other,Low,Yes,2,No,Single,0,High School,Employed,38221,City C,State Y,1052,1,2024-01-01,,True
1050,51,Female,High,Yes,9,No,Single,2,PhD,Self-Employed,48170,City C,State X,1053,1,2024-01-01,,True
