item_id,order_id,product_id,quantity,unit_price,discount_percent
ITEM000001,ORD00666,PROD0049,3,22311.4,0.58
ITEM000002,ORD00120,PROD0011,1,33472.73,25.49
ITEM000003,ORD00024,PROD0076,5,24026.97,34.69
ITEM000004,ORD00097,PROD0076,2,49997.71,35.14
ITEM000005,ORD00306,PROD0074,2,3268.57,45.44
ITEM000006,ORD00815,PROD0069,2,35067.02,19.69
ITEM000007,ORD00838,PROD0069,5,25993.17,29.24
ITEM000008,ORD00731,PROD0084,1,10452.44,32.93
ITEM000009,ORD00121,PROD0024,5,365.67,22.36
ITEM000010,ORD00322,PROD0016,1,10390.87,8.06
ITEM000011,ORD00576,PROD0033,1,6323.38,14.93
ITEM000012,ORD00990,PROD0070,2,47266.9,0.0
ITEM000013,ORD00308,PROD0006,5,14740.5,26.71
ITEM000014,ORD00144,PROD0074,4,26181.05,49.3
ITEM000015,ORD00361,PROD0078,5,34427.72,33.13
ITEM000016,ORD00046,PROD0031,1,15055.49,41.63
ITEM000017,ORD00981,PROD0018,5,29629.98,13.87
ITEM000018,ORD00747,PROD0080,4,12822.87,19.09
ITEM000019,ORD00926,PROD0021,4,47242.55,33.83
ITEM000020,ORD00963,PROD0089,2,3620.85,36.63
ITEM000021,ORD00649,PROD0090,2,28225.74,32.39
ITEM000022,ORD00524,PROD0078,2,7759.22,49.62
ITEM000023,ORD00445,PROD0049,1,12450.13,13.51
ITEM000024,ORD00545,PROD0015,5,16534.94,4.45
ITEM000025,ORD00932,PROD0043,3,39925.06,13.68
ITEM000026,ORD00101,PROD0049,2,5339.64,46.28
ITEM000027,ORD00180,PROD0068,3,40359.23,4.78
ITEM000028,ORD00358,PROD0090,5,27621.96,30.37
ITEM000029,ORD00919,PROD0007,2,37618.46,9.03
ITEM000030,ORD00826,PROD0095,5,44112.86,20.13
ITEM000031,ORD00607,PROD0017,-3,25726.91,7.77
ITEM000032,ORD00130,PROD0019,4,13441.76,45.92
ITEM000033,ORD00655,PROD0048,2,20970.36,22.89
ITEM000034,ORD00450,PROD0046,4,13863.57,21.39
ITEM000035,ORD00965,PROD0092,2,42910.28,47.37
ITEM000036,ORD00417,PROD0099,3,31770.37,3.83
ITEM000037,ORD00246,PROD0012,2,4320.8,14.29
ITEM000038,ORD00952,PROD0064,1,21256.78,25.43
ITEM000039,ORD00749,PROD0018,4,34287.58,33.84
ITEM000040,ORD00546,PROD0090,1,30852.7,45.54
ITEM000041,ORD00764,PROD0001,4,37508.43,12.21
ITEM000042,ORD00757,PROD0085,5,2213.56,22.43
ITEM000043,ORD00173,PROD0087,5,8823.23,18.35
ITEM000044,ORD00137,PROD0066,3,21193.84,18.95
ITEM000045,ORD00383,PROD0015,3,12563.28,26.96
ITEM000046,ORD00785,PROD0016,3,14747.9,10.65
ITEM000047,ORD00756,PROD0081,5,46160.51,46.46
ITEM000048,ORD00983,PROD0083,5,1867.91,23.15
ITEM000049,ORD00633,PROD0063,1,30814.96,16.43
ITEM000050,ORD00363,PROD0014,1,36149.44,20.1
ITEM000051,ORD00010,PROD0013,4,4328.71,25.72
ITEM000052,ORD00158,PROD0053,1,444.83,38.47
ITEM000053,ORD00257,PROD0029,4,15034.32,21.42
ITEM000054,ORD00187,PROD0069,3,21984.75,41.97
ITEM000055,ORD00166,PROD0018,3,389.93,44.18
ITEM000056,ORD00727,PROD0026,1,2108.79,19.73
ITEM000057,ORD00762,PROD0043,1,10029.7,23.96
ITEM000058,ORD00682,PROD0035,1,27551.17,39.99
ITEM000059,ORD00732,PROD0017,3,39038.84,19.99
ITEM000060,ORD00744,PROD0095,4,47888.16,39.64
ITEM000061,ORD00130,PROD0020,3,38392.51,11.83
ITEM000062,ORD00695,PROD0044,4,36897.83,21.72
ITEM000063,ORD00297,PROD0037,4,21504.7,30.88
ITEM000064,ORD00747,PROD0066,2,38359.71,43.21
ITEM000065,ORD00718,PROD0032,4,35352.4,40.5
ITEM000066,ORD00718,PROD0094,5,9514.58,42.74
ITEM000067,ORD00645,PROD0082,2,6701.56,1.92
ITEM000068,ORD00197,PROD0019,-4,10062.21,43.22
ITEM000069,ORD00390,PROD0053,5,31702.17,11.57
ITEM000070,ORD00345,PROD0055,4,21410.93,2.58
ITEM000071,ORD00113,PROD0035,3,17616.12,20.9
ITEM000072,ORD00328,PROD0007,2,2701.32,37.24
ITEM000073,ORD00218,PROD0037,4,30365.44,21.55
ITEM000074,ORD00259,PROD0063,3,5665.28,33.45
ITEM000075,ORD00700,PROD0071,2,37090.48,18.07
ITEM000076,ORD00798,PROD0076,5,11988.79,13.8
ITEM000077,ORD00599,PROD0050,1,6611.22,37.13
ITEM000078,ORD00124,PROD0006,5,44213.66,40.87
ITEM000079,ORD00198,PROD0091,4,3836.49,27.33
ITEM000080,ORD00352,PROD0039,4,10179.76,36.04
ITEM000081,ORD00045,PROD0017,2,35609.0,44.58
ITEM000082,ORD00778,PROD0072,3,22479.26,35.87
ITEM000083,ORD00933,PROD0056,1,26235.76,47.62
ITEM000084,ORD00810,PROD0003,2,34865.64,6.45
ITEM000085,ORD00047,PROD0073,1,34720.79,37.04
ITEM000086,ORD00408,PROD0064,5,48579.77,8.28
ITEM000087,ORD00769,PROD0066,4,19573.32,30.36
ITEM000088,ORD00212,PROD0024,1,10968.61,34.84
ITEM000089,ORD00901,PROD0066,4,36056.9,12.94
ITEM000090,ORD00873,PROD0029,3,27652.33,8.56
ITEM000091,ORD00047,PROD0069,2,32016.81,47.1
ITEM000092,ORD00285,PROD0018,3,2670.85,49.0
ITEM000093,ORD00844,PROD0027,5,32467.41,31.63
ITEM000094,ORD00996,PROD0048,3,35302.54,27.46
ITEM000095,ORD00740,PROD0018,4,14815.28,49.26
ITEM000096,ORD00641,PROD0002,3,48264.85,8.84
ITEM000097,ORD00995,PROD0003,5,43412.3,46.95
ITEM000098,ORD00598,PROD0014,4,12941.52,31.31
ITEM000099,ORD00619,PROD0071,2,11109.89,13.44
ITEM000100,ORD00596,PROD0081,4,11662.98,36.31
ITEM000101,ORD00378,PROD0019,4,9157.53,9.25
ITEM000102,ORD00884,PROD0023,2,47173.42,9.02
ITEM000103,ORD00289,PROD0003,3,8968.94,19.71
ITEM000104,ORD00623,PROD0025,1,21377.11,22.75
ITEM000105,ORD00661,PROD0052,1,6950.84,37.52
ITEM000106,ORD00013,PROD0078,1,1133.72,41.33
ITEM000107,ORD00782,PROD0083,1,38528.87,13.38
ITEM000108,ORD00962,PROD0081,-5,48321.4,47.88
ITEM000109,ORD00109,PROD0070,3,4339.76,6.96
ITEM000110,ORD00778,PROD0073,4,15438.51,23.95
ITEM000111,ORD00250,PROD0008,5,31411.54,6.15
ITEM000112,ORD00845,PROD0006,1,5218.05,44.32
ITEM000113,ORD00426,PROD0019,1,1297.64,21.36
ITEM000114,ORD00151,PROD0046,3,43961.61,19.24
ITEM000115,ORD00906,PROD0092,1,49539.33,11.23
ITEM000116,ORD00980,PROD0037,3,16752.87,18.02
ITEM000117,ORD00947,PROD0011,1,8985.58,26.52
ITEM000118,ORD00615,PROD0024,4,33396.94,15.08
ITEM000119,ORD00838,PROD0037,3,13627.55,24.96
ITEM000120,ORD00378,PROD0034,1,43099.53,48.9
ITEM000121,ORD00797,PROD0084,2,19590.92,36.07
ITEM000122,ORD00805,PROD0062,1,21429.91,36.34
ITEM000123,ORD00149,PROD0012,3,9175.43,19.25
ITEM000124,ORD00327,PROD0064,4,48645.16,30.09
ITEM000125,ORD00652,PROD0043,2,32732.32,12.3
ITEM000126,ORD00429,PROD0071,4,24680.81,26.81
ITEM000127,ORD00236,PROD0050,1,21149.85,28.89
ITEM000128,ORD00711,PROD0096,2,11836.13,0.14
ITEM000129,ORD00872,PROD0003,3,47885.03,46.05
ITEM000130,ORD00062,PROD0045,3,43351.95,40.95
ITEM000131,ORD00302,PROD0059,2,27619.87,46.57
ITEM000132,ORD00432,PROD0032,2,2887.7,6.89
ITEM000133,ORD00986,PROD0090,2,1414.71,48.25
ITEM000134,ORD00381,PROD0007,1,3781.14,41.87
ITEM000135,ORD00892,PROD0021,1,7149.75,12.25
ITEM000136,ORD00013,PROD0073,4,9202.98,37.18
ITEM000137,ORD00767,PROD0068,3,36155.62,22.2
ITEM000138,ORD00661,PROD0089,1,7878.78,44.06
ITEM000139,ORD00033,PROD0078,2,642.29,41.63
ITEM000140,ORD00697,PROD0059,5,12976.91,28.6
ITEM000141,ORD00314,PROD0091,2,7924.35,48.66
ITEM000142,ORD00535,PROD0049,2,20080.08,2.8
ITEM000143,ORD00402,PROD0024,5,3952.74,34.62
ITEM000144,ORD00489,PROD0041,4,8324.74,40.17
ITEM000145,ORD00663,PROD0055,2,5309.56,18.14
ITEM000146,ORD00798,PROD0043,1,8221.74,5.32
ITEM000147,ORD00217,PROD0077,1,15525.09,27.58
ITEM000148,ORD00654,PROD0005,2,48835.49,28.24
ITEM000149,ORD00578,PROD0062,1,4751.23,15.43
ITEM000150,ORD00366,PROD0097,3,25060.78,15.72
ITEM000151,ORD00401,PROD0093,3,35162.57,4.87
ITEM000152,ORD00418,PROD0095,5,40393.97,7.51
ITEM000153,ORD00602,PROD0049,4,42616.15,14.51
ITEM000154,ORD00156,PROD0088,4,31335.04,47.64
ITEM000155,ORD00238,PROD0028,2,8136.25,48.18
ITEM000156,ORD00529,PROD0094,5,46518.34,17.07
ITEM000157,ORD00805,PROD0017,3,31211.19,47.01
ITEM000158,ORD00041,PROD0092,4,49850.77,30.34
ITEM000159,ORD00982,PROD0020,5,24926.39,40.24
ITEM000160,ORD00147,PROD0099,3,48450.46,39.07
ITEM000161,ORD00090,PROD0064,1,8568.91,14.78
ITEM000162,ORD00070,PROD0036,5,4552.54,8.96
ITEM000163,ORD00791,PROD0059,3,48926.34,38.16
ITEM000164,ORD00453,PROD0084,2,48586.86,24.41
ITEM000165,ORD00373,PROD0037,4,31022.21,34.03
ITEM000166,ORD00452,PROD0047,5,47607.04,18.68
ITEM000167,ORD00699,PROD0053,5,43882.69,49.56
ITEM000168,ORD00044,PROD0080,1,12316.36,41.06
ITEM000169,ORD00009,PROD0020,1,7994.47,19.96
ITEM000170,ORD00075,PROD0029,4,33490.61,17.45
ITEM000171,ORD00480,PROD0083,5,23296.16,4.29
ITEM000172,ORD00750,PROD0014,4,10053.6,16.44
ITEM000173,ORD00325,PROD0044,5,35144.31,23.81
ITEM000174,ORD00286,PROD0059,1,47431.83,7.28
ITEM000175,ORD00219,PROD0041,5,30093.76,19.01
ITEM000176,ORD00959,PROD0047,4,10749.7,10.57
ITEM000177,ORD00024,PROD0098,4,31820.8,4.18
ITEM000178,ORD00071,PROD0036,4,43701.42,22.57
ITEM000179,ORD00430,PROD0068,2,13046.42,41.53
ITEM000180,ORD00095,PROD0055,3,14915.56,9.93
ITEM000181,ORD00965,PROD0054,4,34472.64,8.03
ITEM000182,ORD00714,PROD0056,3,28558.81,41.15
ITEM000183,ORD00575,PROD0077,2,33431.33,30.83
ITEM000184,ORD00332,PROD0086,-3,44835.41,46.69
ITEM000185,ORD00512,PROD0041,1,33729.87,13.14
ITEM000186,ORD00740,PROD0001,4,42877.63,31.71
ITEM000187,ORD00655,PROD0075,1,37310.81,9.38
ITEM000188,ORD00714,PROD0070,2,10885.25,10.49
ITEM000189,ORD00196,PROD0087,5,18575.8,18.19
ITEM000190,ORD00310,PROD0040,5,6324.79,24.96
ITEM000191,ORD00467,PROD0053,4,41426.47,21.29
ITEM000192,ORD00998,PROD0098,3,8873.11,21.42
ITEM000193,ORD00182,PROD0071,5,21850.22,14.25
ITEM000194,ORD00676,PROD0089,4,35134.42,46.9
ITEM000195,ORD00928,PROD0013,1,5280.22,32.48
ITEM000196,ORD00632,PROD0053,1,37611.17,46.36
ITEM000197,ORD00103,PROD0082,4,40312.95,33.39
ITEM000198,ORD00873,PROD0054,2,22786.03,19.05
ITEM000199,ORD00201,PROD0061,1,39708.19,23.2
ITEM000200,ORD00930,PROD0083,-4,18794.73,11.2
ITEM000201,ORD00291,PROD0035,3,45143.39,45.47
ITEM000202,ORD00690,PROD0031,1,20786.38,0.78
ITEM000203,ORD00158,PROD0048,5,30037.29,16.75
ITEM000204,ORD00983,PROD0074,4,48677.17,9.63
ITEM000205,ORD00660,PROD0051,1,28934.9,6.44
ITEM000206,ORD00652,PROD0050,2,15974.43,7.92
ITEM000207,ORD00237,PROD0013,2,31608.91,39.21
ITEM000208,ORD00864,PROD0098,3,8036.75,16.12
ITEM000209,ORD00096,PROD0012,1,31481.82,29.66
ITEM000210,ORD00029,PROD0080,5,4030.75,19.12
ITEM000211,ORD00761,PROD0094,2,31759.71,38.88
ITEM000212,ORD00192,PROD0031,2,26817.32,12.26
ITEM000213,ORD00799,PROD0049,3,13820.74,46.75
ITEM000214,ORD00643,PROD0003,5,5635.48,46.36
ITEM000215,ORD00126,PROD0014,2,44740.78,4.64
ITEM000216,ORD00507,PROD0047,2,24602.74,1.1
ITEM000217,ORD00076,PROD0063,1,21053.37,44.49
ITEM000218,ORD00649,PROD0058,2,606.0,8.93
ITEM000219,ORD00581,PROD0081,5,5948.64,17.14
ITEM000220,ORD00356,PROD0062,5,350.23,26.09
ITEM000221,ORD00261,PROD0016,2,26844.11,25.9
ITEM000222,ORD00780,PROD0020,2,5827.94,10.85
ITEM000223,ORD00336,PROD0018,2,34610.93,6.33
ITEM000224,ORD00281,PROD0062,2,17492.81,27.57
ITEM000225,ORD00302,PROD0060,4,47322.65,46.12
ITEM000226,ORD00257,PROD0023,2,44377.01,14.05
ITEM000227,ORD00403,PROD0014,5,29420.19,8.28
ITEM000228,ORD00211,PROD0093,4,22363.27,29.82
ITEM000229,ORD00279,PROD0041,5,19213.99,9.99
ITEM000230,ORD00362,PROD0048,1,44483.54,47.9
ITEM000231,ORD00260,PROD0076,4,41351.65,32.25
ITEM000232,ORD00989,PROD0068,3,5821.03,40.45
ITEM000233,ORD00440,PROD0024,3,10837.69,18.58
ITEM000234,ORD00149,PROD0100,3,15997.6,0.55
ITEM000235,ORD00337,PROD0028,4,16145.91,11.63
ITEM000236,ORD00068,PROD0050,3,26410.39,5.15
ITEM000237,ORD00285,PROD0092,5,40390.58,33.57
ITEM000238,ORD00588,PROD0083,4,21816.76,40.67
ITEM000239,ORD00203,PROD0026,1,24982.68,49.51
ITEM000240,ORD00432,PROD0016,1,30111.39,29.56
ITEM000241,ORD00243,PROD0074,1,32218.96,42.81
ITEM000242,ORD00005,PROD0060,3,48345.99,1.85
ITEM000243,ORD00547,PROD0068,1,911.99,23.49
ITEM000244,ORD00850,PROD0054,3,37709.24,20.02
ITEM000245,ORD00570,PROD0100,3,2448.93,14.92
ITEM000246,ORD00466,PROD0064,1,46891.42,5.14
ITEM000247,ORD00230,PROD0007,1,49677.66,43.07
ITEM000248,ORD00742,PROD0056,2,9638.87,45.11
ITEM000249,ORD00378,PROD0069,1,43413.94,12.98
ITEM000250,ORD00804,PROD0006,1,15284.08,13.19
ITEM000251,ORD00705,PROD0079,4,8599.9,6.89
ITEM000252,ORD00472,PROD0016,2,7485.27,29.21
ITEM000253,ORD00871,PROD0053,4,26136.01,12.03
ITEM000254,ORD00490,PROD0085,4,16163.38,36.54
ITEM000255,ORD00232,PROD0012,3,35597.93,17.65
ITEM000256,ORD00856,PROD0032,2,3849.71,24.73
ITEM000257,ORD00218,PROD0002,2,19314.51,24.38
ITEM000258,ORD00349,PROD0027,5,25744.97,15.67
ITEM000259,ORD00968,PROD0040,4,42405.57,5.28
ITEM000260,ORD00134,PROD0029,3,22676.35,31.02
ITEM000261,ORD00208,PROD0100,4,13964.14,8.21
ITEM000262,ORD00315,PROD0074,1,43822.19,37.25
ITEM000263,ORD00247,PROD0003,4,1526.45,33.09
ITEM000264,ORD00464,PROD0046,3,27560.18,17.72
ITEM000265,ORD00218,PROD0020,4,25445.55,2.66
ITEM000266,ORD00280,PROD0048,1,19187.87,46.4
ITEM000267,ORD00199,PROD0038,2,29743.05,26.48
ITEM000268,ORD00506,PROD0067,4,2588.59,12.45
ITEM000269,ORD00114,PROD0029,1,1880.83,13.31
ITEM000270,ORD00068,PROD0069,1,44141.75,34.98
ITEM000271,ORD00415,PROD0051,4,36722.83,43.98
ITEM000272,ORD00275,PROD0064,2,10258.42,31.84
ITEM000273,ORD00723,PROD0077,3,4802.7,25.16
ITEM000274,ORD00718,PROD0080,4,42642.94,34.4
ITEM000275,ORD00175,PROD0041,1,16674.55,22.76
ITEM000276,ORD00986,PROD0002,4,1139.26,48.72
ITEM000277,ORD00903,PROD0010,2,42669.17,29.7
ITEM000278,ORD00993,PROD0061,-5,43673.61,23.63
ITEM000279,ORD00047,PROD0003,5,14603.86,11.41
ITEM000280,ORD00516,PROD0022,2,5089.62,40.19
ITEM000281,ORD00344,PROD0058,4,49490.68,12.87
ITEM000282,ORD00499,PROD0033,3,41404.7,15.06
ITEM000283,ORD00342,PROD0067,5,13569.88,25.97
ITEM000284,ORD00656,PROD0003,2,42827.65,32.97
ITEM000285,ORD00146,PROD0046,4,28921.45,34.79
ITEM000286,ORD00442,PROD0047,2,9772.72,47.74
ITEM000287,ORD00655,PROD0014,3,33972.2,44.96
ITEM000288,ORD00461,PROD0068,2,33985.41,44.4
ITEM000289,ORD00401,PROD0076,4,13884.73,9.53
ITEM000290,ORD00594,PROD0067,3,6235.77,39.77
ITEM000291,ORD00581,PROD0045,3,515.91,46.36
ITEM000292,ORD00151,PROD0060,2,14560.11,27.91
ITEM000293,ORD00167,PROD0039,4,40009.27,0.78
ITEM000294,ORD00042,PROD0028,3,6259.44,24.42
ITEM000295,ORD00006,PROD0056,3,132.02,12.57
ITEM000296,ORD00359,PROD0037,5,38467.38,7.75
ITEM000297,ORD00089,PROD0092,3,36679.35,21.6
ITEM000298,ORD00941,PROD0011,3,23711.57,17.73
ITEM000299,ORD00832,PROD0087,4,48348.65,4.91
ITEM000300,ORD00268,PROD0039,5,28238.99,33.95
ITEM000301,ORD00331,PROD0075,2,10055.38,6.78
ITEM000302,ORD00568,PROD0026,3,14936.97,46.36
ITEM000303,ORD00473,PROD0070,2,43808.48,21.84
ITEM000304,ORD00142,PROD0068,4,25240.38,34.26
ITEM000305,ORD00367,PROD0060,3,21083.23,20.51
ITEM000306,ORD00029,PROD0072,1,21103.84,37.79
ITEM000307,ORD00630,PROD0039,2,18718.25,31.04
ITEM000308,ORD00922,PROD0073,3,42270.86,6.3
ITEM000309,ORD00687,PROD0001,4,43758.05,23.01
ITEM000310,ORD00056,PROD0011,1,49310.06,5.35
ITEM000311,ORD00609,PROD0013,3,34560.59,43.22
ITEM000312,ORD00125,PROD0095,5,36994.23,2.65
ITEM000313,ORD00210,PROD0067,2,48367.2,6.82
ITEM000314,ORD00917,PROD0087,2,15613.45,49.46
ITEM000315,ORD00007,PROD0063,5,5823.97,0.0
ITEM000316,ORD00619,PROD0016,5,10294.25,23.69
ITEM000317,ORD00853,PROD0065,4,46309.62,15.0
ITEM000318,ORD00496,PROD0024,2,27381.29,41.08
ITEM000319,ORD00698,PROD0057,5,7397.69,1.08
ITEM000320,ORD00146,PROD0096,2,37109.07,27.33
ITEM000321,ORD00488,PROD0062,3,5090.98,29.44
ITEM000322,ORD00377,PROD0086,3,34912.87,5.37
ITEM000323,ORD00427,PROD0055,-2,22908.41,28.21
ITEM000324,ORD00012,PROD0075,3,32556.07,32.86
ITEM000325,ORD00456,PROD0006,3,23448.56,36.15
ITEM000326,ORD00284,PROD0002,2,42806.39,25.16
ITEM000327,ORD00358,PROD0091,5,3232.01,32.8
ITEM000328,ORD00361,PROD0084,5,35787.6,39.33
ITEM000329,ORD00286,PROD0098,3,3503.68,41.97
ITEM000330,ORD00496,PROD0049,4,9100.69,35.43
ITEM000331,ORD00520,PROD0100,5,34918.66,29.44
ITEM000332,ORD00595,PROD0045,5,20248.32,2.25
ITEM000333,ORD00873,PROD0094,2,33296.52,24.97
ITEM000334,ORD00696,PROD0061,3,49068.29,40.43
ITEM000335,ORD00751,PROD0031,1,8782.5,44.62
ITEM000336,ORD00774,PROD0054,1,12599.14,1.87
ITEM000337,ORD00768,PROD0010,4,30366.01,42.03
ITEM000338,ORD00946,PROD0023,3,22530.53,6.66
ITEM000339,ORD00653,PROD0074,5,12699.5,21.88
ITEM000340,ORD00293,PROD0029,2,21759.74,26.43
ITEM000341,ORD00809,PROD0025,1,31492.87,33.43
ITEM000342,ORD00209,PROD0005,2,18042.09,20.4
ITEM000343,ORD00560,PROD0010,3,36525.86,45.55
ITEM000344,ORD00658,PROD0068,4,10452.99,41.38
ITEM000345,ORD00513,PROD0046,3,27979.0,6.89
ITEM000346,ORD00069,PROD0057,4,43711.45,28.46
ITEM000347,ORD00131,PROD0067,3,24985.74,2.57
ITEM000348,ORD00554,PROD0043,1,47036.81,46.11
ITEM000349,ORD00258,PROD0050,3,43586.52,48.41
ITEM000350,ORD00077,PROD0069,5,25936.21,30.56
ITEM000351,ORD00320,PROD0052,5,34906.14,5.54
ITEM000352,ORD00483,PROD0034,1,21128.14,10.03
ITEM000353,ORD00910,PROD0098,1,27399.66,36.69
ITEM000354,ORD00947,PROD0097,1,3738.3,47.4
ITEM000355,ORD00927,PROD0079,1,3631.08,20.81
ITEM000356,ORD00758,PROD0079,1,23990.7,6.47
ITEM000357,ORD00741,PROD0006,1,25429.45,32.52
ITEM000358,ORD00442,PROD0062,3,43834.85,11.39
ITEM000359,ORD00954,PROD0008,1,40587.02,26.71
ITEM000360,ORD00881,PROD0049,1,2701.81,38.28
ITEM000361,ORD00713,PROD0017,4,27522.29,5.78
ITEM000362,ORD00121,PROD0079,3,17221.97,45.9
ITEM000363,ORD00244,PROD0030,1,11433.58,37.37
ITEM000364,ORD00910,PROD0069,5,40108.18,43.66
ITEM000365,ORD00256,PROD0008,1,21983.94,14.13
ITEM000366,ORD00322,PROD0045,5,12287.79,14.62
ITEM000367,ORD00621,PROD0051,4,32863.86,3.82
ITEM000368,ORD00961,PROD0070,2,36787.41,17.85
ITEM000369,ORD00938,PROD0029,4,47077.21,39.01
ITEM000370,ORD00300,PROD0084,2,13450.01,34.89
ITEM000371,ORD00516,PROD0014,1,20600.61,47.53
ITEM000372,ORD00498,PROD0036,1,6942.86,48.8
ITEM000373,ORD00237,PROD0040,5,18682.26,40.82
ITEM000374,ORD00146,PROD0005,2,32530.41,22.69
ITEM000375,ORD00117,PROD0003,4,13587.9,29.41
ITEM000376,ORD00308,PROD0011,1,30526.41,24.77
ITEM000377,ORD00884,PROD0049,4,11299.98,18.97
ITEM000378,ORD00676,PROD0056,5,15326.89,27.08
ITEM000379,ORD00357,PROD0004,5,16877.29,41.41
ITEM000380,ORD00269,PROD0097,5,1464.52,36.29
ITEM000381,ORD00637,PROD0056,4,46435.47,37.62
ITEM000382,ORD00827,PROD0014,5,36092.72,33.9
ITEM000383,ORD00880,PROD0069,4,35989.09,38.45
ITEM000384,ORD00267,PROD0021,4,49631.39,11.91
ITEM000385,ORD00930,PROD0002,3,47553.26,4.28
ITEM000386,ORD00256,PROD0099,5,28597.02,1.93
ITEM000387,ORD00281,PROD0047,3,39143.07,40.51
ITEM000388,ORD00623,PROD0002,1,33072.75,41.8
ITEM000389,ORD00868,PROD0023,4,22051.47,23.32
ITEM000390,ORD00990,PROD0046,4,27874.76,20.43
ITEM000391,ORD00594,PROD0011,3,27617.25,47.66
ITEM000392,ORD00452,PROD0024,3,13879.6,43.45
ITEM000393,ORD00131,PROD0030,2,30935.67,2.48
ITEM000394,ORD00118,PROD0084,1,25385.29,22.02
ITEM000395,ORD00325,PROD0006,5,3134.56,35.73
ITEM000396,ORD00266,PROD0033,1,42888.77,17.67
ITEM000397,ORD00736,PROD0006,5,5547.26,25.35
ITEM000398,ORD00116,PROD0066,1,16356.87,18.57
ITEM000399,ORD00843,PROD0088,4,21381.12,14.15
ITEM000400,ORD00026,PROD0042,5,16815.79,20.41
ITEM000401,ORD00668,PROD0048,4,14773.75,1.56
ITEM000402,ORD00378,PROD0006,3,45602.45,1.28
ITEM000403,ORD00624,PROD0028,3,39065.6,25.41
ITEM000404,ORD00596,PROD0092,3,19004.1,29.13
ITEM000405,ORD00673,PROD0093,2,49891.26,3.92
ITEM000406,ORD00080,PROD0029,5,28764.52,27.41
ITEM000407,ORD00429,PROD0069,1,26435.04,2.57
ITEM000408,ORD00484,PROD0085,5,15915.27,9.75
ITEM000409,ORD00590,PROD0038,2,39970.4,48.87
ITEM000410,ORD00237,PROD0059,3,5859.3,12.05
ITEM000411,ORD00751,PROD0053,3,28066.81,3.82
ITEM000412,ORD00371,PROD0084,4,22503.5,20.94
ITEM000413,ORD00584,PROD0017,5,45472.36,33.71
ITEM000414,ORD00682,PROD0018,5,14415.57,15.69
ITEM000415,ORD00084,PROD0053,4,7505.09,24.71
ITEM000416,ORD00903,PROD0099,2,43832.64,0.78
ITEM000417,ORD00124,PROD0054,3,35597.96,23.49
ITEM000418,ORD00104,PROD0017,1,1294.18,8.35
ITEM000419,ORD00075,PROD0017,5,45939.29,45.21
ITEM000420,ORD00363,PROD0017,4,12147.6,14.67
ITEM000421,ORD00345,PROD0044,5,5477.81,36.11
ITEM000422,ORD00076,PROD0095,3,45542.64,31.54
ITEM000423,ORD00759,PROD0056,3,35035.67,36.67
ITEM000424,ORD00742,PROD0099,5,46837.41,4.19
ITEM000425,ORD00918,PROD0001,5,33727.96,22.68
ITEM000426,ORD00329,PROD0057,2,29445.24,47.24
ITEM000427,ORD00100,PROD0030,3,2509.57,25.88
ITEM000428,ORD00538,PROD0075,5,21391.81,16.14
ITEM000429,ORD00327,PROD0097,2,2192.53,47.25
ITEM000430,ORD00904,PROD0094,2,13984.99,43.98
ITEM000431,ORD00322,PROD0013,3,6015.7,13.69
ITEM000432,ORD00450,PROD0029,2,45892.88,49.44
ITEM000433,ORD00772,PROD0014,2,7136.06,10.34
ITEM000434,ORD00859,PROD0066,-2,45136.81,47.99
ITEM000435,ORD00553,PROD0069,-2,41641.97,1.29
ITEM000436,ORD00209,PROD0037,5,22296.75,6.31
ITEM000437,ORD00465,PROD0038,1,45967.27,6.0
ITEM000438,ORD00911,PROD0056,4,43238.69,49.65
ITEM000439,ORD00750,PROD0086,1,40201.69,37.21
ITEM000440,ORD00228,PROD0094,1,25402.3,13.81
ITEM000441,ORD00646,PROD0095,5,3797.02,34.4
ITEM000442,ORD00914,PROD0005,4,35284.67,26.06
ITEM000443,ORD00195,PROD0072,1,31401.52,12.3
ITEM000444,ORD00601,PROD0049,2,13337.77,7.57
ITEM000445,ORD00834,PROD0024,4,10008.79,43.79
ITEM000446,ORD00974,PROD0067,-2,3456.34,27.89
ITEM000447,ORD00214,PROD0091,2,34430.28,30.67
ITEM000448,ORD00647,PROD0075,2,24263.23,32.85
ITEM000449,ORD00185,PROD0039,2,33431.99,24.51
ITEM000450,ORD00646,PROD0051,5,24099.86,4.83
ITEM000451,ORD00116,PROD0097,3,22413.93,12.37
ITEM000452,ORD00436,PROD0015,2,16013.41,5.68
ITEM000453,ORD00714,PROD0051,2,24238.56,40.24
ITEM000454,ORD00501,PROD0077,4,1545.23,13.4
ITEM000455,ORD00221,PROD0053,1,16227.28,33.75
ITEM000456,ORD00422,PROD0051,4,13108.9,2.73
ITEM000457,ORD00498,PROD0094,2,40944.38,15.43
ITEM000458,ORD00420,PROD0029,5,26847.05,38.98
ITEM000459,ORD00113,PROD0079,5,30287.56,1.0
ITEM000460,ORD00740,PROD0003,4,35266.05,45.61
ITEM000461,ORD00786,PROD0099,5,2555.84,10.52
ITEM000462,ORD00549,PROD0026,2,19836.76,35.89
ITEM000463,ORD00298,PROD0021,3,10859.19,36.67
ITEM000464,ORD00963,PROD0002,1,37780.58,26.33
ITEM000465,ORD00514,PROD0051,4,14226.18,1.21
ITEM000466,ORD00647,PROD0099,2,37520.78,40.65
ITEM000467,ORD00387,PROD0084,4,37052.23,13.5
ITEM000468,ORD00087,PROD0010,1,35204.11,36.63
ITEM000469,ORD00021,PROD0002,5,7677.19,36.79
ITEM000470,ORD00812,PROD0051,2,42979.22,39.24
ITEM000471,ORD00436,PROD0066,1,22999.39,4.98
ITEM000472,ORD00993,PROD0084,5,14632.81,4.65
ITEM000473,ORD00991,PROD0053,5,14292.71,35.14
ITEM000474,ORD00519,PROD0032,-4,24902.04,19.68
ITEM000475,ORD00382,PROD0098,5,22668.29,28.89
ITEM000476,ORD00026,PROD0051,2,23892.64,5.45
ITEM000477,ORD00319,PROD0043,2,48793.29,4.77
ITEM000478,ORD00174,PROD0027,4,4286.05,20.16
ITEM000479,ORD00859,PROD0061,5,28375.3,11.62
ITEM000480,ORD00786,PROD0064,3,37051.51,41.72
ITEM000481,ORD00038,PROD0042,5,43584.25,13.41
ITEM000482,ORD00215,PROD0097,5,27324.88,15.65
ITEM000483,ORD00668,PROD0031,3,24201.52,27.74
ITEM000484,ORD00758,PROD0094,1,21342.53,3.88
ITEM000485,ORD00131,PROD0097,1,37432.62,8.31
ITEM000486,ORD00449,PROD0015,1,24809.71,31.31
ITEM000487,ORD00538,PROD0063,2,27399.54,19.97
ITEM000488,ORD00304,PROD0016,4,36025.16,44.01
ITEM000489,ORD00278,PROD0067,3,18644.43,32.51
ITEM000490,ORD00145,PROD0038,5,40160.41,47.6
ITEM000491,ORD00381,PROD0067,5,23197.72,46.81
ITEM000492,ORD00950,PROD0096,2,35782.56,23.69
ITEM000493,ORD00326,PROD0054,2,3445.7,48.85
ITEM000494,ORD00320,PROD0090,2,4783.01,22.93
ITEM000495,ORD00097,PROD0008,5,7907.01,17.52
ITEM000496,ORD00573,PROD0029,3,46401.19,13.73
ITEM000497,ORD00841,PROD0055,5,18427.01,38.35
ITEM000498,ORD00957,PROD0033,5,33002.44,3.87
ITEM000499,ORD00157,PROD0014,2,13220.59,5.12
ITEM000500,ORD00817,PROD0067,5,19209.03,28.78
ITEM000501,ORD00874,PROD0076,5,40384.25,43.57
ITEM000502,ORD00685,PROD0061,2,39189.91,49.45
ITEM000503,ORD00094,PROD0079,2,23825.65,0.01
ITEM000504,ORD00080,PROD0007,2,22040.48,33.24
ITEM000505,ORD00335,PROD0039,5,12114.57,19.66
ITEM000506,ORD00793,PROD0050,4,41948.61,15.85
ITEM000507,ORD00081,PROD0078,2,47279.95,41.68
ITEM000508,ORD00729,PROD0019,4,24555.67,39.45
ITEM000509,ORD00702,PROD0016,5,32639.4,8.9
ITEM000510,ORD00887,PROD0047,4,17364.98,21.2
ITEM000511,ORD00632,PROD0072,2,9032.38,37.38
ITEM000512,ORD00011,PROD0026,4,9824.94,29.31
ITEM000513,ORD00337,PROD0013,3,25189.39,0.65
ITEM000514,ORD00280,PROD0005,3,19974.87,49.79
ITEM000515,ORD00722,PROD0033,3,48559.92,41.17
ITEM000516,ORD00884,PROD0092,4,31648.78,24.52
ITEM000517,ORD00485,PROD0096,5,2005.86,1.44
ITEM000518,ORD00916,PROD0092,2,8927.69,42.55
ITEM000519,ORD00085,PROD0054,1,31910.16,3.12
ITEM000520,ORD00100,PROD0070,3,9789.7,30.7
ITEM000521,ORD00018,PROD0043,3,8543.76,49.31
ITEM000522,ORD00740,PROD0047,-5,33258.32,20.82
ITEM000523,ORD00684,PROD0086,1,41269.87,25.08
ITEM000524,ORD00747,PROD0035,1,2320.97,30.43
ITEM000525,ORD00706,PROD0065,4,37366.74,41.89
ITEM000526,ORD00004,PROD0040,3,5973.96,23.31
ITEM000527,ORD00857,PROD0090,1,23203.97,5.81
ITEM000528,ORD00093,PROD0024,1,29598.31,48.29
ITEM000529,ORD00786,PROD0022,1,18789.02,4.06
ITEM000530,ORD00742,PROD0032,3,32151.64,45.07
ITEM000531,ORD00196,PROD0096,2,19027.59,14.35
ITEM000532,ORD00286,PROD0018,5,11375.42,9.41
ITEM000533,ORD00905,PROD0026,2,13041.77,21.98
ITEM000534,ORD00095,PROD0063,3,17508.07,32.09
ITEM000535,ORD00461,PROD0081,2,41752.74,19.28
ITEM000536,ORD00551,PROD0073,2,21749.28,32.3
ITEM000537,ORD00699,PROD0037,2,48427.67,27.58
ITEM000538,ORD00761,PROD0035,1,10615.03,10.91
ITEM000539,ORD00268,PROD0005,1,31592.57,23.76
ITEM000540,ORD00479,PROD0076,3,18957.72,29.42
ITEM000541,ORD00035,PROD0042,1,43479.52,0.39
ITEM000542,ORD00432,PROD0061,3,45158.7,9.36
ITEM000543,ORD00367,PROD0040,2,9389.42,1.09
ITEM000544,ORD00829,PROD0079,4,34755.47,36.55
ITEM000545,ORD00485,PROD0032,3,30087.0,24.13
ITEM000546,ORD00411,PROD0039,1,43883.89,38.16
ITEM000547,ORD00923,PROD0065,1,38726.22,47.7
ITEM000548,ORD00411,PROD0076,1,8402.6,15.03
ITEM000549,ORD00612,PROD0090,5,48624.14,37.59
ITEM000550,ORD00134,PROD0085,3,2784.62,4.52
ITEM000551,ORD00812,PROD0099,2,22989.8,8.27
ITEM000552,ORD00001,PROD0085,2,8686.21,15.38
ITEM000553,ORD00190,PROD0031,2,36234.31,7.71
ITEM000554,ORD00569,PROD0100,-3,8050.56,5.0
ITEM000555,ORD00564,PROD0088,4,45650.37,33.42
ITEM000556,ORD00852,PROD0060,2,4881.66,6.43
ITEM000557,ORD00782,PROD0018,4,44911.26,40.99
ITEM000558,ORD00748,PROD0055,5,3675.67,24.42
ITEM000559,ORD00759,PROD0076,1,30465.26,38.39
ITEM000560,ORD00378,PROD0047,3,179.42,29.96
ITEM000561,ORD00408,PROD0010,2,9479.73,10.56
ITEM000562,ORD00446,PROD0012,3,9075.79,7.54
ITEM000563,ORD00319,PROD0050,4,47929.79,21.09
ITEM000564,ORD00168,PROD0051,5,23299.64,4.13
ITEM000565,ORD00703,PROD0094,1,20283.23,40.35
ITEM000566,ORD00165,PROD0041,2,19261.12,22.73
ITEM000567,ORD00498,PROD0084,4,2820.11,21.25
ITEM000568,ORD00760,PROD0082,1,40140.68,22.51
ITEM000569,ORD00382,PROD0100,4,42224.0,48.59
ITEM000570,ORD00115,PROD0023,4,19235.24,33.74
ITEM000571,ORD00154,PROD0001,3,35407.48,12.89
ITEM000572,ORD00528,PROD0079,4,23291.68,1.99
ITEM000573,ORD00889,PROD0063,4,44469.38,34.32
ITEM000574,ORD00259,PROD0055,3,38365.0,1.18
ITEM000575,ORD00274,PROD0023,3,974.2,16.23
ITEM000576,ORD00652,PROD0005,5,36622.03,26.56
ITEM000577,ORD00406,PROD0032,2,4819.17,36.34
ITEM000578,ORD00649,PROD0064,4,17334.78,22.9
ITEM000579,ORD00633,PROD0032,5,2127.98,16.33
ITEM000580,ORD00040,PROD0019,5,31926.94,44.1
ITEM000581,ORD00392,PROD0066,1,31873.38,15.1
ITEM000582,ORD00411,PROD0003,2,12917.21,32.64
ITEM000583,ORD00905,PROD0011,4,39702.88,28.54
ITEM000584,ORD00311,PROD0079,5,39706.8,34.71
ITEM000585,ORD00051,PROD0048,5,38059.88,21.85
ITEM000586,ORD00765,PROD0089,2,33604.84,30.23
ITEM000587,ORD00932,PROD0024,3,20418.42,0.94
ITEM000588,ORD00425,PROD0085,2,23175.82,39.51
ITEM000589,ORD00651,PROD0041,1,1001.84,16.23
ITEM000590,ORD00066,PROD0079,3,30504.88,23.03
ITEM000591,ORD00431,PROD0082,5,19513.07,46.49
ITEM000592,ORD00013,PROD0044,3,41149.17,7.59
ITEM000593,ORD00875,PROD0096,4,34916.5,33.65
ITEM000594,ORD00262,PROD0052,1,28608.53,3.93
ITEM000595,ORD00499,PROD0072,3,37425.74,26.48
ITEM000596,ORD00312,PROD0038,3,23422.27,7.8
ITEM000597,ORD00599,PROD0022,5,21633.39,49.79
ITEM000598,ORD00024,PROD0097,3,24588.77,11.74
ITEM000599,ORD00944,PROD0069,2,47446.07,6.17
ITEM000600,ORD00406,PROD0028,2,28580.18,8.93
ITEM000601,ORD00163,PROD0099,4,17666.03,10.89
ITEM000602,ORD00923,PROD0077,3,18222.42,5.28
ITEM000603,ORD00906,PROD0088,3,26672.17,11.25
ITEM000604,ORD00414,PROD0064,4,46235.06,7.85
ITEM000605,ORD00895,PROD0023,4,26680.02,16.7
ITEM000606,ORD00476,PROD0084,2,5006.32,29.01
ITEM000607,ORD00429,PROD0054,4,1549.15,11.21
ITEM000608,ORD00625,PROD0080,5,30018.45,36.61
ITEM000609,ORD00969,PROD0003,3,8406.3,31.27
ITEM000610,ORD00701,PROD0012,-3,30107.0,39.49
ITEM000611,ORD00399,PROD0071,5,42530.42,8.07
ITEM000612,ORD00378,PROD0093,2,46863.33,46.07
ITEM000613,ORD00331,PROD0017,3,1641.4,28.88
ITEM000614,ORD00471,PROD0032,5,12169.99,8.84
ITEM000615,ORD00473,PROD0065,1,41909.98,43.6
ITEM000616,ORD00931,PROD0021,2,48127.45,0.34
ITEM000617,ORD00034,PROD0088,4,49777.17,43.11
ITEM000618,ORD00073,PROD0054,3,26913.34,35.79
ITEM000619,ORD00622,PROD0083,5,21982.2,41.39
ITEM000620,ORD00062,PROD0038,4,36285.01,2.0
ITEM000621,ORD00410,PROD0092,5,22058.29,39.37
ITEM000622,ORD00107,PROD0019,3,29032.62,39.58
ITEM000623,ORD00740,PROD0022,3,17057.75,45.65
ITEM000624,ORD00815,PROD0062,2,16568.28,34.69
ITEM000625,ORD00470,PROD0091,4,37873.33,17.12
ITEM000626,ORD00706,PROD0057,3,35008.13,28.41
ITEM000627,ORD00609,PROD0005,2,14492.68,11.05
ITEM000628,ORD00380,PROD0073,3,15402.47,35.79
ITEM000629,ORD00582,PROD0082,3,22049.13,14.74
ITEM000630,ORD00762,PROD0089,2,14687.41,19.21
ITEM000631,ORD00653,PROD0030,1,29203.2,7.42
ITEM000632,ORD00013,PROD0034,3,37298.32,49.81
ITEM000633,ORD00416,PROD0062,5,48622.93,32.19
ITEM000634,ORD00602,PROD0065,3,18961.14,46.3
ITEM000635,ORD00664,PROD0022,5,24251.52,18.99
ITEM000636,ORD00685,PROD0009,3,10400.82,7.5
ITEM000637,ORD00624,PROD0100,1,17889.42,22.97
ITEM000638,ORD00935,PROD0082,1,42302.72,39.15
ITEM000639,ORD00537,PROD0030,2,1738.74,31.32
ITEM000640,ORD00975,PROD0043,5,27708.9,26.74
ITEM000641,ORD00760,PROD0069,1,2893.14,28.34
ITEM000642,ORD00254,PROD0032,3,9215.96,46.82
ITEM000643,ORD00879,PROD0032,2,22857.7,2.01
ITEM000644,ORD00624,PROD0035,5,37181.21,36.67
ITEM000645,ORD00940,PROD0009,2,3137.17,11.38
ITEM000646,ORD00600,PROD0098,5,5003.68,44.08
ITEM000647,ORD00053,PROD0041,1,5908.68,4.17
ITEM000648,ORD00203,PROD0013,5,29954.86,15.0
ITEM000649,ORD00010,PROD0075,4,5665.04,44.33
ITEM000650,ORD00797,PROD0083,2,31783.13,37.78
ITEM000651,ORD00001,PROD0033,4,24681.0,8.83
ITEM000652,ORD00520,PROD0062,5,32299.45,13.21
ITEM000653,ORD00545,PROD0032,3,28107.09,15.44
ITEM000654,ORD00451,PROD0015,2,16028.46,48.72
ITEM000655,ORD00482,PROD0064,2,38045.85,33.65
ITEM000656,ORD00097,PROD0057,3,26975.65,9.13
ITEM000657,ORD00798,PROD0014,2,25138.81,16.0
ITEM000658,ORD00544,PROD0061,1,46384.82,10.51
ITEM000659,ORD00689,PROD0020,3,38343.23,39.29
ITEM000660,ORD00873,PROD0021,5,16351.49,25.82
ITEM000661,ORD00486,PROD0084,5,39009.77,13.47
ITEM000662,ORD00956,PROD0034,4,41738.51,18.54
ITEM000663,ORD00314,PROD0043,3,15835.8,15.4
ITEM000664,ORD00577,PROD0051,-4,47005.37,2.77
ITEM000665,ORD00419,PROD0046,2,38375.73,0.97
ITEM000666,ORD00722,PROD0026,2,12870.87,41.63
ITEM000667,ORD00025,PROD0042,4,16351.69,28.0
ITEM000668,ORD00205,PROD0028,5,42834.53,5.34
ITEM000669,ORD00249,PROD0021,3,47080.56,29.65
ITEM000670,ORD00975,PROD0006,4,45453.48,24.35
ITEM000671,ORD00287,PROD0078,5,5161.85,31.98
ITEM000672,ORD00283,PROD0069,3,14283.34,23.59
ITEM000673,ORD00902,PROD0096,1,38784.62,20.69
ITEM000674,ORD00156,PROD0020,5,10079.72,4.4
ITEM000675,ORD00252,PROD0042,5,33068.47,27.83
ITEM000676,ORD00837,PROD0038,1,38518.3,43.54
ITEM000677,ORD00717,PROD0092,3,18125.36,38.64
ITEM000678,ORD00766,PROD0028,2,11461.35,18.11
ITEM000679,ORD00204,PROD0087,3,37407.75,1.16
ITEM000680,ORD00123,PROD0083,4,40322.63,39.9
ITEM000681,ORD00852,PROD0068,1,25661.86,0.81
ITEM000682,ORD00448,PROD0005,5,16420.79,26.94
ITEM000683,ORD00290,PROD0074,3,36748.25,28.27
ITEM000684,ORD00998,PROD0072,1,39949.69,42.31
ITEM000685,ORD00090,PROD0074,4,49648.19,37.6
ITEM000686,ORD00786,PROD0088,4,23339.19,44.47
ITEM000687,ORD00757,PROD0020,3,32427.21,16.99
ITEM000688,ORD00541,PROD0100,4,20133.16,14.69
ITEM000689,ORD00639,PROD0050,-1,16186.98,7.52
ITEM000690,ORD00877,PROD0029,5,16398.3,22.89
ITEM000691,ORD00682,PROD0026,5,44672.85,35.75
ITEM000692,ORD00591,PROD0020,2,10386.59,9.08
ITEM000693,ORD00027,PROD0069,5,2068.68,6.37
ITEM000694,ORD00357,PROD0009,3,46430.43,32.91
ITEM000695,ORD00207,PROD0039,2,13626.79,46.82
ITEM000696,ORD00223,PROD0099,-3,43894.12,47.22
ITEM000697,ORD00127,PROD0049,1,37222.72,37.0
ITEM000698,ORD00390,PROD0007,4,10012.02,38.55
ITEM000699,ORD00605,PROD0016,1,25384.5,28.92
ITEM000700,ORD00529,PROD0016,2,6105.88,24.46
ITEM000701,ORD00620,PROD0046,3,10595.34,4.54
ITEM000702,ORD00520,PROD0047,4,5688.42,22.85
ITEM000703,ORD00008,PROD0049,4,42888.9,17.73
ITEM000704,ORD00969,PROD0040,1,42405.63,15.03
ITEM000705,ORD00719,PROD0011,4,890.92,48.21
ITEM000706,ORD00748,PROD0083,3,42386.0,8.87
ITEM000707,ORD00010,PROD0017,5,34784.0,38.11
ITEM000708,ORD00063,PROD0077,2,33081.51,18.59
ITEM000709,ORD00425,PROD0021,4,46820.95,48.27
ITEM000710,ORD00760,PROD0086,2,46255.23,39.33
ITEM000711,ORD00031,PROD0064,2,31303.09,45.45
ITEM000712,ORD00272,PROD0080,-3,1388.92,1.42
ITEM000713,ORD00482,PROD0005,2,2420.32,18.85
ITEM000714,ORD00613,PROD0093,5,5095.75,17.43
ITEM000715,ORD00229,PROD0012,4,5709.29,23.78
ITEM000716,ORD00426,PROD0069,4,30203.23,31.84
ITEM000717,ORD00319,PROD0061,4,12917.39,16.14
ITEM000718,ORD00553,PROD0047,5,4910.27,24.64
ITEM000719,ORD00852,PROD0074,2,25785.23,40.27
ITEM000720,ORD00147,PROD0029,1,35891.68,14.11
ITEM000721,ORD00630,PROD0014,2,9312.88,32.97
ITEM000722,ORD00337,PROD0091,4,26043.85,28.86
ITEM000723,ORD00905,PROD0035,2,18801.06,7.26
ITEM000724,ORD00755,PROD0005,4,39730.32,48.98
ITEM000725,ORD00015,PROD0019,1,11967.68,19.84
ITEM000726,ORD00012,PROD0074,4,17260.7,31.44
ITEM000727,ORD00837,PROD0074,4,10820.33,31.07
ITEM000728,ORD00559,PROD0057,1,32807.48,25.72
ITEM000729,ORD00346,PROD0044,2,40368.73,24.37
ITEM000730,ORD00563,PROD0059,1,17184.51,25.95
ITEM000731,ORD00065,PROD0047,4,48241.2,6.31
ITEM000732,ORD00233,PROD0059,1,35663.5,6.31
ITEM000733,ORD00356,PROD0040,4,49217.15,4.15
ITEM000734,ORD00888,PROD0065,2,47068.36,49.93
ITEM000735,ORD00200,PROD0019,2,10013.99,37.23
ITEM000736,ORD00539,PROD0077,2,26575.02,2.35
ITEM000737,ORD00546,PROD0047,5,47363.46,26.54
ITEM000738,ORD00384,PROD0021,1,31781.88,42.95
ITEM000739,ORD00232,PROD0097,2,47761.01,21.2
ITEM000740,ORD00208,PROD0036,1,47450.07,14.82
ITEM000741,ORD00923,PROD0067,4,23453.41,6.81
ITEM000742,ORD00961,PROD0039,1,35446.22,33.41
ITEM000743,ORD00214,PROD0094,5,3434.06,37.76
ITEM000744,ORD00144,PROD0019,4,38253.19,40.35
ITEM000745,ORD00974,PROD0032,4,32339.62,19.55
ITEM000746,ORD00199,PROD0032,3,48171.53,13.81
ITEM000747,ORD00915,PROD0052,1,29337.89,33.62
ITEM000748,ORD00211,PROD0057,2,38053.17,0.54
ITEM000749,ORD00121,PROD0067,3,38605.74,29.92
ITEM000750,ORD00238,PROD0085,4,6330.74,37.15
ITEM000751,ORD00466,PROD0020,1,37737.09,36.0
ITEM000752,ORD00897,PROD0035,1,44566.73,5.64
ITEM000753,ORD00478,PROD0055,5,35517.06,43.28
ITEM000754,ORD00499,PROD0098,3,5242.2,49.88
ITEM000755,ORD00618,PROD0077,3,42513.27,24.73
ITEM000756,ORD00719,PROD0056,4,5348.99,38.5
ITEM000757,ORD00863,PROD0093,3,32049.24,16.44
ITEM000758,ORD00683,PROD0033,3,5146.44,40.3
ITEM000759,ORD00249,PROD0075,4,21744.97,13.29
ITEM000760,ORD00800,PROD0091,4,41886.86,18.79
ITEM000761,ORD00532,PROD0086,4,5479.1,41.91
ITEM000762,ORD00659,PROD0013,5,48339.81,11.93
ITEM000763,ORD00595,PROD0087,5,19747.88,37.22
ITEM000764,ORD00356,PROD0083,4,28709.91,26.14
ITEM000765,ORD00963,PROD0052,4,1379.46,28.35
ITEM000766,ORD00025,PROD0081,3,46041.42,40.09
ITEM000767,ORD00747,PROD0059,3,34182.28,17.62
ITEM000768,ORD00989,PROD0032,3,2485.18,22.91
ITEM000769,ORD00651,PROD0034,2,38563.36,27.36
ITEM000770,ORD00330,PROD0095,4,39070.31,8.6
ITEM000771,ORD00512,PROD0012,3,26957.91,40.26
ITEM000772,ORD00990,PROD0030,3,5154.78,36.1
ITEM000773,ORD00655,PROD0052,3,32009.8,37.83
ITEM000774,ORD00208,PROD0034,4,40314.29,44.79
ITEM000775,ORD00773,PROD0021,2,5662.88,29.09
ITEM000776,ORD00931,PROD0065,5,28040.07,8.9
ITEM000777,ORD00634,PROD0090,1,4618.06,29.9
ITEM000778,ORD00898,PROD0085,4,7373.7,17.01
ITEM000779,ORD00363,PROD0051,2,5270.94,47.8
ITEM000780,ORD00835,PROD0038,5,4202.36,49.97
ITEM000781,ORD00454,PROD0006,2,33409.31,13.69
ITEM000782,ORD00507,PROD0029,2,11369.05,32.39
ITEM000783,ORD00222,PROD0019,1,48233.07,42.88
ITEM000784,ORD00495,PROD0057,4,49918.79,9.61
ITEM000785,ORD00191,PROD0067,5,28815.3,45.12
ITEM000786,ORD00397,PROD0096,3,49097.62,40.17
ITEM000787,ORD00270,PROD0056,3,46282.74,11.74
ITEM000788,ORD00554,PROD0046,1,6811.19,43.0
ITEM000789,ORD00720,PROD0032,5,4921.41,45.87
ITEM000790,ORD00520,PROD0091,4,5329.9,41.31
ITEM000791,ORD00234,PROD0093,3,32283.8,27.7
ITEM000792,ORD00230,PROD0060,3,2754.75,30.94
ITEM000793,ORD00510,PROD0076,4,49789.85,1.11
ITEM000794,ORD00460,PROD0072,1,23883.66,35.32
ITEM000795,ORD00066,PROD0088,3,35971.55,28.49
ITEM000796,ORD00971,PROD0094,1,24591.41,35.21
ITEM000797,ORD00966,PROD0018,4,22660.37,26.92
ITEM000798,ORD00691,PROD0039,3,39940.98,25.4
ITEM000799,ORD00417,PROD0019,5,29384.94,43.14
ITEM000800,ORD00995,PROD0079,1,17981.64,5.98
ITEM000801,ORD00073,PROD0079,1,36545.98,36.63
ITEM000802,ORD00255,PROD0077,2,1571.43,46.44
ITEM000803,ORD00747,PROD0016,3,47312.74,28.7
ITEM000804,ORD00972,PROD0088,4,19126.41,23.72
ITEM000805,ORD00868,PROD0044,2,17822.33,35.36
ITEM000806,ORD00901,PROD0033,4,13099.23,10.03
ITEM000807,ORD00360,PROD0083,1,37615.59,26.19
ITEM000808,ORD00021,PROD0078,1,3051.4,18.66
ITEM000809,ORD00173,PROD0001,-5,16410.3,15.31
ITEM000810,ORD00820,PROD0073,5,3562.52,8.62
ITEM000811,ORD00652,PROD0080,4,10996.86,17.26
ITEM000812,ORD00894,PROD0088,2,28741.85,44.57
ITEM000813,ORD00724,PROD0099,2,40736.64,22.26
ITEM000814,ORD00638,PROD0005,5,39703.01,6.01
ITEM000815,ORD00957,PROD0040,3,34183.3,29.51
ITEM000816,ORD00172,PROD0013,4,7847.11,30.66
ITEM000817,ORD00346,PROD0059,5,39224.73,47.2
ITEM000818,ORD00685,PROD0071,1,18348.11,11.97
ITEM000819,ORD00838,PROD0063,2,2175.36,2.93
ITEM000820,ORD00944,PROD0062,5,26040.21,33.18
ITEM000821,ORD00329,PROD0068,5,26643.09,19.71
ITEM000822,ORD00560,PROD0083,2,6860.24,38.18
ITEM000823,ORD00300,PROD0081,4,18915.64,24.52
ITEM000824,ORD00504,PROD0014,3,30522.2,15.29
ITEM000825,ORD00806,PROD0099,3,34975.19,26.38
ITEM000826,ORD00043,PROD0025,1,29414.75,45.01
ITEM000827,ORD00556,PROD0023,3,26761.18,2.36
ITEM000828,ORD00311,PROD0050,2,26934.41,41.19
ITEM000829,ORD00701,PROD0056,5,8996.68,18.54
ITEM000830,ORD00716,PROD0006,2,47503.22,44.62
ITEM000831,ORD00730,PROD0041,1,24814.23,28.56
ITEM000832,ORD00628,PROD0002,1,10380.89,34.47
ITEM000833,ORD00947,PROD0038,1,33013.75,45.76
ITEM000834,ORD00339,PROD0023,4,18652.01,41.89
ITEM000835,ORD00046,PROD0020,2,31126.01,12.91
ITEM000836,ORD00945,PROD0055,5,45114.18,15.49
ITEM000837,ORD00963,PROD0084,3,610.35,41.18
ITEM000838,ORD00387,PROD0036,2,24462.0,30.01
ITEM000839,ORD00642,PROD0089,4,38379.62,6.44
ITEM000840,ORD00707,PROD0029,1,5852.39,45.11
ITEM000841,ORD00501,PROD0009,2,8451.6,37.0
ITEM000842,ORD00979,PROD0088,4,14393.3,42.78
ITEM000843,ORD00268,PROD0014,1,44291.42,10.11
ITEM000844,ORD00089,PROD0072,4,25959.46,1.78
ITEM000845,ORD00491,PROD0014,1,41671.43,9.22
ITEM000846,ORD00781,PROD0089,1,30804.51,21.91
ITEM000847,ORD00147,PROD0057,5,33177.55,25.18
ITEM000848,ORD00998,PROD0025,2,2283.52,0.71
ITEM000849,ORD00157,PROD0044,3,17570.85,10.03
ITEM000850,ORD00660,PROD0008,4,47346.38,25.28
ITEM000851,ORD00231,PROD0024,2,36086.94,1.27
ITEM000852,ORD00452,PROD0009,2,14461.55,8.05
ITEM000853,ORD00561,PROD0041,1,3350.05,25.9
ITEM000854,ORD00018,PROD0080,2,16150.65,1.92
ITEM000855,ORD00924,PROD0014,-2,270.71,2.92
ITEM000856,ORD00397,PROD0099,5,11303.45,31.41
ITEM000857,ORD00578,PROD0070,-1,41217.52,23.82
ITEM000858,ORD00586,PROD0083,4,30840.85,22.48
ITEM000859,ORD00767,PROD0031,4,17322.8,49.4
ITEM000860,ORD00466,PROD0062,2,43984.27,11.19
ITEM000861,ORD00294,PROD0082,2,19483.74,12.86
ITEM000862,ORD00165,PROD0048,1,15062.9,2.13
ITEM000863,ORD00421,PROD0091,5,49375.72,6.25
ITEM000864,ORD00642,PROD0046,2,21114.92,20.89
ITEM000865,ORD00752,PROD0058,4,23229.51,16.89
ITEM000866,ORD00682,PROD0052,2,10375.16,10.85
ITEM000867,ORD00196,PROD0073,2,36492.41,39.21
ITEM000868,ORD00373,PROD0060,5,39624.71,18.74
ITEM000869,ORD00315,PROD0028,4,5521.64,32.61
ITEM000870,ORD00308,PROD0100,5,10050.55,16.88
ITEM000871,ORD00912,PROD0021,4,21646.01,47.16
ITEM000872,ORD00025,PROD0089,2,33382.98,13.67
ITEM000873,ORD00764,PROD0088,5,32097.78,28.75
ITEM000874,ORD00821,PROD0026,2,23482.13,43.4
ITEM000875,ORD00134,PROD0098,4,46657.71,30.62
ITEM000876,ORD00753,PROD0081,1,39369.42,4.29
ITEM000877,ORD00009,PROD0007,3,15733.36,45.09
ITEM000878,ORD00208,PROD0096,2,15447.34,3.3
ITEM000879,ORD00639,PROD0041,5,22386.19,16.93
ITEM000880,ORD00180,PROD0038,3,28138.19,45.04
ITEM000881,ORD00156,PROD0021,4,45520.55,20.48
ITEM000882,ORD00576,PROD0071,4,14133.61,42.4
ITEM000883,ORD00256,PROD0015,2,4943.74,1.97
ITEM000884,ORD00902,PROD0049,4,8605.85,1.0
ITEM000885,ORD00705,PROD0047,4,9173.5,44.7
ITEM000886,ORD00994,PROD0063,5,17054.85,4.25
ITEM000887,ORD00379,PROD0009,2,15075.22,19.68
ITEM000888,ORD00154,PROD0015,2,16102.86,35.57
ITEM000889,ORD00972,PROD0011,3,39985.95,0.8
ITEM000890,ORD00913,PROD0076,4,18324.28,12.64
ITEM000891,ORD00526,PROD0036,5,1269.87,15.93
ITEM000892,ORD00171,PROD0007,2,13229.36,49.81
ITEM000893,ORD00346,PROD0006,3,38012.28,22.9
ITEM000894,ORD00083,PROD0043,5,43614.8,46.33
ITEM000895,ORD00011,PROD0095,-5,19095.49,45.23
ITEM000896,ORD00390,PROD0050,1,13587.16,18.76
ITEM000897,ORD00376,PROD0066,4,17172.22,47.15
ITEM000898,ORD00737,PROD0034,5,14153.89,4.17
ITEM000899,ORD00461,PROD0086,1,45675.75,43.07
ITEM000900,ORD00918,PROD0015,1,40330.71,5.35
ITEM000901,ORD00077,PROD0023,3,28638.25,11.85
ITEM000902,ORD00090,PROD0010,1,36851.53,17.06
ITEM000903,ORD00931,PROD0080,1,31343.71,43.57
ITEM000904,ORD00472,PROD0081,3,5381.05,6.1
ITEM000905,ORD00722,PROD0018,2,46335.44,9.28
ITEM000906,ORD00736,PROD0012,1,34311.49,10.51
ITEM000907,ORD00735,PROD0011,4,26513.74,23.8
ITEM000908,ORD00203,PROD0091,4,9384.64,14.4
ITEM000909,ORD00693,PROD0076,1,25428.46,3.98
ITEM000910,ORD00998,PROD0026,3,27145.72,48.64
ITEM000911,ORD00717,PROD0016,1,42445.95,37.81
ITEM000912,ORD00234,PROD0021,4,29656.18,30.08
ITEM000913,ORD00519,PROD0082,3,12622.39,17.24
ITEM000914,ORD00247,PROD0068,1,48410.14,12.58
ITEM000915,ORD00773,PROD0021,1,24746.76,45.13
ITEM000916,ORD00062,PROD0080,4,38245.25,35.81
ITEM000917,ORD00013,PROD0096,1,38592.17,45.72
ITEM000918,ORD00715,PROD0088,5,3387.35,13.12
ITEM000919,ORD00860,PROD0041,4,40567.17,18.52
ITEM000920,ORD00308,PROD0098,4,49954.96,9.51
ITEM000921,ORD00602,PROD0022,1,20545.65,44.0
ITEM000922,ORD00333,PROD0052,4,23273.19,7.63
ITEM000923,ORD00756,PROD0097,4,1321.54,6.97
ITEM000924,ORD00325,PROD0049,2,796.11,39.57
ITEM000925,ORD00678,PROD0023,2,9277.09,4.74
ITEM000926,ORD00401,PROD0061,2,9968.05,24.87
ITEM000927,ORD00163,PROD0039,5,9578.31,30.34
ITEM000928,ORD00512,PROD0056,4,8075.05,48.45
ITEM000929,ORD00062,PROD0046,1,16231.8,23.84
ITEM000930,ORD00297,PROD0019,2,24762.16,10.82
ITEM000931,ORD00503,PROD0002,3,16995.17,15.53
ITEM000932,ORD00634,PROD0055,5,6558.46,14.09
ITEM000933,ORD00743,PROD0048,2,48524.49,3.16
ITEM000934,ORD00458,PROD0048,4,47234.38,34.41
ITEM000935,ORD00932,PROD0041,4,27794.29,28.86
ITEM000936,ORD00340,PROD0090,2,48277.15,39.08
ITEM000937,ORD00587,PROD0030,5,40684.76,12.45
ITEM000938,ORD00577,PROD0061,1,44048.34,19.21
ITEM000939,ORD00152,PROD0080,3,24597.93,30.13
ITEM000940,ORD00913,PROD0094,3,19539.87,9.66
ITEM000941,ORD00789,PROD0036,2,38910.19,23.69
ITEM000942,ORD00229,PROD0082,1,41259.36,24.13
ITEM000943,ORD00150,PROD0035,3,15777.0,44.16
ITEM000944,ORD00205,PROD0083,2,29919.6,6.02
ITEM000945,ORD00752,PROD0008,2,25256.05,12.41
ITEM000946,ORD00386,PROD0055,1,10291.58,14.81
ITEM000947,ORD00030,PROD0084,4,23300.48,45.49
ITEM000948,ORD00152,PROD0058,4,29732.87,37.92
ITEM000949,ORD00111,PROD0036,4,35344.21,22.67
ITEM000950,ORD00167,PROD0076,2,946.12,2.62
ITEM000951,ORD00335,PROD0071,4,15831.91,36.03
ITEM000952,ORD00564,PROD0004,4,19837.33,16.33
ITEM000953,ORD00857,PROD0098,1,16268.31,37.82
ITEM000954,ORD00041,PROD0066,1,35711.84,24.83
ITEM000955,ORD00950,PROD0009,2,26186.75,47.01
ITEM000956,ORD00241,PROD0012,3,16974.09,20.63
ITEM000957,ORD00769,PROD0009,4,3201.31,20.82
ITEM000958,ORD00809,PROD0051,2,4564.74,10.36
ITEM000959,ORD00163,PROD0015,3,2920.06,34.18
ITEM000960,ORD00025,PROD0007,2,2204.58,37.93
ITEM000961,ORD00973,PROD0020,2,16215.22,37.8
ITEM000962,ORD00687,PROD0051,1,14553.01,1.18
ITEM000963,ORD00732,PROD0090,4,2102.49,29.48
ITEM000964,ORD00214,PROD0030,5,17534.14,4.03
ITEM000965,ORD00903,PROD0048,5,8292.54,10.64
ITEM000966,ORD00550,PROD0001,5,27857.51,25.54
ITEM000967,ORD00164,PROD0026,5,9869.04,44.9
ITEM000968,ORD00403,PROD0016,3,22332.62,48.39
ITEM000969,ORD00688,PROD0066,4,5723.41,19.37
ITEM000970,ORD00110,PROD0096,2,28553.33,37.36
ITEM000971,ORD00853,PROD0089,2,40911.23,18.05
ITEM000972,ORD00056,PROD0083,2,44230.58,12.62
ITEM000973,ORD00524,PROD0004,-3,41496.4,43.02
ITEM000974,ORD00212,PROD0064,4,22948.43,19.54
ITEM000975,ORD00772,PROD0022,4,29877.34,39.75
ITEM000976,ORD00684,PROD0032,1,44232.18,42.63
ITEM000977,ORD00635,PROD0007,1,46514.96,15.17
ITEM000978,ORD00391,PROD0094,5,4951.91,18.4
ITEM000979,ORD00662,PROD0025,4,18703.77,14.0
ITEM000980,ORD00670,PROD0003,3,44936.23,15.1
ITEM000981,ORD00270,PROD0059,2,31871.82,47.62
ITEM000982,ORD00812,PROD0004,4,5718.08,36.24
ITEM000983,ORD00467,PROD0075,5,1225.69,28.16
ITEM000984,ORD00065,PROD0094,2,19937.19,18.87
ITEM000985,ORD00039,PROD0064,4,20679.97,48.65
ITEM000986,ORD00591,PROD0006,1,43831.15,35.5
ITEM000987,ORD00737,PROD0062,2,1318.2,13.6
ITEM000988,ORD00893,PROD0025,2,40536.66,49.79
ITEM000989,ORD00046,PROD0073,4,35177.05,39.6
ITEM000990,ORD00733,PROD0096,1,4511.96,18.36
ITEM000991,ORD00841,PROD0061,5,32964.21,18.56
ITEM000992,ORD00565,PROD0070,2,32001.78,20.35
ITEM000993,ORD00595,PROD0052,3,17437.11,14.62
ITEM000994,ORD00834,PROD0087,4,20450.51,48.07
ITEM000995,ORD00089,PROD0078,3,16706.92,17.93
ITEM000996,ORD00478,PROD0058,5,8297.38,2.14
ITEM000997,ORD00519,PROD0081,2,27056.53,41.6
ITEM000998,ORD00164,PROD0074,2,39634.66,41.23
ITEM000999,ORD00406,PROD0011,4,49526.15,27.2
ITEM001000,ORD00533,PROD0014,-5,46731.81,33.23
ITEM001001,ORD00169,PROD0095,2,39407.44,24.46
ITEM001002,ORD00334,PROD0094,3,19808.53,32.84
ITEM001003,ORD00403,PROD0029,5,20459.12,37.58
ITEM001004,ORD00109,PROD0029,4,34727.75,37.67
ITEM001005,ORD00734,PROD0001,5,24810.63,45.79
ITEM001006,ORD00712,PROD0040,2,15212.59,10.46
ITEM001007,ORD00654,PROD0013,-2,1651.76,6.05
ITEM001008,ORD00191,PROD0100,1,22684.71,5.95
ITEM001009,ORD00968,PROD0046,-4,29918.29,17.16
ITEM001010,ORD00384,PROD0027,3,29525.57,23.92
ITEM001011,ORD00630,PROD0076,1,48852.97,25.0
ITEM001012,ORD00360,PROD0004,3,43072.63,19.19
ITEM001013,ORD00552,PROD0099,1,29397.52,44.03
ITEM001014,ORD00972,PROD0088,4,19060.37,48.14
ITEM001015,ORD00778,PROD0012,4,4693.24,12.27
ITEM001016,ORD00851,PROD0092,1,37477.71,12.07
ITEM001017,ORD00481,PROD0005,3,38880.47,42.73
ITEM001018,ORD00222,PROD0079,4,34222.81,29.67
ITEM001019,ORD00692,PROD0100,1,22277.06,25.1
ITEM001020,ORD00475,PROD0036,5,46256.53,32.69
ITEM001021,ORD00050,PROD0033,5,25885.14,8.7
ITEM001022,ORD00463,PROD0038,2,30095.91,21.34
ITEM001023,ORD00704,PROD0020,1,24363.75,0.28
ITEM001024,ORD00795,PROD0096,2,2289.35,9.13
ITEM001025,ORD00349,PROD0088,5,11513.75,22.23
ITEM001026,ORD00718,PROD0015,1,6686.75,48.94
ITEM001027,ORD00620,PROD0073,1,18397.11,34.95
ITEM001028,ORD00022,PROD0091,5,18477.59,27.17
ITEM001029,ORD00429,PROD0061,1,27908.35,21.11
ITEM001030,ORD00067,PROD0012,3,33268.65,23.73
ITEM001031,ORD00520,PROD0032,2,8183.57,28.52
ITEM001032,ORD00681,PROD0026,4,27341.35,27.87
ITEM001033,ORD00490,PROD0009,2,5880.91,1.99
ITEM001034,ORD00208,PROD0019,3,35103.55,0.56
ITEM001035,ORD00062,PROD0066,1,33328.97,29.28
ITEM001036,ORD00010,PROD0039,2,12259.44,24.02
ITEM001037,ORD00219,PROD0025,4,10784.71,8.62
ITEM001038,ORD00567,PROD0082,5,3638.84,33.35
ITEM001039,ORD00879,PROD0066,2,3492.9,25.67
ITEM001040,ORD00075,PROD0073,2,37695.35,41.99
ITEM001041,ORD00371,PROD0029,3,37643.31,2.15
ITEM001042,ORD00329,PROD0100,-4,33615.63,46.54
ITEM001043,ORD00401,PROD0058,5,11313.58,45.38
ITEM001044,ORD00491,PROD0079,5,32337.44,37.77
ITEM001045,ORD00162,PROD0031,5,24906.96,3.75
ITEM001046,ORD00615,PROD0004,4,4333.65,44.58
ITEM001047,ORD00150,PROD0099,1,19724.04,23.23
ITEM001048,ORD00827,PROD0044,3,30304.26,45.97
ITEM001049,ORD00876,PROD0061,5,37895.14,41.98
ITEM001050,ORD00604,PROD0089,5,30299.72,33.05
ITEM001051,ORD00588,PROD0018,4,34602.06,48.76
ITEM001052,ORD00546,PROD0067,5,12654.49,13.41
ITEM001053,ORD00278,PROD0037,5,15721.28,45.29
ITEM001054,ORD00929,PROD0031,5,48619.8,9.59
ITEM001055,ORD00344,PROD0067,4,29928.25,33.48
ITEM001056,ORD00193,PROD0099,5,7049.96,38.5
ITEM001057,ORD00303,PROD0025,3,27689.87,10.22
ITEM001058,ORD00474,PROD0075,5,36257.18,43.81
ITEM001059,ORD00654,PROD0032,2,31708.87,16.87
ITEM001060,ORD00909,PROD0083,4,19642.35,35.85
ITEM001061,ORD00955,PROD0073,4,7402.36,30.3
ITEM001062,ORD00259,PROD0016,4,49194.99,0.16
ITEM001063,ORD00194,PROD0033,4,49543.6,29.18
ITEM001064,ORD00284,PROD0066,5,13358.49,49.08
ITEM001065,ORD00644,PROD0063,5,21914.89,15.66
ITEM001066,ORD00144,PROD0024,1,40084.86,2.73
ITEM001067,ORD00868,PROD0009,3,26807.61,6.37
ITEM001068,ORD00099,PROD0096,4,44576.45,28.33
ITEM001069,ORD00011,PROD0015,3,36006.64,14.21
ITEM001070,ORD00247,PROD0030,2,28573.79,13.34
ITEM001071,ORD00566,PROD0046,2,27730.14,15.84
ITEM001072,ORD00226,PROD0022,4,30853.2,47.72
ITEM001073,ORD00094,PROD0074,5,13559.49,24.31
ITEM001074,ORD00098,PROD0032,4,23029.38,8.28
ITEM001075,ORD00178,PROD0029,3,12014.66,15.42
ITEM001076,ORD00594,PROD0077,4,11685.82,42.36
ITEM001077,ORD00419,PROD0092,4,36984.3,19.22
ITEM001078,ORD00630,PROD0097,-4,38276.29,10.26
ITEM001079,ORD00690,PROD0063,4,26244.38,16.1
ITEM001080,ORD00512,PROD0065,5,22165.25,10.27
ITEM001081,ORD00148,PROD0091,1,34976.55,18.88
ITEM001082,ORD00807,PROD0052,2,17727.95,13.71
ITEM001083,ORD00733,PROD0038,2,43898.76,48.03
ITEM001084,ORD00703,PROD0073,2,3328.28,35.65
ITEM001085,ORD00023,PROD0050,5,19110.45,24.55
ITEM001086,ORD00742,PROD0058,4,12820.79,11.43
ITEM001087,ORD00376,PROD0034,4,11034.92,29.27
ITEM001088,ORD00530,PROD0077,5,42310.54,48.96
ITEM001089,ORD00374,PROD0007,2,45800.91,4.62
ITEM001090,ORD00713,PROD0071,1,26310.17,12.76
ITEM001091,ORD00153,PROD0038,2,13997.82,45.8
ITEM001092,ORD00235,PROD0053,3,3432.27,43.59
ITEM001093,ORD00636,PROD0007,5,39234.72,47.69
ITEM001094,ORD00965,PROD0095,2,23565.39,21.16
ITEM001095,ORD00172,PROD0031,1,9849.71,35.63
ITEM001096,ORD00069,PROD0099,1,39178.87,26.7
ITEM001097,ORD00798,PROD0060,5,36188.1,7.64
ITEM001098,ORD00955,PROD0024,2,16341.35,8.59
ITEM001099,ORD00279,PROD0066,1,44752.43,19.69
ITEM001100,ORD00172,PROD0007,4,6701.32,43.08
ITEM001101,ORD00855,PROD0048,5,23174.02,22.75
ITEM001102,ORD00728,PROD0015,2,30339.94,2.11
ITEM001103,ORD00387,PROD0018,1,26491.76,24.5
ITEM001104,ORD00773,PROD0051,5,20254.53,26.25
ITEM001105,ORD00986,PROD0083,5,30315.31,35.92
ITEM001106,ORD00768,PROD0052,3,20443.15,25.16
ITEM001107,ORD00512,PROD0017,1,30029.93,18.38
ITEM001108,ORD00306,PROD0015,5,19190.36,14.98
ITEM001109,ORD00025,PROD0041,4,900.47,21.78
ITEM001110,ORD00654,PROD0097,2,29562.45,37.94
ITEM001111,ORD00144,PROD0084,3,7201.53,45.03
ITEM001112,ORD00926,PROD0057,3,23370.82,23.26
ITEM001113,ORD00904,PROD0027,4,47984.96,12.27
ITEM001114,ORD00150,PROD0082,1,2750.66,23.25
ITEM001115,ORD00396,PROD0084,4,14768.16,41.05
ITEM001116,ORD00565,PROD0062,1,43444.59,23.97
ITEM001117,ORD00361,PROD0043,2,25385.21,0.55
ITEM001118,ORD00104,PROD0019,5,1331.71,10.93
ITEM001119,ORD00534,PROD0048,1,16768.64,30.65
ITEM001120,ORD00356,PROD0080,3,2640.73,25.85
ITEM001121,ORD00127,PROD0057,4,25747.18,33.32
ITEM001122,ORD00562,PROD0094,5,49932.36,7.67
ITEM001123,ORD00845,PROD0049,3,22049.09,36.13
ITEM001124,ORD00274,PROD0019,2,9897.08,30.84
ITEM001125,ORD00283,PROD0051,2,15215.22,47.68
ITEM001126,ORD00200,PROD0054,5,39993.64,44.16
ITEM001127,ORD00438,PROD0071,5,45811.96,0.03
ITEM001128,ORD00068,PROD0021,1,24184.96,3.3
ITEM001129,ORD00480,PROD0022,4,33503.92,40.58
ITEM001130,ORD00351,PROD0079,3,47787.85,12.9
ITEM001131,ORD00572,PROD0071,3,16394.0,7.78
ITEM001132,ORD00699,PROD0092,5,14020.33,29.69
ITEM001133,ORD00919,PROD0032,2,21750.28,13.61
ITEM001134,ORD00963,PROD0066,3,36241.41,20.24
ITEM001135,ORD00975,PROD0076,3,12956.35,41.2
ITEM001136,ORD00569,PROD0029,2,12512.03,45.26
ITEM001137,ORD00949,PROD0013,5,20690.99,19.99
ITEM001138,ORD00581,PROD0043,3,8206.03,24.06
ITEM001139,ORD00951,PROD0085,1,46313.61,2.85
ITEM001140,ORD00416,PROD0056,2,48920.1,16.69
ITEM001141,ORD00380,PROD0016,3,43967.38,24.59
ITEM001142,ORD00982,PROD0051,5,21562.27,11.76
ITEM001143,ORD00250,PROD0079,2,29939.31,29.67
ITEM001144,ORD00874,PROD0011,1,39830.1,0.42
ITEM001145,ORD00554,PROD0055,4,46725.28,39.68
ITEM001146,ORD00715,PROD0083,2,204.15,8.88
ITEM001147,ORD00137,PROD0038,3,45912.37,35.0
ITEM001148,ORD00683,PROD0074,1,44654.7,16.51
ITEM001149,ORD00040,PROD0075,1,30756.73,41.07
ITEM001150,ORD00197,PROD0022,4,24568.97,13.37
ITEM001151,ORD00299,PROD0079,5,30675.57,6.93
ITEM001152,ORD00474,PROD0078,3,38826.15,25.74
ITEM001153,ORD00509,PROD0078,2,1698.48,42.61
ITEM001154,ORD00681,PROD0021,4,18001.72,25.44
ITEM001155,ORD00301,PROD0084,4,46531.81,39.71
ITEM001156,ORD00868,PROD0040,3,23118.21,35.16
ITEM001157,ORD00038,PROD0011,1,5974.14,5.38
ITEM001158,ORD00460,PROD0017,2,14195.52,16.64
ITEM001159,ORD00328,PROD0075,2,21823.21,6.13
ITEM001160,ORD00660,PROD0086,5,15197.05,35.46
ITEM001161,ORD00918,PROD0061,1,19600.63,17.25
ITEM001162,ORD00051,PROD0005,3,40644.69,23.18
ITEM001163,ORD00990,PROD0051,3,40807.48,37.26
ITEM001164,ORD00725,PROD0055,3,37600.55,43.41
ITEM001165,ORD00189,PROD0001,2,20848.47,24.34
ITEM001166,ORD00343,PROD0019,1,12077.17,30.2
ITEM001167,ORD00981,PROD0036,2,20951.72,38.54
ITEM001168,ORD00647,PROD0047,3,18713.89,0.14
ITEM001169,ORD00495,PROD0099,5,7475.51,34.02
ITEM001170,ORD00879,PROD0095,5,19595.44,26.44
ITEM001171,ORD00605,PROD0079,5,38508.62,36.56
ITEM001172,ORD00041,PROD0059,5,26985.73,37.79
ITEM001173,ORD00046,PROD0037,-3,29507.08,48.25
ITEM001174,ORD00065,PROD0061,4,45713.85,30.44
ITEM001175,ORD00237,PROD0041,5,13308.56,44.58
ITEM001176,ORD00873,PROD0005,2,29020.23,19.74
ITEM001177,ORD00005,PROD0068,2,47605.23,22.46
ITEM001178,ORD00407,PROD0001,4,3897.68,40.16
ITEM001179,ORD00549,PROD0070,-4,43440.44,36.64
ITEM001180,ORD00786,PROD0082,3,33199.38,24.83
ITEM001181,ORD00595,PROD0028,5,14449.1,5.79
ITEM001182,ORD00241,PROD0050,5,8944.11,32.81
ITEM001183,ORD00015,PROD0088,4,32377.46,47.33
ITEM001184,ORD00022,PROD0013,2,36577.73,8.45
ITEM001185,ORD00300,PROD0086,3,45307.13,10.2
ITEM001186,ORD00168,PROD0047,1,14510.05,49.89
ITEM001187,ORD00709,PROD0071,1,7862.87,6.07
ITEM001188,ORD00960,PROD0001,2,38539.94,37.92
ITEM001189,ORD00277,PROD0023,1,16942.74,25.02
ITEM001190,ORD00856,PROD0100,5,6192.67,33.4
ITEM001191,ORD00285,PROD0011,3,17726.68,19.39
ITEM001192,ORD00194,PROD0070,3,45554.9,31.02
ITEM001193,ORD00993,PROD0099,1,8198.38,17.11
ITEM001194,ORD00535,PROD0089,5,49556.57,37.87
ITEM001195,ORD00360,PROD0004,3,39654.0,21.62
ITEM001196,ORD00827,PROD0066,4,9588.17,31.87
ITEM001197,ORD00793,PROD0076,1,37258.1,41.73
ITEM001198,ORD00957,PROD0100,4,22946.87,16.11
ITEM001199,ORD00378,PROD0026,1,9485.22,28.55
ITEM001200,ORD00018,PROD0086,3,20835.13,41.88
ITEM001201,ORD00993,PROD0041,4,42166.82,29.73
ITEM001202,ORD00575,PROD0099,1,23724.15,27.68
ITEM001203,ORD00565,PROD0093,3,40560.38,39.31
ITEM001204,ORD00654,PROD0041,2,41126.01,14.67
ITEM001205,ORD00880,PROD0014,1,33274.7,49.92
ITEM001206,ORD00713,PROD0034,4,14105.34,42.49
ITEM001207,ORD00077,PROD0068,3,15488.42,14.99
ITEM001208,ORD00024,PROD0004,3,35618.84,43.48
ITEM001209,ORD00954,PROD0068,5,5096.12,5.67
ITEM001210,ORD00999,PROD0034,3,6273.98,28.82
ITEM001211,ORD00597,PROD0011,2,15643.28,38.03
ITEM001212,ORD00773,PROD0070,1,27491.93,28.87
ITEM001213,ORD00708,PROD0070,3,32929.2,5.02
ITEM001214,ORD00414,PROD0097,1,43910.42,4.65
ITEM001215,ORD00342,PROD0035,1,4806.32,47.23
ITEM001216,ORD00005,PROD0014,4,40494.08,20.3
ITEM001217,ORD00110,PROD0034,2,28103.4,39.71
ITEM001218,ORD00084,PROD0043,2,45916.34,35.03
ITEM001219,ORD00107,PROD0081,1,36464.56,6.33
ITEM001220,ORD00756,PROD0088,5,20454.73,34.07
ITEM001221,ORD00897,PROD0035,5,38835.49,9.38
ITEM001222,ORD00561,PROD0031,1,30701.57,19.42
ITEM001223,ORD00845,PROD0068,3,20285.58,29.54
ITEM001224,ORD00933,PROD0075,3,30857.6,44.48
ITEM001225,ORD00724,PROD0054,3,24934.09,48.89
ITEM001226,ORD00416,PROD0076,2,34595.87,28.83
ITEM001227,ORD00834,PROD0083,5,33584.09,6.62
ITEM001228,ORD00042,PROD0030,2,36589.5,34.2
ITEM001229,ORD00137,PROD0028,3,28771.28,32.59
ITEM001230,ORD00735,PROD0015,1,17133.71,22.35
ITEM001231,ORD00151,PROD0093,1,16323.07,20.56
ITEM001232,ORD00676,PROD0067,3,10157.29,31.75
ITEM001233,ORD00212,PROD0050,3,33326.26,47.34
ITEM001234,ORD00249,PROD0063,4,21928.8,12.61
ITEM001235,ORD00444,PROD0060,2,44457.94,2.98
ITEM001236,ORD00470,PROD0068,3,5609.78,14.36
ITEM001237,ORD00291,PROD0036,2,787.0,39.28
ITEM001238,ORD00543,PROD0009,5,15229.46,11.22
ITEM001239,ORD00206,PROD0089,3,48179.06,13.48
ITEM001240,ORD00492,PROD0029,4,955.57,11.72
ITEM001241,ORD00498,PROD0050,2,27632.15,32.09
ITEM001242,ORD00149,PROD0015,3,26149.21,34.5
ITEM001243,ORD00279,PROD0085,5,37345.51,1.01
ITEM001244,ORD00581,PROD0014,2,12679.73,12.21
ITEM001245,ORD00981,PROD0086,5,28763.24,46.22
ITEM001246,ORD00944,PROD0024,4,268.2,47.93
ITEM001247,ORD00336,PROD0099,5,17130.68,24.05
ITEM001248,ORD00192,PROD0014,3,21299.95,34.8
ITEM001249,ORD00279,PROD0076,2,33524.83,48.03
ITEM001250,ORD00579,PROD0073,3,23645.54,9.81
ITEM001251,ORD00251,PROD0042,1,17908.34,37.95
ITEM001252,ORD00546,PROD0043,4,47879.34,0.82
ITEM001253,ORD00079,PROD0014,5,11642.09,43.33
ITEM001254,ORD00210,PROD0060,4,36956.91,5.13
ITEM001255,ORD01000,PROD0071,4,11114.53,10.73
ITEM001256,ORD00380,PROD0013,1,45918.35,20.46
ITEM001257,ORD00288,PROD0083,5,44665.83,4.67
ITEM001258,ORD00946,PROD0031,5,40290.25,39.55
ITEM001259,ORD00550,PROD0096,2,34480.94,27.05
ITEM001260,ORD00674,PROD0097,1,24528.52,49.61
ITEM001261,ORD00815,PROD0053,3,25234.65,11.47
ITEM001262,ORD00590,PROD0036,1,17513.04,17.84
ITEM001263,ORD00464,PROD0072,-2,4965.81,31.36
ITEM001264,ORD00022,PROD0086,3,41133.47,11.71
ITEM001265,ORD00047,PROD0094,2,10532.64,6.63
ITEM001266,ORD00472,PROD0008,4,6812.3,5.89
ITEM001267,ORD00935,PROD0093,2,37853.81,38.05
ITEM001268,ORD00855,PROD0088,4,3257.07,45.06
ITEM001269,ORD00486,PROD0049,1,1852.96,8.75
ITEM001270,ORD00864,PROD0054,1,7960.96,3.66
ITEM001271,ORD00426,PROD0014,4,40648.72,13.31
ITEM001272,ORD00533,PROD0092,5,26590.2,45.05
ITEM001273,ORD00606,PROD0075,3,7954.12,49.86
ITEM001274,ORD00546,PROD0085,5,22508.02,8.61
ITEM001275,ORD00857,PROD0057,3,30353.44,46.31
ITEM001276,ORD00818,PROD0099,1,14847.16,38.63
ITEM001277,ORD00477,PROD0012,5,34756.43,45.04
ITEM001278,ORD00236,PROD0095,5,5746.93,23.97
ITEM001279,ORD00932,PROD0084,5,40853.55,2.64
ITEM001280,ORD00185,PROD0069,2,12100.1,2.54
ITEM001281,ORD00879,PROD0078,5,12150.59,27.61
ITEM001282,ORD00348,PROD0068,5,13130.9,27.45
ITEM001283,ORD00848,PROD0023,1,42527.23,10.27
ITEM001284,ORD00823,PROD0029,1,31279.52,3.57
ITEM001285,ORD00739,PROD0082,5,38030.97,23.04
ITEM001286,ORD00698,PROD0036,-3,38297.42,39.0
ITEM001287,ORD00794,PROD0086,1,36182.19,4.18
ITEM001288,ORD00169,PROD0097,5,34429.02,24.04
ITEM001289,ORD00825,PROD0013,4,26997.66,18.58
ITEM001290,ORD00807,PROD0081,-5,7573.79,17.67
ITEM001291,ORD00389,PROD0087,1,25250.6,14.49
ITEM001292,ORD00300,PROD0034,2,40657.02,30.02
ITEM001293,ORD00591,PROD0070,4,26158.89,38.4
ITEM001294,ORD00155,PROD0023,3,39436.66,15.71
ITEM001295,ORD00481,PROD0006,5,1409.94,29.96
ITEM001296,ORD00003,PROD0085,3,18957.0,31.83
ITEM001297,ORD00091,PROD0047,5,7582.93,18.89
ITEM001298,ORD00126,PROD0031,4,13543.52,11.39
ITEM001299,ORD00330,PROD0048,1,41096.75,39.26
ITEM001300,ORD00385,PROD0094,1,2064.86,23.49
ITEM001301,ORD00417,PROD0027,2,42815.68,27.91
ITEM001302,ORD00633,PROD0046,1,38952.83,47.66
ITEM001303,ORD00877,PROD0068,2,3129.52,40.1
ITEM001304,ORD00951,PROD0016,4,26475.93,44.51
ITEM001305,ORD00938,PROD0068,1,36690.92,48.11
ITEM001306,ORD00660,PROD0023,5,24972.52,46.54
ITEM001307,ORD00529,PROD0025,4,9465.43,32.39
ITEM001308,ORD00410,PROD0035,2,3369.97,34.83
ITEM001309,ORD00634,PROD0087,3,26134.0,32.26
ITEM001310,ORD00683,PROD0094,3,8013.78,12.14
ITEM001311,ORD00430,PROD0097,2,36288.9,26.42
ITEM001312,ORD00220,PROD0014,3,12667.31,23.1
ITEM001313,ORD00042,PROD0050,3,31618.45,7.83
ITEM001314,ORD00969,PROD0097,3,43327.05,2.12
ITEM001315,ORD00413,PROD0030,3,34190.85,14.69
ITEM001316,ORD00983,PROD0094,1,23544.62,15.39
ITEM001317,ORD00812,PROD0036,3,48002.59,26.52
ITEM001318,ORD00939,PROD0003,2,18481.75,27.8
ITEM001319,ORD00513,PROD0067,2,13844.12,36.27
ITEM001320,ORD00138,PROD0060,5,3170.35,34.41
ITEM001321,ORD00039,PROD0038,1,14639.67,10.23
ITEM001322,ORD00222,PROD0027,3,26358.01,29.36
ITEM001323,ORD00905,PROD0091,1,11171.75,7.07
ITEM001324,ORD00105,PROD0012,1,22791.72,23.32
ITEM001325,ORD00900,PROD0016,5,48781.95,12.05
ITEM001326,ORD00094,PROD0081,2,6821.88,32.2
ITEM001327,ORD00232,PROD0006,4,36195.7,47.81
ITEM001328,ORD00941,PROD0097,5,24883.65,48.09
ITEM001329,ORD00399,PROD0013,4,42933.09,38.95
ITEM001330,ORD00738,PROD0068,-1,9322.96,41.02
ITEM001331,ORD00831,PROD0004,5,38953.79,5.6
ITEM001332,ORD00131,PROD0077,5,12294.85,18.86
ITEM001333,ORD00484,PROD0082,4,14254.09,48.95
ITEM001334,ORD00123,PROD0093,4,44125.84,34.01
ITEM001335,ORD00402,PROD0048,5,6782.92,2.9
ITEM001336,ORD00319,PROD0078,1,43555.0,31.96
ITEM001337,ORD00589,PROD0037,1,11369.62,19.85
ITEM001338,ORD00489,PROD0044,1,37850.41,20.36
ITEM001339,ORD00175,PROD0093,2,30367.76,25.29
ITEM001340,ORD00076,PROD0031,4,16950.96,3.84
ITEM001341,ORD00262,PROD0005,3,26851.64,47.03
ITEM001342,ORD00044,PROD0047,1,16940.84,24.62
ITEM001343,ORD00405,PROD0055,4,37213.48,25.97
ITEM001344,ORD00099,PROD0015,2,42342.19,46.94
ITEM001345,ORD00967,PROD0025,1,10238.79,19.53
ITEM001346,ORD00906,PROD0078,1,38160.54,19.31
ITEM001347,ORD00702,PROD0059,1,37283.55,5.0
ITEM001348,ORD00180,PROD0099,2,17092.62,2.6
ITEM001349,ORD00441,PROD0066,5,28644.87,24.27
ITEM001350,ORD00868,PROD0063,4,32243.13,7.13
ITEM001351,ORD00216,PROD0068,3,48160.14,5.79
ITEM001352,ORD00312,PROD0071,1,49258.83,39.01
ITEM001353,ORD00351,PROD0039,2,33388.63,27.51
ITEM001354,ORD00916,PROD0068,2,10676.84,32.26
ITEM001355,ORD00630,PROD0093,1,33384.58,22.58
ITEM001356,ORD00711,PROD0003,5,25419.23,49.66
ITEM001357,ORD00595,PROD0091,1,14359.64,9.09
ITEM001358,ORD00017,PROD0092,4,29186.67,8.28
ITEM001359,ORD00775,PROD0077,5,31335.53,38.33
ITEM001360,ORD00587,PROD0049,3,32123.29,37.97
ITEM001361,ORD00764,PROD0094,4,26158.4,7.26
ITEM001362,ORD00803,PROD0047,5,47601.56,12.41
ITEM001363,ORD00339,PROD0073,1,38637.75,44.37
ITEM001364,ORD00584,PROD0080,2,44537.93,5.42
ITEM001365,ORD00860,PROD0100,2,7150.48,48.46
ITEM001366,ORD00414,PROD0073,5,2833.15,31.11
ITEM001367,ORD00024,PROD0072,4,32047.95,22.86
ITEM001368,ORD00428,PROD0004,4,10873.75,28.08
ITEM001369,ORD00742,PROD0030,5,16356.33,33.13
ITEM001370,ORD00930,PROD0047,2,26058.41,32.86
ITEM001371,ORD00575,PROD0097,1,49048.74,41.4
ITEM001372,ORD00919,PROD0045,4,5978.48,7.12
ITEM001373,ORD00712,PROD0073,5,1594.0,40.23
ITEM001374,ORD00803,PROD0019,4,18000.24,33.83
ITEM001375,ORD00445,PROD0085,3,27575.64,28.65
ITEM001376,ORD00353,PROD0053,1,10909.94,28.09
ITEM001377,ORD00829,PROD0055,1,34314.99,7.29
ITEM001378,ORD00195,PROD0068,3,49025.66,37.52
ITEM001379,ORD00258,PROD0025,3,7532.71,29.38
ITEM001380,ORD00792,PROD0040,5,44959.8,42.73
ITEM001381,ORD00853,PROD0022,4,148.81,33.39
ITEM001382,ORD00527,PROD0056,5,44273.17,3.13
ITEM001383,ORD00057,PROD0015,4,3845.33,33.42
ITEM001384,ORD00834,PROD0079,3,41183.91,1.27
ITEM001385,ORD00969,PROD0009,4,30642.17,13.96
ITEM001386,ORD00301,PROD0081,5,36912.74,2.72
ITEM001387,ORD00418,PROD0100,2,26138.21,43.59
ITEM001388,ORD00973,PROD0057,4,2609.93,18.42
ITEM001389,ORD00653,PROD0036,-3,24813.91,22.13
ITEM001390,ORD00289,PROD0051,2,47152.25,44.27
ITEM001391,ORD00744,PROD0052,4,29855.97,17.23
ITEM001392,ORD00569,PROD0012,4,41317.7,46.14
ITEM001393,ORD00946,PROD0007,2,46631.01,3.34
ITEM001394,ORD00797,PROD0034,1,26246.67,26.68
ITEM001395,ORD00069,PROD0025,2,11682.44,46.86
ITEM001396,ORD00978,PROD0041,3,8645.3,17.24
ITEM001397,ORD00985,PROD0052,1,46365.62,23.21
ITEM001398,ORD00210,PROD0022,1,8252.8,18.99
ITEM001399,ORD00225,PROD0097,4,25713.39,33.48
ITEM001400,ORD00136,PROD0060,4,48824.01,18.8
ITEM001401,ORD00195,PROD0028,4,33427.02,14.84
ITEM001402,ORD00271,PROD0076,1,8517.81,28.94
ITEM001403,ORD00049,PROD0019,4,2245.76,40.87
ITEM001404,ORD00442,PROD0036,3,11901.72,10.24
ITEM001405,ORD00257,PROD0014,4,5503.3,7.09
ITEM001406,ORD00475,PROD0095,4,8598.88,9.33
ITEM001407,ORD00015,PROD0021,1,44723.88,29.45
ITEM001408,ORD00848,PROD0024,1,13128.81,46.53
ITEM001409,ORD00430,PROD0022,5,36753.94,24.57
ITEM001410,ORD00749,PROD0088,5,37918.13,43.33
ITEM001411,ORD00238,PROD0070,2,42419.0,8.86
ITEM001412,ORD00698,PROD0041,-4,11522.52,37.51
ITEM001413,ORD00983,PROD0095,1,35170.68,27.23
ITEM001414,ORD00652,PROD0055,4,49723.94,22.68
ITEM001415,ORD00717,PROD0008,4,24873.57,45.02
ITEM001416,ORD00531,PROD0100,2,871.55,38.23
ITEM001417,ORD00386,PROD0070,2,42049.96,9.02
ITEM001418,ORD00645,PROD0045,3,4400.84,19.67
ITEM001419,ORD00895,PROD0085,-3,16819.05,49.44
ITEM001420,ORD00960,PROD0014,3,7601.99,3.64
ITEM001421,ORD00667,PROD0099,2,28573.85,16.37
ITEM001422,ORD00408,PROD0059,5,27920.57,26.71
ITEM001423,ORD00699,PROD0035,2,30487.17,14.44
ITEM001424,ORD00560,PROD0003,2,45937.44,42.54
ITEM001425,ORD00818,PROD0005,5,11566.97,42.09
ITEM001426,ORD00444,PROD0093,5,12613.49,48.45
ITEM001427,ORD00664,PROD0017,3,16952.28,36.77
ITEM001428,ORD00525,PROD0071,1,14249.94,22.59
ITEM001429,ORD00559,PROD0065,4,37583.6,1.79
ITEM001430,ORD00671,PROD0057,1,9034.21,44.76
ITEM001431,ORD00412,PROD0058,4,27009.58,48.61
ITEM001432,ORD00192,PROD0004,5,19084.37,3.9
ITEM001433,ORD00629,PROD0009,4,26656.65,19.22
ITEM001434,ORD00154,PROD0080,5,25339.69,35.93
ITEM001435,ORD00158,PROD0017,3,9888.06,49.71
ITEM001436,ORD00040,PROD0083,5,26266.9,19.93
ITEM001437,ORD00191,PROD0088,2,34805.53,44.15
ITEM001438,ORD00680,PROD0047,4,31015.0,34.28
ITEM001439,ORD00583,PROD0005,1,8479.19,44.99
ITEM001440,ORD00181,PROD0100,3,13489.29,9.13
ITEM001441,ORD00537,PROD0051,4,9885.75,17.65
ITEM001442,ORD00835,PROD0079,3,12406.58,47.58
ITEM001443,ORD00700,PROD0069,5,39497.8,41.52
ITEM001444,ORD00228,PROD0025,5,46196.18,46.73
ITEM001445,ORD00349,PROD0052,2,34255.02,45.8
ITEM001446,ORD00192,PROD0069,3,46614.84,8.89
ITEM001447,ORD00968,PROD0044,4,28814.64,20.18
ITEM001448,ORD00604,PROD0029,2,30436.08,34.32
ITEM001449,ORD00105,PROD0029,5,35559.7,18.46
ITEM001450,ORD00027,PROD0083,4,47817.32,47.48
ITEM001451,ORD00573,PROD0042,1,37823.8,38.65
ITEM001452,ORD00295,PROD0034,-2,15400.3,31.16
ITEM001453,ORD00899,PROD0087,5,3818.03,41.62
ITEM001454,ORD00936,PROD0062,5,2439.8,26.08
ITEM001455,ORD00722,PROD0043,5,39693.23,4.3
ITEM001456,ORD00373,PROD0027,4,16329.77,22.68
ITEM001457,ORD00335,PROD0042,2,36473.73,18.31
ITEM001458,ORD00908,PROD0028,4,42309.18,26.23
ITEM001459,ORD00244,PROD0055,4,2385.03,47.99
ITEM001460,ORD00273,PROD0020,1,38510.99,4.36
ITEM001461,ORD00795,PROD0046,2,30824.37,47.4
ITEM001462,ORD00125,PROD0090,5,28118.13,30.25
ITEM001463,ORD00855,PROD0017,-4,18113.23,11.75
ITEM001464,ORD00527,PROD0068,5,17480.98,8.14
ITEM001465,ORD00141,PROD0043,5,40488.65,21.41
ITEM001466,ORD00060,PROD0042,5,39635.55,22.49
ITEM001467,ORD00453,PROD0036,3,6997.13,35.31
ITEM001468,ORD00523,PROD0044,3,17042.86,29.42
ITEM001469,ORD00988,PROD0047,3,42094.66,14.4
ITEM001470,ORD00515,PROD0017,3,45533.29,48.38
ITEM001471,ORD00832,PROD0089,4,1367.25,46.63
ITEM001472,ORD00007,PROD0006,1,15411.38,31.96
ITEM001473,ORD00601,PROD0083,2,11897.42,32.13
ITEM001474,ORD00846,PROD0015,3,3555.2,0.28
ITEM001475,ORD00349,PROD0062,1,31707.55,21.28
ITEM001476,ORD00756,PROD0024,1,14289.71,25.99
ITEM001477,ORD00632,PROD0050,4,49755.51,24.53
ITEM001478,ORD00512,PROD0089,2,44953.55,39.44
ITEM001479,ORD00737,PROD0038,4,417.63,18.31
ITEM001480,ORD00528,PROD0095,2,14466.87,47.49
ITEM001481,ORD00072,PROD0068,2,8726.41,27.17
ITEM001482,ORD00836,PROD0014,2,3239.49,10.01
ITEM001483,ORD00147,PROD0083,1,31240.99,2.95
ITEM001484,ORD00757,PROD0002,1,20826.86,24.48
ITEM001485,ORD00209,PROD0092,5,1308.85,8.25
ITEM001486,ORD00483,PROD0052,5,33291.35,8.85
ITEM001487,ORD00186,PROD0045,4,13091.0,48.66
ITEM001488,ORD00576,PROD0081,3,19007.59,43.14
ITEM001489,ORD00965,PROD0005,3,4602.68,40.83
ITEM001490,ORD00876,PROD0086,4,32918.13,12.05
ITEM001491,ORD00105,PROD0051,1,9164.46,21.98
ITEM001492,ORD00124,PROD0083,4,22912.62,10.75
ITEM001493,ORD00454,PROD0092,2,32804.26,48.33
ITEM001494,ORD00980,PROD0004,3,7844.06,47.76
ITEM001495,ORD00932,PROD0079,2,44089.78,47.77
ITEM001496,ORD00751,PROD0055,3,29300.32,32.02
ITEM001497,ORD00242,PROD0071,5,44845.66,16.26
ITEM001498,ORD00373,PROD0090,2,42799.38,27.01
ITEM001499,ORD00328,PROD0072,3,6195.61,36.24
ITEM001500,ORD00475,PROD0095,4,40431.27,14.49
ITEM001501,ORD00965,PROD0003,5,43285.12,28.88
ITEM001502,ORD00976,PROD0100,4,36278.99,9.02
ITEM001503,ORD00458,PROD0078,5,9421.06,8.72
ITEM001504,ORD00072,PROD0021,1,33369.35,29.79
ITEM001505,ORD00778,PROD0068,4,10790.44,35.4
ITEM001506,ORD00838,PROD0042,2,27959.78,45.75
ITEM001507,ORD00249,PROD0017,-2,33793.51,48.6
ITEM001508,ORD00138,PROD0047,4,36332.85,2.71
ITEM001509,ORD00193,PROD0023,1,13339.05,27.71
ITEM001510,ORD00622,PROD0088,4,25345.18,28.45
ITEM001511,ORD00358,PROD0088,2,36130.02,43.93
ITEM001512,ORD00684,PROD0066,3,31907.61,19.72
ITEM001513,ORD00063,PROD0097,1,13978.7,15.11
ITEM001514,ORD00945,PROD0050,1,42773.76,28.69
ITEM001515,ORD00113,PROD0059,1,43604.08,47.7
ITEM001516,ORD00893,PROD0094,5,43392.86,1.14
ITEM001517,ORD00153,PROD0083,5,46350.4,47.09
ITEM001518,ORD00768,PROD0045,1,10022.09,13.86
ITEM001519,ORD00889,PROD0095,5,30642.8,9.82
ITEM001520,ORD00006,PROD0074,4,4224.13,34.34
ITEM001521,ORD00512,PROD0012,5,7344.68,2.42
ITEM001522,ORD00155,PROD0094,2,7954.49,43.34
ITEM001523,ORD00947,PROD0090,4,37657.73,6.98
ITEM001524,ORD00118,PROD0078,1,19190.84,5.23
ITEM001525,ORD00936,PROD0024,1,36111.37,22.32
ITEM001526,ORD00741,PROD0044,5,46626.88,9.9
ITEM001527,ORD00638,PROD0096,2,28637.0,21.57
ITEM001528,ORD00346,PROD0027,-5,9024.0,32.53
ITEM001529,ORD00682,PROD0039,5,38241.57,14.1
ITEM001530,ORD00103,PROD0012,-3,27963.49,19.74
ITEM001531,ORD00538,PROD0018,3,28863.83,16.33
ITEM001532,ORD00138,PROD0020,5,6527.49,42.0
ITEM001533,ORD00606,PROD0025,3,17563.77,19.02
ITEM001534,ORD00810,PROD0009,1,10809.45,33.35
ITEM001535,ORD00611,PROD0045,2,29214.6,41.17
ITEM001536,ORD00795,PROD0013,2,6020.65,13.77
ITEM001537,ORD00435,PROD0046,5,18397.86,15.35
ITEM001538,ORD00947,PROD0017,2,13041.93,3.75
ITEM001539,ORD00761,PROD0100,-2,49505.99,46.51
ITEM001540,ORD00433,PROD0016,3,24017.59,27.88
ITEM001541,ORD00285,PROD0008,2,3169.78,35.94
ITEM001542,ORD00988,PROD0011,4,29581.55,20.62
ITEM001543,ORD00134,PROD0017,3,47263.11,5.35
ITEM001544,ORD00328,PROD0034,2,34253.99,32.1
ITEM001545,ORD00228,PROD0090,3,3026.52,0.84
ITEM001546,ORD00372,PROD0052,4,38443.78,22.57
ITEM001547,ORD00434,PROD0040,5,22196.33,33.85
ITEM001548,ORD00357,PROD0048,3,8706.88,12.3
ITEM001549,ORD00492,PROD0014,2,12629.87,21.71
ITEM001550,ORD00114,PROD0006,5,6013.63,39.18
ITEM001551,ORD00126,PROD0005,-2,45582.25,39.63
ITEM001552,ORD00568,PROD0030,1,13880.88,47.16
ITEM001553,ORD00501,PROD0021,4,27264.19,25.84
ITEM001554,ORD00832,PROD0094,3,7491.79,1.52
ITEM001555,ORD00738,PROD0014,3,23226.42,9.77
ITEM001556,ORD00044,PROD0053,4,2788.77,35.63
ITEM001557,ORD00341,PROD0011,1,14457.49,48.5
ITEM001558,ORD00977,PROD0036,4,40071.23,8.75
ITEM001559,ORD00721,PROD0026,-1,21811.3,17.45
ITEM001560,ORD00881,PROD0068,3,35200.05,29.81
ITEM001561,ORD00509,PROD0004,2,372.79,9.95
ITEM001562,ORD00688,PROD0100,2,7913.57,40.49
ITEM001563,ORD00962,PROD0057,3,44492.86,21.84
ITEM001564,ORD00153,PROD0011,3,26278.33,41.53
ITEM001565,ORD00717,PROD0061,1,48993.16,20.15
ITEM001566,ORD00436,PROD0013,3,31379.2,1.25
ITEM001567,ORD00070,PROD0015,1,24334.12,23.37
ITEM001568,ORD00936,PROD0033,-1,32789.65,29.28
ITEM001569,ORD00557,PROD0099,5,35773.65,37.86
ITEM001570,ORD00879,PROD0091,3,15820.84,33.39
ITEM001571,ORD00725,PROD0009,3,2210.62,30.53
ITEM001572,ORD00514,PROD0005,5,41523.53,41.09
ITEM001573,ORD00952,PROD0051,5,24691.94,11.18
ITEM001574,ORD00067,PROD0026,4,34289.27,40.68
ITEM001575,ORD00392,PROD0078,5,5192.57,45.4
ITEM001576,ORD00979,PROD0013,2,14404.09,2.46
ITEM001577,ORD00492,PROD0074,3,41562.73,38.11
ITEM001578,ORD00448,PROD0024,2,48355.34,33.49
ITEM001579,ORD00610,PROD0038,5,5785.53,30.53
ITEM001580,ORD00827,PROD0002,1,45562.43,8.26
ITEM001581,ORD00442,PROD0085,-2,23416.7,25.78
ITEM001582,ORD00840,PROD0070,2,20596.02,42.05
ITEM001583,ORD00677,PROD0086,1,33055.96,12.97
ITEM001584,ORD00871,PROD0070,1,34248.87,37.55
ITEM001585,ORD00586,PROD0066,5,49653.26,29.24
ITEM001586,ORD00923,PROD0019,1,22278.4,1.12
ITEM001587,ORD00857,PROD0069,5,48232.65,46.39
ITEM001588,ORD00521,PROD0004,1,46410.98,44.71
ITEM001589,ORD00312,PROD0069,2,6100.12,47.34
ITEM001590,ORD00905,PROD0046,5,46362.4,28.55
ITEM001591,ORD00451,PROD0065,3,675.55,8.63
ITEM001592,ORD00832,PROD0004,3,20997.5,16.01
ITEM001593,ORD00683,PROD0012,2,19074.47,4.26
ITEM001594,ORD00610,PROD0052,1,33432.39,46.71
ITEM001595,ORD00524,PROD0064,5,8350.94,33.52
ITEM001596,ORD00574,PROD0065,2,37632.61,28.93
ITEM001597,ORD00687,PROD0062,1,29483.2,11.47
ITEM001598,ORD00121,PROD0034,1,21233.79,17.73
ITEM001599,ORD00046,PROD0064,5,8933.76,14.21
ITEM001600,ORD00916,PROD0089,5,16732.02,18.87
ITEM001601,ORD00110,PROD0100,4,42963.77,32.93
ITEM001602,ORD00657,PROD0051,2,2353.86,30.24
ITEM001603,ORD00432,PROD0090,3,18878.1,27.34
ITEM001604,ORD00738,PROD0034,5,13355.67,25.59
ITEM001605,ORD00156,PROD0009,-4,28085.57,5.11
ITEM001606,ORD00146,PROD0021,3,12233.59,31.52
ITEM001607,ORD00282,PROD0070,5,25176.39,28.69
ITEM001608,ORD00809,PROD0100,2,20066.51,34.83
ITEM001609,ORD00234,PROD0079,1,6959.22,12.93
ITEM001610,ORD00492,PROD0020,5,28829.94,21.25
ITEM001611,ORD00639,PROD0009,1,10801.14,41.48
ITEM001612,ORD00601,PROD0097,2,37799.0,29.98
ITEM001613,ORD00835,PROD0021,2,5487.23,10.67
ITEM001614,ORD00737,PROD0053,1,49052.53,2.19
ITEM001615,ORD00261,PROD0042,5,20090.35,38.99
ITEM001616,ORD00718,PROD0003,2,47811.8,37.52
ITEM001617,ORD00508,PROD0019,3,4958.34,15.89
ITEM001618,ORD00033,PROD0025,3,39406.13,20.82
ITEM001619,ORD00866,PROD0009,4,24263.56,45.58
ITEM001620,ORD00766,PROD0009,5,13008.72,26.91
ITEM001621,ORD00772,PROD0070,1,47825.66,36.47
ITEM001622,ORD00888,PROD0052,4,7358.46,13.57
ITEM001623,ORD00454,PROD0035,4,49764.29,39.36
ITEM001624,ORD00860,PROD0042,5,19786.53,18.83
ITEM001625,ORD00272,PROD0070,4,26966.35,40.24
ITEM001626,ORD00255,PROD0090,5,30965.4,22.02
ITEM001627,ORD00953,PROD0065,4,34465.59,43.34
ITEM001628,ORD00336,PROD0044,5,15746.43,33.0
ITEM001629,ORD00114,PROD0016,5,29995.5,9.03
ITEM001630,ORD00866,PROD0088,4,12395.19,46.44
ITEM001631,ORD00911,PROD0089,1,3612.14,3.93
ITEM001632,ORD00700,PROD0094,1,29840.73,37.64
ITEM001633,ORD00569,PROD0051,2,12502.79,48.79
ITEM001634,ORD00664,PROD0017,1,13069.28,18.62
ITEM001635,ORD00058,PROD0049,-4,1336.18,32.8
ITEM001636,ORD00587,PROD0039,2,48566.61,12.51
ITEM001637,ORD00049,PROD0038,4,34152.18,13.7
ITEM001638,ORD00925,PROD0095,5,21623.87,20.52
ITEM001639,ORD00335,PROD0056,3,41027.55,46.57
ITEM001640,ORD00323,PROD0055,3,22210.49,26.88
ITEM001641,ORD00030,PROD0074,4,15495.22,15.95
ITEM001642,ORD00227,PROD0025,5,1541.68,6.54
ITEM001643,ORD00878,PROD0048,3,43806.69,39.16
ITEM001644,ORD00875,PROD0082,2,16891.72,14.46
ITEM001645,ORD00112,PROD0051,3,17416.47,46.27
ITEM001646,ORD00010,PROD0089,4,9418.23,8.75
ITEM001647,ORD00302,PROD0024,4,44079.58,34.7
ITEM001648,ORD00486,PROD0040,4,15868.66,3.37
ITEM001649,ORD00029,PROD0014,1,35486.13,5.0
ITEM001650,ORD00382,PROD0065,3,25901.77,19.41
ITEM001651,ORD00062,PROD0001,-5,23781.81,25.81
ITEM001652,ORD00406,PROD0062,4,6479.82,43.73
ITEM001653,ORD00178,PROD0074,5,17982.41,46.54
ITEM001654,ORD00919,PROD0002,3,49711.38,20.43
ITEM001655,ORD00270,PROD0022,4,36549.3,45.98
ITEM001656,ORD00055,PROD0027,5,36797.25,44.22
ITEM001657,ORD00351,PROD0030,4,29478.24,19.29
ITEM001658,ORD00771,PROD0069,1,17582.69,40.95
ITEM001659,ORD00173,PROD0048,3,8823.94,6.4
ITEM001660,ORD00688,PROD0072,2,43944.63,18.1
ITEM001661,ORD00771,PROD0035,1,47234.18,12.72
ITEM001662,ORD00669,PROD0048,3,16993.11,7.28
ITEM001663,ORD00202,PROD0010,1,9758.1,46.73
ITEM001664,ORD00459,PROD0037,5,36850.3,48.86
ITEM001665,ORD00699,PROD0080,1,45068.4,19.91
ITEM001666,ORD00212,PROD0032,3,33958.06,8.32
ITEM001667,ORD00174,PROD0004,2,27798.93,18.98
ITEM001668,ORD00174,PROD0010,4,729.52,27.15
ITEM001669,ORD00821,PROD0009,5,48119.58,41.34
ITEM001670,ORD00262,PROD0043,2,30483.15,39.64
ITEM001671,ORD00236,PROD0042,5,7326.83,31.21
ITEM001672,ORD00235,PROD0043,2,689.58,42.89
ITEM001673,ORD00884,PROD0090,1,35786.25,19.82
ITEM001674,ORD00486,PROD0065,3,3441.35,21.25
ITEM001675,ORD00177,PROD0036,3,33534.29,17.97
ITEM001676,ORD00269,PROD0055,1,10592.27,26.75
ITEM001677,ORD00371,PROD0089,1,31015.1,22.52
ITEM001678,ORD00804,PROD0071,-1,34343.4,37.78
ITEM001679,ORD00820,PROD0093,3,29828.25,7.35
ITEM001680,ORD00468,PROD0065,5,43719.26,36.77
ITEM001681,ORD00824,PROD0080,5,49409.78,26.38
ITEM001682,ORD00796,PROD0020,5,49661.06,15.73
ITEM001683,ORD00593,PROD0090,2,5322.24,41.99
ITEM001684,ORD00698,PROD0018,3,1917.82,4.48
ITEM001685,ORD00747,PROD0077,5,19128.79,12.63
ITEM001686,ORD00275,PROD0017,2,32470.0,29.62
ITEM001687,ORD00167,PROD0067,2,39638.2,7.55
ITEM001688,ORD00116,PROD0083,5,19655.67,40.85
ITEM001689,ORD00967,PROD0073,2,25902.35,25.73
ITEM001690,ORD00051,PROD0092,5,10683.35,7.29
ITEM001691,ORD00046,PROD0015,1,8868.88,0.11
ITEM001692,ORD00065,PROD0089,5,21755.13,5.73
ITEM001693,ORD00932,PROD0004,5,29883.64,43.39
ITEM001694,ORD00942,PROD0087,4,6172.97,27.39
ITEM001695,ORD00838,PROD0038,2,39863.29,14.44
ITEM001696,ORD00940,PROD0093,2,14539.21,15.97
ITEM001697,ORD00250,PROD0083,1,37780.35,39.31
ITEM001698,ORD00283,PROD0054,5,9829.87,15.47
ITEM001699,ORD00888,PROD0076,3,39526.26,1.74
ITEM001700,ORD00204,PROD0094,1,37604.68,45.8
ITEM001701,ORD00004,PROD0048,3,47629.59,29.42
ITEM001702,ORD00449,PROD0010,-3,34482.68,21.8
ITEM001703,ORD00996,PROD0086,4,4692.17,0.65
ITEM001704,ORD00663,PROD0051,3,4418.43,4.51
ITEM001705,ORD00861,PROD0029,-3,22406.35,16.2
ITEM001706,ORD00409,PROD0079,5,30968.83,2.1
ITEM001707,ORD00630,PROD0002,3,38034.42,21.49
ITEM001708,ORD00562,PROD0026,3,18958.24,36.28
ITEM001709,ORD00579,PROD0080,4,30385.97,39.25
ITEM001710,ORD00541,PROD0030,5,27815.5,44.89
ITEM001711,ORD00580,PROD0016,4,34138.2,32.04
ITEM001712,ORD00801,PROD0079,1,18612.69,29.57
ITEM001713,ORD00185,PROD0047,4,28510.55,44.84
ITEM001714,ORD00024,PROD0089,5,1211.62,4.35
ITEM001715,ORD00442,PROD0090,3,48173.27,26.1
ITEM001716,ORD00573,PROD0024,-4,48891.12,27.66
ITEM001717,ORD00006,PROD0098,5,7046.09,3.64
ITEM001718,ORD00473,PROD0047,3,48578.62,5.89
ITEM001719,ORD00499,PROD0059,3,33581.11,6.9
ITEM001720,ORD00304,PROD0050,5,3823.95,27.09
ITEM001721,ORD00817,PROD0083,5,4685.91,35.64
ITEM001722,ORD00413,PROD0018,4,8219.67,30.16
ITEM001723,ORD00489,PROD0043,5,22519.03,40.56
ITEM001724,ORD00903,PROD0034,3,6681.33,41.17
ITEM001725,ORD00355,PROD0088,3,41688.6,2.27
ITEM001726,ORD00446,PROD0100,5,42261.6,7.08
ITEM001727,ORD00865,PROD0047,4,35544.3,0.9
ITEM001728,ORD00752,PROD0007,1,11055.91,35.21
ITEM001729,ORD00351,PROD0053,3,23021.97,10.56
ITEM001730,ORD00140,PROD0036,4,25204.62,45.98
ITEM001731,ORD00626,PROD0042,-3,4539.07,26.01
ITEM001732,ORD00969,PROD0067,2,13164.7,22.63
ITEM001733,ORD00093,PROD0018,4,47085.72,27.11
ITEM001734,ORD00954,PROD0099,-3,3388.96,39.32
ITEM001735,ORD00966,PROD0072,1,28760.61,48.74
ITEM001736,ORD00626,PROD0023,4,5549.44,40.81
ITEM001737,ORD00089,PROD0041,2,37401.82,2.18
ITEM001738,ORD00372,PROD0030,4,28518.64,9.98
ITEM001739,ORD00034,PROD0060,1,29723.06,34.02
ITEM001740,ORD00005,PROD0062,3,41515.86,32.68
ITEM001741,ORD00899,PROD0065,5,28132.54,16.36
ITEM001742,ORD00301,PROD0030,2,26142.96,20.66
ITEM001743,ORD00569,PROD0074,2,20665.04,6.58
ITEM001744,ORD00264,PROD0036,4,20729.64,36.64
ITEM001745,ORD00983,PROD0080,5,48872.47,10.11
ITEM001746,ORD00319,PROD0069,1,38548.57,38.67
ITEM001747,ORD00037,PROD0034,3,17654.57,28.07
ITEM001748,ORD00626,PROD0052,2,3529.16,44.62
ITEM001749,ORD00219,PROD0094,3,26248.49,44.07
ITEM001750,ORD00248,PROD0044,2,3117.73,43.1
ITEM001751,ORD00559,PROD0056,1,22445.45,29.41
ITEM001752,ORD00225,PROD0092,3,46554.35,25.17
ITEM001753,ORD00561,PROD0039,2,11469.79,46.06
ITEM001754,ORD00817,PROD0081,3,6981.2,2.37
ITEM001755,ORD00343,PROD0007,4,46357.9,35.23
ITEM001756,ORD00403,PROD0047,4,17686.72,18.21
ITEM001757,ORD00407,PROD0021,2,36486.41,0.49
ITEM001758,ORD00035,PROD0070,3,16295.17,2.13
ITEM001759,ORD00645,PROD0090,3,33337.51,30.0
ITEM001760,ORD00911,PROD0030,1,49839.39,23.13
ITEM001761,ORD00520,PROD0050,1,34365.24,7.12
ITEM001762,ORD00825,PROD0038,4,2793.77,35.13
ITEM001763,ORD00173,PROD0082,1,31087.03,45.97
ITEM001764,ORD00323,PROD0035,1,49910.72,44.65
ITEM001765,ORD00683,PROD0018,2,15755.98,39.69
ITEM001766,ORD00580,PROD0046,-1,43010.59,37.98
ITEM001767,ORD00717,PROD0007,1,16929.3,43.14
ITEM001768,ORD00953,PROD0024,3,32768.35,34.32
ITEM001769,ORD00266,PROD0057,5,21959.28,2.19
ITEM001770,ORD00855,PROD0064,1,35238.81,42.23
ITEM001771,ORD00475,PROD0077,5,17757.89,37.16
ITEM001772,ORD00691,PROD0047,1,33354.71,41.46
ITEM001773,ORD00050,PROD0002,4,33909.17,10.81
ITEM001774,ORD00312,PROD0099,1,44873.39,5.93
ITEM001775,ORD00285,PROD0045,2,43926.52,21.42
ITEM001776,ORD00519,PROD0079,3,27183.78,31.34
ITEM001777,ORD00932,PROD0013,2,16906.86,30.77
ITEM001778,ORD00914,PROD0023,5,38022.26,12.18
ITEM001779,ORD00383,PROD0088,5,2380.66,19.4
ITEM001780,ORD00035,PROD0008,4,28512.78,28.88
ITEM001781,ORD00660,PROD0003,4,47150.94,45.44
ITEM001782,ORD00561,PROD0008,1,35884.73,23.88
ITEM001783,ORD00046,PROD0100,2,25097.6,34.72
ITEM001784,ORD00129,PROD0092,2,28556.77,14.45
ITEM001785,ORD00595,PROD0090,3,1123.51,19.63
ITEM001786,ORD00470,PROD0049,2,501.69,8.03
ITEM001787,ORD00357,PROD0002,1,49269.87,15.66
ITEM001788,ORD00134,PROD0051,2,23022.99,12.74
ITEM001789,ORD00597,PROD0008,2,28676.84,38.95
ITEM001790,ORD00225,PROD0029,3,4852.92,0.76
ITEM001791,ORD00807,PROD0005,5,44762.01,21.09
ITEM001792,ORD00694,PROD0006,3,31896.62,47.95
ITEM001793,ORD00570,PROD0053,5,795.83,44.32
ITEM001794,ORD00120,PROD0012,4,11075.21,6.8
ITEM001795,ORD00950,PROD0001,3,16792.14,48.76
ITEM001796,ORD00934,PROD0059,3,49801.52,27.82
ITEM001797,ORD00557,PROD0058,3,43049.12,4.39
ITEM001798,ORD00608,PROD0095,5,15653.08,19.76
ITEM001799,ORD00237,PROD0031,4,44127.04,39.87
ITEM001800,ORD00906,PROD0089,2,17750.78,9.33
ITEM001801,ORD00262,PROD0060,4,34775.66,6.3
ITEM001802,ORD00930,PROD0057,1,17278.19,8.11
ITEM001803,ORD00731,PROD0097,-5,9533.35,35.02
ITEM001804,ORD00173,PROD0013,5,8628.75,17.63
ITEM001805,ORD00933,PROD0068,1,45502.06,36.14
ITEM001806,ORD00703,PROD0047,5,5410.16,5.6
ITEM001807,ORD00448,PROD0028,5,27556.88,4.08
ITEM001808,ORD00603,PROD0041,5,34544.34,23.52
ITEM001809,ORD00721,PROD0089,1,25886.53,35.44
ITEM001810,ORD00769,PROD0099,3,23989.64,38.28
ITEM001811,ORD00717,PROD0078,2,48956.56,30.43
ITEM001812,ORD00159,PROD0066,5,8701.67,25.45
ITEM001813,ORD00340,PROD0040,1,49771.9,6.91
ITEM001814,ORD00740,PROD0097,4,2793.32,27.56
ITEM001815,ORD00630,PROD0038,5,46338.4,48.97
ITEM001816,ORD00139,PROD0085,2,4525.16,13.94
ITEM001817,ORD00286,PROD0084,2,46235.28,43.01
ITEM001818,ORD00766,PROD0015,1,47678.97,18.0
ITEM001819,ORD00617,PROD0091,2,33689.0,36.79
ITEM001820,ORD00753,PROD0002,2,10472.1,2.54
ITEM001821,ORD00960,PROD0092,2,6646.91,35.85
ITEM001822,ORD00510,PROD0046,2,5251.45,18.65
ITEM001823,ORD00199,PROD0006,2,20954.64,44.32
ITEM001824,ORD00417,PROD0033,4,34140.88,41.24
ITEM001825,ORD00353,PROD0092,5,41426.02,22.85
ITEM001826,ORD00365,PROD0051,5,26909.73,6.6
ITEM001827,ORD00073,PROD0088,1,49534.35,4.48
ITEM001828,ORD00700,PROD0088,1,18968.19,30.41
ITEM001829,ORD00882,PROD0021,5,26591.21,5.97
ITEM001830,ORD00805,PROD0004,3,48271.51,27.06
ITEM001831,ORD00283,PROD0009,5,8193.9,28.37
ITEM001832,ORD00821,PROD0026,1,798.21,2.79
ITEM001833,ORD00416,PROD0072,3,20942.43,48.49
ITEM001834,ORD00403,PROD0059,1,35051.27,46.49
ITEM001835,ORD00087,PROD0074,5,18166.33,3.02
ITEM001836,ORD00596,PROD0037,3,1905.27,48.27
ITEM001837,ORD00401,PROD0026,3,9509.37,11.24
ITEM001838,ORD00427,PROD0045,1,30265.47,8.36
ITEM001839,ORD00195,PROD0017,2,21748.61,41.7
ITEM001840,ORD00091,PROD0038,2,39312.94,33.27
ITEM001841,ORD00942,PROD0095,3,27784.78,16.03
ITEM001842,ORD00690,PROD0020,1,42522.5,31.81
ITEM001843,ORD00978,PROD0006,5,47462.26,29.71
ITEM001844,ORD00704,PROD0080,1,46522.23,7.38
ITEM001845,ORD00246,PROD0093,3,35589.67,32.9
ITEM001846,ORD00585,PROD0088,4,10130.56,16.94
ITEM001847,ORD00246,PROD0018,3,48708.0,9.33
ITEM001848,ORD00375,PROD0086,1,11868.93,12.28
ITEM001849,ORD00973,PROD0026,1,12120.19,3.93
ITEM001850,ORD00855,PROD0047,5,1496.67,49.01
ITEM001851,ORD00274,PROD0048,4,19581.17,34.49
ITEM001852,ORD00692,PROD0035,4,22731.22,29.34
ITEM001853,ORD00917,PROD0093,3,47142.8,45.81
ITEM001854,ORD00344,PROD0026,3,21885.65,28.22
ITEM001855,ORD00878,PROD0035,4,36433.86,38.85
ITEM001856,ORD00392,PROD0009,4,14089.82,3.95
ITEM001857,ORD00352,PROD0037,-3,34917.29,0.4
ITEM001858,ORD00341,PROD0080,3,40756.82,9.27
ITEM001859,ORD00409,PROD0077,2,47003.57,28.79
ITEM001860,ORD00407,PROD0039,4,42687.08,11.98
ITEM001861,ORD00465,PROD0036,2,38868.29,29.43
ITEM001862,ORD00122,PROD0035,2,46662.95,14.3
ITEM001863,ORD00684,PROD0034,5,12465.84,44.86
ITEM001864,ORD00964,PROD0054,1,15905.07,15.45
ITEM001865,ORD00736,PROD0008,4,11078.53,38.52
ITEM001866,ORD00232,PROD0014,-1,32316.27,36.54
ITEM001867,ORD00508,PROD0068,3,7190.23,6.01
ITEM001868,ORD00378,PROD0094,5,45815.9,27.85
ITEM001869,ORD00326,PROD0021,2,48476.1,13.97
ITEM001870,ORD00918,PROD0023,4,25323.75,23.03
ITEM001871,ORD00274,PROD0088,4,24911.28,32.14
ITEM001872,ORD00168,PROD0083,1,20605.01,17.07
ITEM001873,ORD00760,PROD0019,2,23193.67,6.6
ITEM001874,ORD00441,PROD0052,3,9829.46,0.17
ITEM001875,ORD00286,PROD0008,1,31502.06,17.86
ITEM001876,ORD00157,PROD0057,5,46385.82,18.37
ITEM001877,ORD00665,PROD0067,1,46046.67,24.19
ITEM001878,ORD00699,PROD0023,2,9396.8,23.16
ITEM001879,ORD00868,PROD0025,1,30250.34,11.34
ITEM001880,ORD00588,PROD0089,1,10959.07,19.9
ITEM001881,ORD00826,PROD0081,1,8307.47,1.75
ITEM001882,ORD00125,PROD0026,4,17618.11,7.71
ITEM001883,ORD00795,PROD0051,2,1436.77,32.24
ITEM001884,ORD00590,PROD0093,4,17264.07,35.96
ITEM001885,ORD00990,PROD0079,3,43004.36,34.14
ITEM001886,ORD00932,PROD0031,2,32032.84,38.54
ITEM001887,ORD00454,PROD0030,5,26158.4,30.4
ITEM001888,ORD00002,PROD0037,3,34590.38,41.42
ITEM001889,ORD00801,PROD0029,3,11409.19,21.34
ITEM001890,ORD00520,PROD0045,1,4672.74,2.45
ITEM001891,ORD01000,PROD0059,1,19515.59,24.89
ITEM001892,ORD00983,PROD0016,5,41505.27,10.0
ITEM001893,ORD00040,PROD0013,1,7882.95,4.99
ITEM001894,ORD00661,PROD0071,2,27957.96,28.01
ITEM001895,ORD00985,PROD0024,1,24700.46,39.69
ITEM001896,ORD00646,PROD0056,3,12987.71,20.13
ITEM001897,ORD00206,PROD0042,4,6638.1,10.49
ITEM001898,ORD00994,PROD0028,2,8153.15,35.6
ITEM001899,ORD00018,PROD0082,1,14672.64,49.86
ITEM001900,ORD00355,PROD0072,5,40802.77,49.54
ITEM001901,ORD00647,PROD0024,2,17751.57,2.86
ITEM001902,ORD00188,PROD0080,3,32838.88,45.01
ITEM001903,ORD00249,PROD0082,4,12307.64,42.75
ITEM001904,ORD00118,PROD0069,1,34215.34,24.59
ITEM001905,ORD00108,PROD0031,1,15831.24,42.84
ITEM001906,ORD00973,PROD0040,1,16265.55,0.68
ITEM001907,ORD00676,PROD0010,2,8808.29,33.05
ITEM001908,ORD00521,PROD0037,4,41425.78,23.68
ITEM001909,ORD00375,PROD0050,1,13914.76,23.81
ITEM001910,ORD00371,PROD0041,3,39984.18,46.84
ITEM001911,ORD00676,PROD0009,3,48869.96,13.38
ITEM001912,ORD00080,PROD0073,3,13653.8,28.48
ITEM001913,ORD00687,PROD0012,5,29662.01,10.58
ITEM001914,ORD00329,PROD0058,5,40262.19,3.01
ITEM001915,ORD00823,PROD0001,-2,8519.49,48.82
ITEM001916,ORD00683,PROD0002,1,32636.25,4.8
ITEM001917,ORD00747,PROD0085,1,3757.25,10.09
ITEM001918,ORD00250,PROD0097,4,31053.18,23.14
ITEM001919,ORD00581,PROD0083,4,28363.1,26.16
ITEM001920,ORD00221,PROD0010,2,44670.5,11.57
ITEM001921,ORD00818,PROD0078,2,32636.51,33.75
ITEM001922,ORD00029,PROD0059,3,48195.35,26.74
ITEM001923,ORD00487,PROD0084,5,11937.85,31.87
ITEM001924,ORD00213,PROD0081,5,34944.35,15.44
ITEM001925,ORD00119,PROD0078,1,19173.34,15.44
ITEM001926,ORD00032,PROD0066,5,9166.28,6.23
ITEM001927,ORD00047,PROD0021,1,17663.45,1.18
ITEM001928,ORD00358,PROD0063,4,14211.14,32.0
ITEM001929,ORD00819,PROD0037,-4,2592.09,7.01
ITEM001930,ORD00992,PROD0072,4,15528.42,33.27
ITEM001931,ORD00446,PROD0064,4,22446.52,22.51
ITEM001932,ORD00317,PROD0012,4,19344.28,17.38
ITEM001933,ORD00708,PROD0005,3,1748.01,20.34
ITEM001934,ORD00362,PROD0041,2,1977.99,36.96
ITEM001935,ORD00999,PROD0035,5,9404.93,23.22
ITEM001936,ORD00081,PROD0015,5,6953.92,34.8
ITEM001937,ORD00229,PROD0042,2,18610.99,23.3
ITEM001938,ORD00009,PROD0023,3,8159.45,8.06
ITEM001939,ORD00424,PROD0087,2,11815.06,3.92
ITEM001940,ORD00322,PROD0079,3,31076.17,27.98
ITEM001941,ORD00584,PROD0098,3,17499.18,14.08
ITEM001942,ORD00674,PROD0056,2,16587.34,13.09
ITEM001943,ORD00923,PROD0038,2,12944.15,3.65
ITEM001944,ORD00919,PROD0040,5,28512.34,30.17
ITEM001945,ORD00251,PROD0097,5,35313.79,42.89
ITEM001946,ORD00283,PROD0075,4,28788.5,13.48
ITEM001947,ORD00420,PROD0034,1,33833.48,32.87
ITEM001948,ORD00575,PROD0022,2,29706.72,25.03
ITEM001949,ORD00132,PROD0078,4,11004.46,28.78
ITEM001950,ORD00838,PROD0069,5,46694.5,4.99
ITEM001951,ORD00162,PROD0014,1,38036.42,22.28
ITEM001952,ORD00063,PROD0089,2,23988.99,2.17
ITEM001953,ORD00335,PROD0039,5,14424.56,35.49
ITEM001954,ORD00423,PROD0048,3,29321.7,42.96
ITEM001955,ORD00129,PROD0005,-2,15158.38,28.33
ITEM001956,ORD00869,PROD0039,4,7504.25,30.55
ITEM001957,ORD00581,PROD0007,1,36891.11,17.79
ITEM001958,ORD00140,PROD0100,1,43202.34,16.67
ITEM001959,ORD00403,PROD0046,5,19641.16,16.54
ITEM001960,ORD00346,PROD0081,4,27813.32,21.51
ITEM001961,ORD00826,PROD0011,5,47224.65,13.05
ITEM001962,ORD00370,PROD0071,3,34818.57,19.83
ITEM001963,ORD00227,PROD0011,1,27147.78,18.55
ITEM001964,ORD00907,PROD0027,3,9605.64,20.37
ITEM001965,ORD00956,PROD0086,2,12508.19,15.5
ITEM001966,ORD00300,PROD0024,3,32835.56,0.94
ITEM001967,ORD00238,PROD0085,4,20842.69,37.07
ITEM001968,ORD00691,PROD0085,4,27059.59,1.4
ITEM001969,ORD00566,PROD0084,3,44869.6,28.45
ITEM001970,ORD00288,PROD0049,5,7734.23,40.24
ITEM001971,ORD00092,PROD0083,4,14373.71,23.29
ITEM001972,ORD00193,PROD0005,3,15994.99,7.76
ITEM001973,ORD00550,PROD0047,1,40771.83,30.48
ITEM001974,ORD00288,PROD0055,4,22477.94,16.84
ITEM001975,ORD00894,PROD0097,2,6760.48,49.7
ITEM001976,ORD00639,PROD0030,1,6808.66,20.06
ITEM001977,ORD00111,PROD0028,2,11563.12,10.97
ITEM001978,ORD00260,PROD0053,4,36729.76,6.14
ITEM001979,ORD00923,PROD0055,4,40807.68,21.88
ITEM001980,ORD00438,PROD0019,4,17433.94,40.69
ITEM001981,ORD00256,PROD0096,1,32123.57,10.53
ITEM001982,ORD00081,PROD0023,2,27850.82,12.92
ITEM001983,ORD00500,PROD0022,-2,13615.58,45.89
ITEM001984,ORD00812,PROD0017,1,14870.66,3.41
ITEM001985,ORD00996,PROD0075,1,35913.2,47.88
ITEM001986,ORD00678,PROD0017,3,18727.66,21.97
ITEM001987,ORD00900,PROD0093,4,13021.28,44.15
ITEM001988,ORD00474,PROD0094,1,23866.72,31.8
ITEM001989,ORD00508,PROD0042,3,31152.7,41.62
ITEM001990,ORD00959,PROD0024,3,18052.06,27.08
ITEM001991,ORD00550,PROD0057,2,23511.13,7.42
ITEM001992,ORD00518,PROD0009,2,29979.98,40.13
ITEM001993,ORD00599,PROD0089,3,37936.65,14.09
ITEM001994,ORD00261,PROD0065,2,24324.84,31.36
ITEM001995,ORD00463,PROD0074,1,5076.51,4.23
ITEM001996,ORD00049,PROD0016,5,25724.29,11.79
ITEM001997,ORD00355,PROD0089,5,45918.84,30.71
ITEM001998,ORD00686,PROD0010,4,43161.4,24.24
ITEM001999,ORD00711,PROD0005,2,17690.84,29.39
ITEM002000,ORD00635,PROD0080,3,8992.32,15.92
ITEM002001,ORD00908,PROD0098,1,8715.91,7.11
ITEM002002,ORD00505,PROD0050,3,27922.06,9.09
ITEM002003,ORD00022,PROD0047,3,5738.04,8.81
ITEM002004,ORD00696,PROD0042,3,32337.84,42.5
ITEM002005,ORD00197,PROD0025,1,40841.05,10.12
ITEM002006,ORD00297,PROD0038,3,45251.69,0.93
ITEM002007,ORD00515,PROD0067,4,29047.52,16.53
ITEM002008,ORD00278,PROD0060,1,615.19,18.71
ITEM002009,ORD00700,PROD0049,5,3661.43,38.3
ITEM002010,ORD00321,PROD0025,4,31233.31,45.19
ITEM002011,ORD00407,PROD0055,2,43894.64,37.05
ITEM002012,ORD00425,PROD0030,3,46071.97,23.71
ITEM002013,ORD00814,PROD0022,2,28405.21,0.88
ITEM002014,ORD00083,PROD0052,3,7173.82,30.23
ITEM002015,ORD00029,PROD0084,3,46379.58,7.55
ITEM002016,ORD00293,PROD0015,1,43247.8,46.45
ITEM002017,ORD00421,PROD0028,1,15955.53,37.87
ITEM002018,ORD00718,PROD0075,4,12293.75,33.42
ITEM002019,ORD00832,PROD0020,4,31158.91,14.83
ITEM002020,ORD00783,PROD0024,1,3892.29,33.16
ITEM002021,ORD00639,PROD0066,1,27606.12,4.85
ITEM002022,ORD00210,PROD0093,1,26961.66,42.57
ITEM002023,ORD00045,PROD0035,5,42564.47,35.22
ITEM002024,ORD00161,PROD0009,1,7676.82,47.49
ITEM002025,ORD00178,PROD0010,3,25616.95,45.58
ITEM002026,ORD00116,PROD0092,3,43499.54,27.17
ITEM002027,ORD00549,PROD0064,4,520.96,38.18
ITEM002028,ORD00113,PROD0068,3,26907.96,19.47
ITEM002029,ORD00313,PROD0097,2,33718.59,2.13
ITEM002030,ORD00398,PROD0023,5,45786.76,24.89
ITEM002031,ORD00654,PROD0068,4,15752.55,16.36
ITEM002032,ORD00755,PROD0050,4,43523.79,37.45
ITEM002033,ORD00794,PROD0096,1,36238.6,10.89
ITEM002034,ORD00675,PROD0024,1,35771.46,21.81
ITEM002035,ORD00149,PROD0023,1,953.68,34.51
ITEM002036,ORD00047,PROD0037,2,26641.69,39.79
ITEM002037,ORD00116,PROD0037,4,45860.13,28.42
ITEM002038,ORD00883,PROD0090,1,43148.77,22.33
ITEM002039,ORD00846,PROD0098,4,29743.67,30.65
ITEM002040,ORD00590,PROD0089,5,8128.09,34.92
ITEM002041,ORD00114,PROD0095,-5,11045.07,21.6
ITEM002042,ORD00420,PROD0003,2,3213.16,17.39
ITEM002043,ORD00202,PROD0096,2,9750.25,19.8
ITEM002044,ORD00894,PROD0013,1,2416.02,40.48
ITEM002045,ORD00277,PROD0032,5,27536.68,0.1
ITEM002046,ORD00364,PROD0071,2,42138.32,30.8
ITEM002047,ORD00676,PROD0100,5,3216.14,22.56
ITEM002048,ORD00547,PROD0090,4,22923.69,21.81
ITEM002049,ORD00250,PROD0030,2,49647.88,10.34
ITEM002050,ORD00894,PROD0065,5,33691.43,44.14
ITEM002051,ORD00209,PROD0028,4,37374.49,25.28
ITEM002052,ORD00651,PROD0015,5,37527.12,38.4
ITEM002053,ORD00182,PROD0051,4,21759.27,15.24
ITEM002054,ORD00796,PROD0014,1,9574.61,33.19
ITEM002055,ORD00811,PROD0021,2,35873.12,7.62
ITEM002056,ORD00690,PROD0070,5,11267.91,44.89
ITEM002057,ORD00473,PROD0095,5,3258.7,23.84
ITEM002058,ORD00726,PROD0098,1,44793.09,24.65
ITEM002059,ORD00098,PROD0084,1,31494.57,18.51
ITEM002060,ORD00596,PROD0022,1,46723.19,26.13
ITEM002061,ORD00877,PROD0084,3,3845.51,6.37
ITEM002062,ORD00622,PROD0057,4,45919.22,34.74
ITEM002063,ORD00361,PROD0076,4,26708.73,12.35
ITEM002064,ORD00710,PROD0039,3,8991.93,33.78
ITEM002065,ORD00734,PROD0094,2,18905.83,34.8
ITEM002066,ORD00842,PROD0052,5,8623.66,43.49
ITEM002067,ORD00589,PROD0013,2,10286.59,30.84
ITEM002068,ORD00608,PROD0073,2,11253.43,13.64
ITEM002069,ORD00446,PROD0081,1,36934.89,44.33
ITEM002070,ORD00594,PROD0078,1,31407.34,7.14
ITEM002071,ORD00633,PROD0053,4,49851.09,3.15
ITEM002072,ORD00449,PROD0074,5,1177.52,0.19
ITEM002073,ORD00801,PROD0077,4,34017.81,12.75
ITEM002074,ORD00361,PROD0088,5,14282.91,13.79
ITEM002075,ORD00977,PROD0066,2,40118.93,42.35
ITEM002076,ORD00116,PROD0053,4,41960.9,25.95
ITEM002077,ORD00646,PROD0044,2,29118.1,40.42
ITEM002078,ORD00110,PROD0049,3,26731.84,13.26
ITEM002079,ORD00324,PROD0002,5,32036.49,40.31
ITEM002080,ORD00897,PROD0002,3,6001.55,44.38
ITEM002081,ORD00033,PROD0021,4,22988.18,19.84
ITEM002082,ORD00297,PROD0071,5,1002.1,27.22
ITEM002083,ORD00278,PROD0069,3,5308.3,11.07
ITEM002084,ORD00570,PROD0070,5,43759.21,40.22
ITEM002085,ORD00338,PROD0062,3,27088.77,11.85
ITEM002086,ORD00610,PROD0095,4,42745.06,49.74
ITEM002087,ORD00567,PROD0045,4,11904.46,7.47
ITEM002088,ORD00984,PROD0058,3,2457.44,10.64
ITEM002089,ORD00696,PROD0045,4,20224.52,29.61
ITEM002090,ORD00891,PROD0100,5,10244.96,45.56
ITEM002091,ORD00974,PROD0046,4,27942.11,38.36
ITEM002092,ORD00197,PROD0057,5,44870.41,14.71
ITEM002093,ORD00460,PROD0073,1,24044.63,36.05
ITEM002094,ORD00020,PROD0084,1,8183.57,43.91
ITEM002095,ORD00823,PROD0005,1,37531.0,21.39
ITEM002096,ORD00910,PROD0089,1,13642.03,14.78
ITEM002097,ORD00973,PROD0033,2,46913.31,19.67
ITEM002098,ORD00281,PROD0086,3,27975.44,46.46
ITEM002099,ORD00839,PROD0048,2,2027.11,7.09
ITEM002100,ORD00797,PROD0017,1,17275.23,29.87
ITEM002101,ORD00894,PROD0062,2,21330.96,8.91
ITEM002102,ORD00962,PROD0024,1,16656.08,10.77
ITEM002103,ORD00651,PROD0083,3,1567.04,24.95
ITEM002104,ORD00492,PROD0050,3,34268.24,16.28
ITEM002105,ORD00612,PROD0029,5,8619.05,42.41
ITEM002106,ORD00838,PROD0030,5,404.72,41.52
ITEM002107,ORD00993,PROD0018,3,17450.14,5.08
ITEM002108,ORD00719,PROD0077,-1,12531.93,6.39
ITEM002109,ORD00190,PROD0012,1,38978.72,11.84
ITEM002110,ORD00798,PROD0082,2,23219.39,7.85
ITEM002111,ORD00791,PROD0035,5,36602.17,30.87
ITEM002112,ORD00570,PROD0042,3,8631.36,29.22
ITEM002113,ORD00313,PROD0022,3,42974.95,5.07
ITEM002114,ORD00119,PROD0065,3,30785.89,22.43
ITEM002115,ORD00057,PROD0044,1,31872.93,18.16
ITEM002116,ORD00614,PROD0012,3,15432.09,23.58
ITEM002117,ORD00784,PROD0047,2,7143.19,21.92
ITEM002118,ORD00542,PROD0094,3,39494.59,23.06
ITEM002119,ORD00365,PROD0075,3,49001.12,22.97
ITEM002120,ORD00267,PROD0038,5,16735.16,24.42
ITEM002121,ORD00548,PROD0004,2,26539.57,21.06
ITEM002122,ORD00895,PROD0009,2,32251.06,45.92
ITEM002123,ORD00187,PROD0055,1,25350.78,44.48
ITEM002124,ORD00832,PROD0072,1,8787.01,27.17
ITEM002125,ORD00202,PROD0002,3,21796.27,15.8
ITEM002126,ORD00065,PROD0041,2,34606.32,20.43
ITEM002127,ORD00852,PROD0085,2,36474.03,24.13
ITEM002128,ORD00826,PROD0066,1,28269.8,5.37
ITEM002129,ORD00436,PROD0088,4,14032.89,19.08
ITEM002130,ORD00090,PROD0095,4,19007.11,8.13
ITEM002131,ORD00829,PROD0051,5,49348.15,11.22
ITEM002132,ORD00834,PROD0051,2,28822.03,44.43
ITEM002133,ORD00645,PROD0056,3,17138.61,30.48
ITEM002134,ORD00589,PROD0075,1,5697.06,26.61
ITEM002135,ORD00568,PROD0044,4,946.4,45.3
ITEM002136,ORD00853,PROD0088,3,35243.16,27.02
ITEM002137,ORD00420,PROD0085,5,14445.74,32.53
ITEM002138,ORD00400,PROD0036,5,14947.29,37.55
ITEM002139,ORD00923,PROD0086,5,29183.66,21.9
ITEM002140,ORD00575,PROD0048,4,35527.94,17.43
ITEM002141,ORD00533,PROD0017,5,42145.09,2.57
ITEM002142,ORD00147,PROD0010,4,23191.76,26.94
ITEM002143,ORD00677,PROD0085,1,15032.06,27.02
ITEM002144,ORD00655,PROD0078,4,23159.89,46.31
ITEM002145,ORD00769,PROD0075,5,48277.76,46.27
ITEM002146,ORD00831,PROD0013,3,10384.92,24.82
ITEM002147,ORD00895,PROD0021,5,49103.92,5.24
ITEM002148,ORD00187,PROD0093,2,10575.01,25.14
ITEM002149,ORD00771,PROD0056,5,4187.61,12.29
ITEM002150,ORD00504,PROD0069,1,45830.14,28.82
ITEM002151,ORD00909,PROD0003,5,43336.67,42.19
ITEM002152,ORD00587,PROD0081,2,22320.22,28.85
ITEM002153,ORD00380,PROD0041,2,21318.75,21.15
ITEM002154,ORD00213,PROD0029,3,41470.04,15.65
ITEM002155,ORD00517,PROD0069,1,23287.5,37.45
ITEM002156,ORD00788,PROD0086,3,33699.39,1.0
ITEM002157,ORD00763,PROD0016,1,39384.51,3.99
ITEM002158,ORD00255,PROD0069,2,49239.47,15.37
ITEM002159,ORD00662,PROD0041,3,36203.0,2.11
ITEM002160,ORD00061,PROD0089,5,26797.07,5.05
ITEM002161,ORD00515,PROD0092,1,16454.24,43.97
ITEM002162,ORD00307,PROD0028,4,3576.97,17.16
ITEM002163,ORD00714,PROD0068,4,37900.55,6.99
ITEM002164,ORD00451,PROD0011,2,25531.88,29.98
ITEM002165,ORD00582,PROD0032,2,39944.11,3.02
ITEM002166,ORD00008,PROD0081,3,48773.84,48.83
ITEM002167,ORD00862,PROD0056,1,47785.76,22.52
ITEM002168,ORD00253,PROD0012,3,41038.53,11.97
ITEM002169,ORD00500,PROD0073,2,39513.71,5.78
ITEM002170,ORD00389,PROD0038,2,33974.25,2.13
ITEM002171,ORD00138,PROD0066,2,9167.37,1.41
ITEM002172,ORD00163,PROD0070,5,38308.9,18.91
ITEM002173,ORD00005,PROD0044,2,26109.88,18.89
ITEM002174,ORD00262,PROD0033,1,34179.59,3.83
ITEM002175,ORD00915,PROD0014,5,23145.18,47.44
ITEM002176,ORD00650,PROD0027,3,40924.95,45.95
ITEM002177,ORD00420,PROD0034,1,48170.39,1.87
ITEM002178,ORD00686,PROD0072,-5,24571.71,10.7
ITEM002179,ORD00271,PROD0019,4,21168.81,46.68
ITEM002180,ORD00522,PROD0014,3,33853.97,22.66
ITEM002181,ORD00542,PROD0097,5,15917.73,10.57
ITEM002182,ORD00023,PROD0074,4,2340.69,24.76
ITEM002183,ORD00267,PROD0089,5,34633.57,0.18
ITEM002184,ORD00178,PROD0023,5,42923.99,46.92
ITEM002185,ORD00522,PROD0059,3,37744.5,17.53
ITEM002186,ORD00877,PROD0091,2,38369.27,26.88
ITEM002187,ORD00915,PROD0059,2,6251.97,13.29
ITEM002188,ORD00202,PROD0003,4,47996.79,49.26
ITEM002189,ORD00808,PROD0014,4,41055.97,38.78
ITEM002190,ORD00785,PROD0005,2,10492.4,25.19
ITEM002191,ORD00536,PROD0009,5,27464.0,22.16
ITEM002192,ORD00766,PROD0046,5,11778.42,20.24
ITEM002193,ORD00780,PROD0061,-4,12628.34,11.63
ITEM002194,ORD00009,PROD0078,1,5724.58,47.58
ITEM002195,ORD00198,PROD0066,4,9395.86,6.39
ITEM002196,ORD00137,PROD0045,3,48497.43,46.19
ITEM002197,ORD00070,PROD0084,2,11708.92,4.25
ITEM002198,ORD00036,PROD0093,3,6784.13,13.43
ITEM002199,ORD00287,PROD0009,1,34538.05,34.47
ITEM002200,ORD00859,PROD0091,3,10833.06,13.54
ITEM002201,ORD00800,PROD0031,5,3068.91,24.14
ITEM002202,ORD00631,PROD0040,1,46187.49,7.21
ITEM002203,ORD00284,PROD0070,-4,36536.47,27.9
ITEM002204,ORD00155,PROD0096,4,43290.95,28.72
ITEM002205,ORD00210,PROD0024,2,49593.6,42.1
ITEM002206,ORD00813,PROD0019,2,13324.23,44.5
ITEM002207,ORD00662,PROD0087,2,5073.97,26.68
ITEM002208,ORD00637,PROD0007,1,19190.34,21.58
ITEM002209,ORD00705,PROD0049,2,698.76,27.31
ITEM002210,ORD00460,PROD0089,2,46505.36,38.95
ITEM002211,ORD00033,PROD0077,3,11898.64,44.66
ITEM002212,ORD00425,PROD0093,2,18083.51,20.46
ITEM002213,ORD00557,PROD0075,-1,23295.83,30.25
ITEM002214,ORD00031,PROD0008,1,6914.42,47.77
ITEM002215,ORD00577,PROD0002,1,10887.78,23.07
ITEM002216,ORD00195,PROD0097,1,8666.09,4.68
ITEM002217,ORD00210,PROD0070,4,37187.9,23.63
ITEM002218,ORD00078,PROD0084,4,9363.33,1.25
ITEM002219,ORD00844,PROD0033,3,35526.27,13.97
ITEM002220,ORD00418,PROD0015,4,8442.48,40.39
ITEM002221,ORD00988,PROD0009,4,22793.93,15.32
ITEM002222,ORD00417,PROD0007,2,38002.86,14.66
ITEM002223,ORD00806,PROD0017,2,4732.86,19.87
ITEM002224,ORD00148,PROD0044,2,29426.89,37.77
ITEM002225,ORD00146,PROD0094,1,15324.04,41.16
ITEM002226,ORD00817,PROD0061,2,1227.94,33.72
ITEM002227,ORD00431,PROD0083,3,11310.0,6.53
ITEM002228,ORD00419,PROD0011,4,15075.39,27.86
ITEM002229,ORD00994,PROD0087,2,17312.83,34.6
ITEM002230,ORD00599,PROD0070,3,1949.06,5.29
ITEM002231,ORD00589,PROD0086,1,46514.03,29.07
ITEM002232,ORD00862,PROD0012,2,27070.58,20.23
ITEM002233,ORD00776,PROD0090,3,40136.45,44.24
ITEM002234,ORD00262,PROD0062,5,43952.53,49.03
ITEM002235,ORD00691,PROD0054,2,19030.52,2.94
ITEM002236,ORD00010,PROD0065,5,22863.71,1.18
ITEM002237,ORD00768,PROD0030,4,27918.76,4.43
ITEM002238,ORD00579,PROD0015,5,14649.64,42.32
ITEM002239,ORD00134,PROD0011,4,2612.56,28.56
ITEM002240,ORD00744,PROD0098,5,38449.89,47.12
ITEM002241,ORD00207,PROD0051,5,31303.83,41.68
ITEM002242,ORD00805,PROD0042,2,13523.87,21.85
ITEM002243,ORD00460,PROD0006,5,11277.67,48.27
ITEM002244,ORD00421,PROD0041,3,7486.91,42.78
ITEM002245,ORD00173,PROD0009,2,36369.96,34.32
ITEM002246,ORD00761,PROD0019,1,16509.79,43.93
ITEM002247,ORD00780,PROD0028,1,1006.87,25.95
ITEM002248,ORD00255,PROD0038,4,29727.81,30.61
ITEM002249,ORD00004,PROD0067,5,38929.43,49.96
ITEM002250,ORD00125,PROD0033,1,232.24,28.98
ITEM002251,ORD00877,PROD0012,4,37094.99,7.61
ITEM002252,ORD00241,PROD0018,4,22891.64,41.58
ITEM002253,ORD00690,PROD0069,5,37026.63,30.89
ITEM002254,ORD00398,PROD0002,5,16908.24,27.17
ITEM002255,ORD00863,PROD0011,5,49998.75,19.43
ITEM002256,ORD00042,PROD0007,1,40815.19,48.62
ITEM002257,ORD00528,PROD0036,2,6025.16,4.84
ITEM002258,ORD00856,PROD0032,4,4896.45,44.12
ITEM002259,ORD00326,PROD0012,5,18532.06,12.96
ITEM002260,ORD00514,PROD0019,5,15521.39,48.64
ITEM002261,ORD00194,PROD0082,3,33270.06,3.42
ITEM002262,ORD00209,PROD0042,2,20614.68,22.32
ITEM002263,ORD00385,PROD0074,5,14240.84,44.53
ITEM002264,ORD00280,PROD0052,4,35834.09,4.77
ITEM002265,ORD00564,PROD0018,3,36078.78,40.51
ITEM002266,ORD00724,PROD0099,5,34467.04,7.61
ITEM002267,ORD00142,PROD0084,2,29863.53,38.35
ITEM002268,ORD00992,PROD0001,2,19614.99,1.68
ITEM002269,ORD00355,PROD0065,1,34472.48,45.24
ITEM002270,ORD00479,PROD0030,3,9713.4,15.58
ITEM002271,ORD00974,PROD0029,3,968.1,14.73
ITEM002272,ORD00164,PROD0080,1,28044.68,6.97
ITEM002273,ORD00719,PROD0043,1,34362.27,46.91
ITEM002274,ORD00644,PROD0023,3,993.16,33.28
ITEM002275,ORD00914,PROD0051,1,3135.53,30.08
ITEM002276,ORD00225,PROD0008,3,1274.23,4.26
ITEM002277,ORD00576,PROD0032,5,4424.63,4.49
ITEM002278,ORD00901,PROD0096,2,45213.57,28.39
ITEM002279,ORD00948,PROD0081,4,4569.61,1.47
ITEM002280,ORD00927,PROD0034,5,675.26,36.77
ITEM002281,ORD00446,PROD0097,3,40763.35,44.56
ITEM002282,ORD00936,PROD0097,3,36297.76,48.53
ITEM002283,ORD00313,PROD0084,2,48925.62,20.95
ITEM002284,ORD00225,PROD0082,3,48323.0,5.35
ITEM002285,ORD00091,PROD0043,-2,25011.11,37.18
ITEM002286,ORD00641,PROD0027,3,7530.15,11.74
ITEM002287,ORD00572,PROD0054,1,20550.63,8.45
ITEM002288,ORD00963,PROD0041,1,6398.26,22.94
ITEM002289,ORD00976,PROD0024,4,289.29,19.6
ITEM002290,ORD00429,PROD0091,4,46600.93,39.16
ITEM002291,ORD00976,PROD0020,2,3921.76,46.33
ITEM002292,ORD00901,PROD0057,4,22155.69,42.81
ITEM002293,ORD00277,PROD0080,3,41510.48,33.12
ITEM002294,ORD00593,PROD0008,2,1921.32,48.75
ITEM002295,ORD00112,PROD0066,3,24220.29,15.07
ITEM002296,ORD00150,PROD0017,2,13666.57,10.47
ITEM002297,ORD00055,PROD0040,4,37719.61,27.38
ITEM002298,ORD00971,PROD0015,2,39552.43,21.64
ITEM002299,ORD00259,PROD0078,3,12913.22,39.28
ITEM002300,ORD00018,PROD0052,3,32176.62,4.4
ITEM002301,ORD00127,PROD0013,5,9858.68,27.52
ITEM002302,ORD00544,PROD0019,4,42873.01,21.45
ITEM002303,ORD00315,PROD0029,3,39468.86,25.02
ITEM002304,ORD00885,PROD0065,2,26458.93,13.86
ITEM002305,ORD00821,PROD0054,-5,20317.07,12.98
ITEM002306,ORD00793,PROD0003,3,40846.28,49.65
ITEM002307,ORD00187,PROD0012,2,18616.39,9.8
ITEM002308,ORD00768,PROD0036,1,9405.76,43.16
ITEM002309,ORD00122,PROD0091,4,30603.91,47.55
ITEM002310,ORD00435,PROD0001,2,5113.96,36.5
ITEM002311,ORD00894,PROD0065,4,3016.86,8.16
ITEM002312,ORD00716,PROD0026,1,27582.86,29.61
ITEM002313,ORD00619,PROD0007,1,13873.52,46.92
ITEM002314,ORD00215,PROD0039,4,12111.02,37.51
ITEM002315,ORD00509,PROD0096,1,23385.08,32.61
ITEM002316,ORD00425,PROD0006,1,37907.75,44.21
ITEM002317,ORD00160,PROD0098,3,30880.27,37.56
ITEM002318,ORD00053,PROD0093,5,29133.54,14.24
ITEM002319,ORD00652,PROD0060,5,18296.46,0.47
ITEM002320,ORD00124,PROD0010,2,17102.23,16.88
ITEM002321,ORD00170,PROD0091,-1,46138.94,27.91
ITEM002322,ORD00693,PROD0057,5,23636.53,38.97
ITEM002323,ORD00614,PROD0098,1,23450.62,47.27
ITEM002324,ORD00109,PROD0055,1,25648.09,38.96
ITEM002325,ORD00482,PROD0020,2,33874.62,43.96
ITEM002326,ORD00603,PROD0082,4,24571.46,6.03
ITEM002327,ORD00203,PROD0063,3,2111.89,43.92
ITEM002328,ORD00574,PROD0014,1,14411.12,0.75
ITEM002329,ORD00741,PROD0092,5,17659.71,43.36
ITEM002330,ORD00513,PROD0005,1,12918.97,43.41
ITEM002331,ORD00199,PROD0099,2,19823.54,9.31
ITEM002332,ORD00994,PROD0016,4,39488.17,19.22
ITEM002333,ORD00685,PROD0098,4,42361.11,12.98
ITEM002334,ORD00683,PROD0061,1,22179.95,34.13
ITEM002335,ORD00068,PROD0056,5,12370.8,42.49
ITEM002336,ORD00937,PROD0047,2,2840.44,5.77
ITEM002337,ORD00417,PROD0039,2,320.15,46.39
ITEM002338,ORD00223,PROD0026,3,47056.75,40.67
ITEM002339,ORD00536,PROD0099,3,7911.38,42.43
ITEM002340,ORD00720,PROD0096,1,43298.56,28.89
ITEM002341,ORD00296,PROD0070,3,11097.49,0.51
ITEM002342,ORD00935,PROD0014,4,40493.53,40.7
ITEM002343,ORD00324,PROD0030,1,18478.22,3.56
ITEM002344,ORD00488,PROD0093,3,35743.92,49.46
ITEM002345,ORD00716,PROD0038,4,12328.89,33.39
ITEM002346,ORD00959,PROD0079,3,27542.54,4.67
ITEM002347,ORD00334,PROD0003,1,13879.25,24.93
ITEM002348,ORD00266,PROD0099,2,41031.12,29.26
ITEM002349,ORD00435,PROD0016,3,27635.3,16.05
ITEM002350,ORD00784,PROD0015,2,3910.37,22.45
ITEM002351,ORD00505,PROD0043,1,29654.54,38.25
ITEM002352,ORD00510,PROD0065,1,13053.91,18.82
ITEM002353,ORD00962,PROD0082,1,40623.7,23.09
ITEM002354,ORD00233,PROD0094,-4,14852.23,14.64
ITEM002355,ORD00777,PROD0095,3,21200.29,23.13
ITEM002356,ORD00145,PROD0005,3,5177.11,23.03
ITEM002357,ORD00063,PROD0065,4,19275.28,13.18
ITEM002358,ORD00668,PROD0062,5,37656.66,24.06
ITEM002359,ORD00741,PROD0008,2,15970.7,48.94
ITEM002360,ORD00543,PROD0003,2,14895.69,3.64
ITEM002361,ORD00309,PROD0065,3,33618.78,19.17
ITEM002362,ORD00166,PROD0073,2,38551.83,19.72
ITEM002363,ORD00541,PROD0052,2,9378.23,25.81
ITEM002364,ORD00308,PROD0006,4,12608.52,0.51
ITEM002365,ORD00669,PROD0049,2,47285.21,42.98
ITEM002366,ORD00724,PROD0027,3,27469.64,46.04
ITEM002367,ORD00488,PROD0054,2,6356.48,44.66
ITEM002368,ORD00442,PROD0093,5,30408.34,20.32
ITEM002369,ORD00688,PROD0089,1,25898.92,46.81
ITEM002370,ORD00403,PROD0076,2,34726.69,39.01
ITEM002371,ORD00797,PROD0031,-3,39431.52,34.37
ITEM002372,ORD00967,PROD0078,2,28927.75,37.11
ITEM002373,ORD00980,PROD0042,5,21510.31,12.87
ITEM002374,ORD00010,PROD0041,2,36919.55,20.57
ITEM002375,ORD00060,PROD0095,4,44103.61,24.99
ITEM002376,ORD00348,PROD0045,3,42541.86,29.33
ITEM002377,ORD00884,PROD0004,2,26395.74,7.36
ITEM002378,ORD00186,PROD0062,2,37504.0,6.51
ITEM002379,ORD00747,PROD0027,2,8885.58,47.18
ITEM002380,ORD00151,PROD0062,1,3843.06,23.24
ITEM002381,ORD00380,PROD0084,4,6122.53,24.59
ITEM002382,ORD00434,PROD0022,1,7964.97,44.15
ITEM002383,ORD00381,PROD0015,3,27669.11,28.86
ITEM002384,ORD00239,PROD0005,3,5267.91,21.24
ITEM002385,ORD00593,PROD0002,2,40342.93,9.36
ITEM002386,ORD00921,PROD0024,4,49198.95,39.74
ITEM002387,ORD00015,PROD0013,3,19936.28,24.77
ITEM002388,ORD00080,PROD0008,4,43430.74,22.53
ITEM002389,ORD00905,PROD0098,1,40330.55,4.02
ITEM002390,ORD00947,PROD0025,4,2062.95,17.12
ITEM002391,ORD00012,PROD0005,3,10513.06,20.66
ITEM002392,ORD00470,PROD0024,3,18899.08,11.19
ITEM002393,ORD00116,PROD0057,2,39147.74,21.66
ITEM002394,ORD00248,PROD0072,1,47899.35,1.63
ITEM002395,ORD00408,PROD0097,3,7898.06,17.49
ITEM002396,ORD00747,PROD0079,5,34974.15,10.95
ITEM002397,ORD00620,PROD0029,2,7984.38,37.91
ITEM002398,ORD00185,PROD0070,1,28672.34,41.11
ITEM002399,ORD00228,PROD0045,1,38642.96,40.86
ITEM002400,ORD00061,PROD0017,4,22682.87,32.29
ITEM002401,ORD00844,PROD0022,4,27692.94,15.19
ITEM002402,ORD00211,PROD0076,4,37471.04,29.32
ITEM002403,ORD00024,PROD0058,1,27351.97,15.07
ITEM002404,ORD00003,PROD0054,4,37701.51,42.32
ITEM002405,ORD00023,PROD0022,1,33288.86,46.12
ITEM002406,ORD00579,PROD0022,5,9389.92,3.89
ITEM002407,ORD00381,PROD0100,3,11986.01,1.63
ITEM002408,ORD00266,PROD0070,5,29280.6,8.67
ITEM002409,ORD00161,PROD0045,2,8748.33,47.87
ITEM002410,ORD00251,PROD0046,1,40498.42,45.29
ITEM002411,ORD00825,PROD0043,3,3063.04,30.91
ITEM002412,ORD00747,PROD0029,3,39831.11,34.15
ITEM002413,ORD00035,PROD0029,4,40676.65,40.43
ITEM002414,ORD00292,PROD0089,2,37777.15,12.28
ITEM002415,ORD00897,PROD0021,3,19766.3,8.16
ITEM002416,ORD00437,PROD0017,1,1429.95,28.22
ITEM002417,ORD00759,PROD0069,2,41599.5,39.43
ITEM002418,ORD00771,PROD0035,1,29031.4,22.22
ITEM002419,ORD00342,PROD0097,5,45392.91,30.59
ITEM002420,ORD00630,PROD0018,1,12212.07,24.82
ITEM002421,ORD00203,PROD0010,4,29441.11,13.89
ITEM002422,ORD00068,PROD0002,4,38766.21,13.41
ITEM002423,ORD00096,PROD0073,2,17160.7,49.3
ITEM002424,ORD00101,PROD0076,2,22372.29,35.15
ITEM002425,ORD00103,PROD0062,3,20099.04,47.21
ITEM002426,ORD00876,PROD0036,4,33422.21,25.43
ITEM002427,ORD00940,PROD0052,3,44875.23,7.09
ITEM002428,ORD00027,PROD0080,4,40451.71,11.43
ITEM002429,ORD00005,PROD0074,5,37117.15,26.65
ITEM002430,ORD00276,PROD0041,2,9633.49,35.26
ITEM002431,ORD00065,PROD0046,2,17795.82,15.89
ITEM002432,ORD00278,PROD0027,2,32028.38,14.98
ITEM002433,ORD00683,PROD0007,5,24307.21,29.56
ITEM002434,ORD00654,PROD0018,3,48693.86,18.72
ITEM002435,ORD00760,PROD0033,2,4761.87,27.26
ITEM002436,ORD00726,PROD0033,3,27031.06,5.47
ITEM002437,ORD00185,PROD0095,1,27182.3,24.63
ITEM002438,ORD00442,PROD0064,4,9993.89,10.45
ITEM002439,ORD00241,PROD0097,2,49310.25,21.5
ITEM002440,ORD00098,PROD0046,5,8379.86,23.36
ITEM002441,ORD00556,PROD0086,3,13819.36,44.17
ITEM002442,ORD00342,PROD0082,5,18027.94,26.36
ITEM002443,ORD00197,PROD0095,5,38764.39,34.97
ITEM002444,ORD00728,PROD0062,2,8677.86,36.98
ITEM002445,ORD00273,PROD0051,4,29266.6,8.41
ITEM002446,ORD00313,PROD0028,3,4099.64,29.28
ITEM002447,ORD00173,PROD0072,2,43491.86,0.43
ITEM002448,ORD00109,PROD0069,2,39811.14,46.69
ITEM002449,ORD00416,PROD0022,3,27668.28,9.44
ITEM002450,ORD00779,PROD0033,2,4622.92,47.29
ITEM002451,ORD00812,PROD0021,2,4450.76,28.49
ITEM002452,ORD00180,PROD0077,1,30313.68,32.76
ITEM002453,ORD00404,PROD0022,4,20554.48,0.01
ITEM002454,ORD00941,PROD0044,1,18129.19,9.71
ITEM002455,ORD00069,PROD0062,3,1036.28,11.58
ITEM002456,ORD00077,PROD0007,1,12355.96,38.15
ITEM002457,ORD00552,PROD0080,2,14964.14,23.18
ITEM002458,ORD00089,PROD0076,2,388.87,2.34
ITEM002459,ORD00989,PROD0003,5,24344.09,1.86
ITEM002460,ORD00410,PROD0036,4,34285.86,20.9
ITEM002461,ORD00861,PROD0008,4,43528.39,19.55
ITEM002462,ORD00224,PROD0091,5,17764.03,0.74
ITEM002463,ORD00334,PROD0030,4,13641.71,4.51
ITEM002464,ORD00846,PROD0055,2,33697.5,10.28
ITEM002465,ORD00889,PROD0026,4,32181.41,39.63
ITEM002466,ORD00266,PROD0037,1,15053.55,46.93
ITEM002467,ORD00733,PROD0013,4,45006.42,14.39
ITEM002468,ORD00938,PROD0096,2,23249.71,32.92
ITEM002469,ORD00398,PROD0067,3,21069.14,45.93
ITEM002470,ORD00033,PROD0055,2,30259.82,9.0
ITEM002471,ORD00999,PROD0006,3,40461.71,23.67
ITEM002472,ORD00879,PROD0044,1,22124.88,49.9
ITEM002473,ORD00856,PROD0064,5,9520.4,14.99
ITEM002474,ORD00188,PROD0006,2,11037.71,15.38
ITEM002475,ORD00791,PROD0035,1,8494.09,13.43
ITEM002476,ORD00439,PROD0100,3,25099.06,19.44
ITEM002477,ORD00262,PROD0058,5,637.94,17.95
ITEM002478,ORD00301,PROD0099,5,11347.19,42.1
ITEM002479,ORD00141,PROD0054,5,14115.61,23.38
ITEM002480,ORD00203,PROD0067,4,13384.4,32.64
ITEM002481,ORD00981,PROD0001,5,25092.9,16.86
ITEM002482,ORD00907,PROD0041,4,13469.05,4.57
ITEM002483,ORD00744,PROD0036,2,29539.32,0.8
ITEM002484,ORD00818,PROD0005,5,23900.08,3.88
ITEM002485,ORD00689,PROD0055,1,42336.86,31.75
ITEM002486,ORD00755,PROD0013,3,25308.92,45.33
ITEM002487,ORD00269,PROD0036,2,19869.35,18.76
ITEM002488,ORD00556,PROD0097,4,48154.64,17.57
ITEM002489,ORD00426,PROD0033,4,6655.54,43.84
ITEM002490,ORD00774,PROD0030,4,40475.85,48.23
ITEM002491,ORD00069,PROD0048,3,4447.68,18.64
ITEM002492,ORD00530,PROD0096,5,46925.28,7.46
ITEM002493,ORD00487,PROD0090,2,5588.83,38.85
ITEM002494,ORD00316,PROD0043,1,32525.62,41.88
ITEM002495,ORD00395,PROD0003,3,18230.71,37.64
ITEM002496,ORD00439,PROD0005,3,11471.89,12.4
ITEM002497,ORD00274,PROD0055,5,10642.57,19.82
ITEM002498,ORD00661,PROD0057,-2,20287.12,35.04
ITEM002499,ORD00909,PROD0016,5,9233.52,9.17
ITEM002500,ORD00421,PROD0061,5,38827.47,30.72
